Timestamp,Speed_kmh,Acceleration_ms2,Slope_%,Temperature_C,Battery_State_%,Driving_Mode,Traffic_Condition,Energy_Consumption_kWh
2024-01-01 00:00:00,111.50736643582246,-2.7738156574639765,6.879445723818213,0.741770214307623,30.41514793606419,2,1,12.054316837893046
2024-01-01 00:01:00,48.61232334330797,-0.7969822458298639,-3.007212319399515,-3.495516154077721,97.3855337784473,1,1,4.48870104769729
2024-01-01 00:02:00,108.73332025589964,0.2537998537264747,0.0295845262511011,9.248274673124495,84.9126002160525,1,3,11.70137693672586
2024-01-01 00:03:00,38.57948414974584,-2.111395208237236,8.27194304566259,2.8684089901268166,28.777904099769607,1,2,7.389265564508191
2024-01-01 00:04:00,57.17243836125499,1.477882875414461,2.7768144260838143,16.75024402320902,29.740159811814276,2,1,6.761205202007953
2024-01-01 00:05:00,27.123479737919965,-2.949871774967169,1.0192223120085853,1.6298736724197376,67.55790839300951,1,1,4.31906050402437
2024-01-01 00:06:00,76.85712506110127,-1.988405709395779,8.582446483762626,1.2067481426024085,47.59113393385466,3,2,9.28572513709307
2024-01-01 00:07:00,117.47773382097706,0.4847809791208544,-3.5998321328440785,34.464054284673225,22.792468725848742,1,3,10.154375379907354
2024-01-01 00:08:00,72.41917152520544,1.2863253722237538,2.0968417435338456,36.4582615596884,63.33132062664425,1,1,8.734982030592302
2024-01-01 00:09:00,42.93769009362586,2.499858616163497,4.785611469630284,38.38972938645595,51.02760797486775,1,2,9.139607590819022
2024-01-01 00:10:00,77.73809351886341,1.2329799116077431,4.128121585225188,25.622609929326035,28.08611938973941,3,2,9.3552963469904
2024-01-01 00:11:00,14.750481415846508,1.0306756215291957,-1.035853183866628,29.69574271581412,84.15363138047861,1,3,6.935742891556282
2024-01-01 00:12:00,106.63908963184784,-0.6339531218960142,3.4496935680150465,32.61031398591831,93.20614122230448,1,2,9.893371837354756
2024-01-01 00:13:00,60.37007409358037,-2.9922934468391915,5.628426464289726,24.651492660429906,80.5275147211304,2,3,8.731184312327246
2024-01-01 00:14:00,53.92196904475705,-2.2790444475862683,3.7732811099004753,9.860939711613812,85.79378480130218,2,2,7.207605094790329
2024-01-01 00:15:00,70.30377461442231,0.2073272685362348,5.266933389659835,2.037414929508585,37.31924538128939,1,1,7.948397965703622
2024-01-01 00:16:00,74.97406353472829,1.050779315066518,-1.1588189091681436,5.677298822116754,41.08583607348808,2,3,8.19924324438179
2024-01-01 00:17:00,8.613096747181563,-0.4953102966212253,7.492734254076739,32.81863231322332,36.68220322393502,1,2,4.3719906939719575
2024-01-01 00:18:00,81.91406654680829,1.3840740691703417,1.7453430547745477,26.324375722907856,81.20507450924512,1,1,8.607421884772135
2024-01-01 00:19:00,29.031801637863552,0.1311737719930725,9.80835766156853,15.51080935867682,95.83336631475976,3,2,7.185772096022532
2024-01-01 00:20:00,85.67431590079077,-2.554942826434127,-4.650720189995937,-3.676771526879628,77.34697653871221,1,1,8.010846035355843
2024-01-01 00:21:00,98.7041753261036,-1.847902494192307,0.7047305687146501,6.97919666952474,90.51734119036448,2,3,10.104175318328322
2024-01-01 00:22:00,96.47502090630245,2.039989339463657,-2.292874215423337,27.80038719065937,71.0959275906538,2,1,9.575673650868708
2024-01-01 00:23:00,66.3001160889467,1.3494764797466372,3.3341429049108005,18.057425579276032,51.01279204470393,2,2,7.300779003444786
2024-01-01 00:24:00,62.420387077290144,2.3685719220749704,-1.3519235843958093,14.598962251710253,54.06092919442442,2,1,8.552035881601197
2024-01-01 00:25:00,17.145115360729406,-2.2946565052743804,6.062169198512226,9.11557303509585,26.025714573392385,1,1,6.100899914978993
2024-01-01 00:26:00,93.04153804837628,2.941335207690443,8.227987935062782,22.31193237596608,22.516575619682087,3,3,12.824051271009102
2024-01-01 00:27:00,32.569125653605724,-1.7435597163003984,-1.8367346962683369,38.48734234172601,75.6380483351262,3,1,6.626022635287848
2024-01-01 00:28:00,59.60345073815358,-2.929320742280148,-2.589835725473024,35.550563948387776,55.07431136089445,1,1,8.658945042212396
2024-01-01 00:29:00,34.11289115130201,2.984537634321325,8.130357785927178,-3.627592786207309,64.17720544437036,2,2,6.282458616675993
2024-01-01 00:30:00,16.059403559963176,-1.3135566873293212,0.4190787263275846,16.64292201625506,64.6128998097933,3,2,6.920138536434345
2024-01-01 00:31:00,75.54692362700838,1.0081167150753592,1.5187545243854492,9.826118412112644,42.19006506666411,3,3,8.303310681306469
2024-01-01 00:32:00,6.51984417874846,-1.9399061149421688,-1.6854574633469657,17.977209805291043,58.071400866359255,1,3,7.284021894666983
2024-01-01 00:33:00,89.83742809514399,0.4813711931948505,1.3797230207672069,22.279616044227165,57.66081773341618,2,3,12.052701702422915
2024-01-01 00:34:00,38.110415431334,2.424209918727356,-1.530498903830046,4.001263059889606,51.07417769822856,3,2,10.3035318977161
2024-01-01 00:35:00,0.0161631605382384,-1.0789129954293684,4.988911609512714,30.17056312967153,85.65403067208564,1,1,4.858111653316629
2024-01-01 00:36:00,61.33549670846757,1.021523856266155,2.4831461872013074,16.378062253868485,56.09312029500767,3,3,7.853329085537799
2024-01-01 00:37:00,5.622229023312375,-1.872578467209501,6.820906689443634,39.640272470421074,68.29156196047903,3,2,6.121219414470381
2024-01-01 00:38:00,33.14034693850794,0.7487723923123513,-0.3090782589905831,-3.8692676415397456,91.64160963046608,2,2,6.696408185891189
2024-01-01 00:39:00,84.83717849468594,-0.9812978890949392,2.5839252318855657,3.537362928390632,89.2986898287138,2,3,9.915802095342835
2024-01-01 00:40:00,7.522754594623904,-1.73275044847229,-1.1071501553429837,26.033341025217915,91.2337763023332,3,2,3.539492587917388
2024-01-01 00:41:00,100.72061908272028,-1.1209076957781892,9.017108953699472,26.283088593650145,41.60039971720112,2,1,12.143701309239464
2024-01-01 00:42:00,0.4583907190299729,-1.926953588953204,2.8290350168665466,21.198470098762524,22.798599064645025,3,2,5.29110158899237
2024-01-01 00:43:00,29.618864304228268,2.411496647027297,-2.3980625552308537,38.73820129107829,40.885343991626335,3,2,5.44349069267198
2024-01-01 00:44:00,88.90848673824857,-0.616878682097227,-0.9085151118495648,13.689175392397004,42.29658764965669,3,1,9.15108250690218
2024-01-01 00:45:00,37.952417967516816,-1.528324170153796,-3.756470538139098,13.766656543038373,92.74882613799744,1,3,4.79120256207853
2024-01-01 00:46:00,12.227086567921624,-0.3095529539044026,-4.582760066033999,35.9714363450878,71.93941862703765,2,2,6.568445609840438
2024-01-01 00:47:00,43.22807025605135,-1.0767829991610267,2.8888273910600644,19.22988018985648,26.536316768178303,2,1,9.796015556673057
2024-01-01 00:48:00,32.447194366143066,1.4665155228799556,0.0568438378840792,10.91774477135202,30.83028768088809,3,3,7.08677796135582
2024-01-01 00:49:00,101.12542825926658,2.8273194713129666,9.456601828904596,27.35220936252366,32.45409004335804,2,1,11.147602658991469
2024-01-01 00:50:00,37.601750110217175,-0.371798059814119,-2.430029054577737,22.88517781843873,70.43373985351386,3,2,7.0573102695058045
2024-01-01 00:51:00,94.67189661312086,2.1662003998334427,6.908689791054179,8.788452262896618,78.83312204056026,2,1,10.611606077316974
2024-01-01 00:52:00,107.02465737728816,0.395178441357717,-0.2604283671064591,8.406795913654705,88.77151284523168,2,3,10.3610296581218
2024-01-01 00:53:00,52.05809034918354,-2.056586009434599,-1.646939209119422,12.802575888726466,95.25092406449944,3,3,5.350501383629159
2024-01-01 00:54:00,109.19317726252704,1.1437364524880491,9.544552285019613,-1.7770970452912866,36.13636459091534,2,3,11.752313421133302
2024-01-01 00:55:00,45.27816647558314,0.0806069827549205,7.038648981186485,37.41776061194376,44.781798777923925,3,1,5.71021105799679
2024-01-01 00:56:00,115.68940997881298,0.9036391395126206,4.459313371679974,3.235901808849928,39.22583045958645,1,1,10.277919275362706
2024-01-01 00:57:00,10.714742943068751,2.338124475429989,5.456815558356281,3.722093604747423,48.700925397291016,3,3,7.902831524163862
2024-01-01 00:58:00,82.44231198038914,-0.3573925760637237,9.870722122758847,24.11672822576849,93.17320859389996,2,3,11.2391577354925
2024-01-01 00:59:00,59.25768485483144,2.4070657393041337,3.8981111323733018,27.591117128491504,66.00900535514893,1,3,10.582493902087425
2024-01-01 01:00:00,46.51785665467765,1.5040140856899296,-3.471493237895599,28.15759568199426,79.05535178595993,1,2,5.529531285660885
2024-01-01 01:01:00,75.9254254498321,-0.0683704447320914,-4.027008099479279,11.878376057690396,59.20953889014256,3,2,9.57216534924072
2024-01-01 01:02:00,84.46285099611974,0.6193328139477821,4.999101662108101,34.29980288094665,22.30863306688996,1,2,9.312349900827677
2024-01-01 01:03:00,0.5235923580370905,-1.0465132048859314,4.864017158877223,19.479957778662,25.135638879825144,3,3,7.852141863983689
2024-01-01 01:04:00,20.034370649663845,2.901583798432645,6.22260689467133,14.736439847314998,63.03384250143086,2,2,9.21536295233619
2024-01-01 01:05:00,85.56552607611825,1.0041069783023762,-3.368319046510794,31.467390738955032,77.50312278560205,3,3,10.001288508659036
2024-01-01 01:06:00,79.96624962938478,-2.736918885020221,9.173534121327576,5.960256215072697,37.22644220229852,1,1,10.881985476697956
2024-01-01 01:07:00,115.92570061544126,-1.0402685655119477,3.267376208659672,33.70834495459836,77.75276591938433,3,3,10.481489170802814
2024-01-01 01:08:00,91.32453483009397,0.7398866025543449,4.743332815318231,19.247322755421735,84.853261878681,3,3,7.826709195419165
2024-01-01 01:09:00,114.09272492776056,-2.662000333204561,-4.477214249328046,35.50261709529114,52.9517982689689,2,2,10.228197428837143
2024-01-01 01:10:00,84.30486018417683,-2.8566948520851434,9.414613217733608,4.072563897509163,79.7135386275284,3,1,8.469874214667954
2024-01-01 01:11:00,35.76626503673318,-0.2998545628331843,3.438877731159229,37.12283842010916,52.32239602627679,2,1,8.700090997727651
2024-01-01 01:12:00,12.643790670102778,-1.00385892184398,3.450446694919428,25.95445338875756,74.2680503564016,1,1,7.307512092661228
2024-01-01 01:13:00,93.81886360139228,-0.3702083518010046,9.153329743455696,22.82478370610735,81.11976394556345,1,2,9.224461766556294
2024-01-01 01:14:00,77.29790657710991,-1.423840140719969,8.94025267275501,13.993038376735331,99.35412946464886,3,2,10.340969057953414
2024-01-01 01:15:00,5.782321487195548,-2.0116935183421143,-1.6955211227413751,38.03417499845759,47.631732965087686,3,2,4.876572322363352
2024-01-01 01:16:00,43.2060559081174,1.134860141882026,8.96648232858894,14.976383274018076,52.88326244596892,1,2,8.588989029051652
2024-01-01 01:17:00,114.81597785811434,0.0874266976068032,6.049319340700922,17.434432860140912,33.24960475281371,1,2,11.59698840313413
2024-01-01 01:18:00,60.04813748522415,-1.799074732503799,-4.716489090028738,30.167414886339067,36.32584467214456,1,3,6.746085863635573
2024-01-01 01:19:00,51.92749632236456,-1.08246344244001,-1.402352768924925,7.817909332571775,75.47160020787021,3,1,9.137619991515892
2024-01-01 01:20:00,54.92395261911528,0.5508474459799553,1.194702182071695,8.117289076620631,93.36364721235807,1,2,5.527272490283655
2024-01-01 01:21:00,25.06592688061965,-2.566623910365133,3.7423368325863215,29.8883959429549,51.568396132899245,3,1,6.538169616043007
2024-01-01 01:22:00,44.24486050377543,-2.1152819444029225,5.519945957330334,0.786090513554857,34.3875557468433,1,2,9.010626144115571
2024-01-01 01:23:00,44.37759071846119,-2.5605263753556597,-1.8468440906465096,32.03340341318605,42.80795995063953,1,3,8.166680200494277
2024-01-01 01:24:00,6.282602422496688,1.8739039962847135,7.5505077141053345,23.13287537394317,56.40413638465109,3,1,7.278272326072086
2024-01-01 01:25:00,92.1081154221502,1.5144553992720553,7.6857298583373215,19.2587694881472,43.25202634922947,2,2,12.540242699184638
2024-01-01 01:26:00,49.98053182846548,1.5198775912755424,4.52498228890866,5.309922198094668,38.6863266497493,3,3,6.835302057425587
2024-01-01 01:27:00,98.6615864179708,1.2979520608561683,8.816408657735476,30.3865676204984,78.87875910056636,2,3,9.172039765324431
2024-01-01 01:28:00,102.04176013438745,1.0163125420192154,7.194736403457819,31.222889027893714,20.627593699249857,3,1,11.443272488438588
2024-01-01 01:29:00,25.43928656383897,-0.1380485077309501,-1.6756451105968866,16.7323840544433,63.13844218691865,2,2,4.361634537022763
2024-01-01 01:30:00,78.88241786041543,0.8536689810426896,6.980152994655407,12.512603868574397,83.50134456238031,2,3,8.962841117450026
2024-01-01 01:31:00,56.6738164995578,-2.7698306712721523,9.298031181296576,6.077282688577292,41.29826290539746,2,3,7.965740664902294
2024-01-01 01:32:00,105.6188085505782,0.7287865359407073,-2.935903294723536,28.940530769012877,68.26332084896138,3,3,12.152200579345404
2024-01-01 01:33:00,25.88888150117449,1.667266233221263,9.680468271865436,23.77533654070178,73.51200844948943,3,1,5.57949487858374
2024-01-01 01:34:00,81.3375840372053,0.0021501623063411,-4.625108048448646,4.298396321508598,72.4019757124072,3,1,7.275334291424041
2024-01-01 01:35:00,72.9302546703267,-0.8549200294365784,2.8325086716065844,30.75106358582053,55.66797073589741,2,2,9.403842025548585
2024-01-01 01:36:00,35.43617730861993,-1.3354395911941253,6.608397084677263,34.69923910113068,47.72623903006234,2,2,7.33068866312424
2024-01-01 01:37:00,16.392108438140713,0.8568123009724946,6.856571538193816,-2.3338731763289355,86.87392584222508,3,1,6.700808608047893
2024-01-01 01:38:00,78.19677125727318,1.1568071917794525,6.0200885371940185,29.758928711081857,80.67567655998914,3,1,10.12735924325885
2024-01-01 01:39:00,88.63169497587968,2.2258055991752554,2.9402705912974287,33.37608700424436,45.700413873113,1,1,9.534668266010726
2024-01-01 01:40:00,37.875281251602,-0.9459955052340554,4.764464831055932,39.61785547635461,28.241535555376487,1,3,9.861724140467423
2024-01-01 01:41:00,77.37991248267765,1.618633844313513,5.498982784796706,5.692067452181512,25.74460363563753,1,1,9.215746595240724
2024-01-01 01:42:00,47.41570891338039,0.3681349451360276,2.418088363208434,11.695144234641376,27.54207823191489,1,2,9.498527405621118
2024-01-01 01:43:00,85.58482599391412,2.2970189440684745,3.935274627019563,38.47859914903956,66.62954889536343,1,3,8.806784782303952
2024-01-01 01:44:00,23.905832987286374,0.1668726497737243,7.695520801863598,-0.7693002367887001,24.13297406631917,3,1,6.186641601325042
2024-01-01 01:45:00,106.82580031634092,0.1057789703878033,-0.3068146828125915,18.566852976163936,46.95414999712307,2,2,10.983193211324163
2024-01-01 01:46:00,34.48915157586957,0.4672624886454546,2.8480949045294848,17.803506092704946,80.25597615313835,2,1,6.779415624184543
2024-01-01 01:47:00,44.13431853073835,1.4958921308546067,-4.872804184617382,22.294648249652365,43.54785332123025,3,2,7.486788288480325
2024-01-01 01:48:00,6.971034249641974,2.7881428729707656,5.311545996651898,9.885667668083054,81.06464617441038,3,3,7.831202867369545
2024-01-01 01:49:00,13.381465478553167,-2.558619874705406,-2.0692180307773738,36.66631399023061,79.63736305656442,3,3,4.923830478361478
2024-01-01 01:50:00,61.903428325479375,-2.6793923856538973,2.215018805706533,7.152756743158276,39.6661706106573,1,2,7.455535748110105
2024-01-01 01:51:00,32.111121207356575,2.6253020244440317,-1.8469217557931108,24.236298291298105,78.30577440741963,1,2,7.166679953649326
2024-01-01 01:52:00,100.25762708906332,0.1792537531092364,-4.646994281322615,17.316716023972127,79.82213106176806,1,3,9.205916589994564
2024-01-01 01:53:00,1.7632066385944611,0.6894180874016165,2.248308275470249,7.000305361603596,51.79631405336215,3,3,5.270274337962246
2024-01-01 01:54:00,45.49128584063234,-0.105458390431627,1.3725040991606052,3.4984208075092145,36.833638699321455,3,2,7.271307377516146
2024-01-01 01:55:00,40.48146561229112,-2.438055284355153,1.3772427028657104,38.04529559159465,61.70166455134953,2,2,5.714819210284138
2024-01-01 01:56:00,2.319315710112124,1.6085362705119994,-1.867907601066945,20.258115771810367,93.71180704001571,3,1,4.183540340011448
2024-01-01 01:57:00,14.924207880061228,1.4833478705315208,9.20806884622269,22.18859105009988,71.16933859456495,1,1,4.835628033021546
2024-01-01 01:58:00,49.63712099023624,-1.129780071043128,-4.947392722839583,30.230295656889027,33.83379981018089,2,3,9.036670640041846
2024-01-01 01:59:00,59.1437501336936,-1.1625645286295976,8.37318174996008,-1.3448003630097571,74.62055397868158,3,3,7.141403328420637
2024-01-01 02:00:00,48.51476967058429,2.0270482854331107,6.053528847092231,27.11939205085504,54.176242182546765,2,1,7.405308634690475
2024-01-01 02:01:00,63.712521409451256,-2.5658564535520405,-2.418919497000928,2.431306190754417,67.32230378842985,2,1,8.595155809786915
2024-01-01 02:02:00,71.41580098868178,2.286630890139395,2.082879794553317,28.32164882844052,78.72512280184864,3,3,9.75777735180898
2024-01-01 02:03:00,1.1908585353402756,-1.4600298606245137,9.832751222624088,1.3597902232319772,61.19578812115559,1,3,7.638887898387635
2024-01-01 02:04:00,55.691419134420464,0.5579084865329635,4.65547355476461,32.46221649431183,85.11871796586469,1,2,6.442761086705637
2024-01-01 02:05:00,115.6199089065106,2.615965074010666,-3.089349142719988,25.64573173271556,77.77244634533022,2,2,10.07577363842658
2024-01-01 02:06:00,62.28387361554584,1.0687350092198784,1.8646335828464784,12.365062998358916,69.20586720148086,3,3,9.143355883464912
2024-01-01 02:07:00,81.30507209507438,-0.5134211251977803,2.0230464485921846,11.147549975616254,32.06342526658812,3,1,11.686647737979309
2024-01-01 02:08:00,37.42366295002599,1.1372052534324908,7.033949993246626,1.7026178600163808,86.87592887292547,1,2,6.632574695783738
2024-01-01 02:09:00,92.8789653783315,-0.9361221821017792,8.74244399239233,35.68240100947524,94.87244682558529,3,3,10.426676347346888
2024-01-01 02:10:00,92.75057782513382,-1.3364495019048832,-3.7663768506689816,0.3338172781965589,30.957209904743586,3,1,10.808783148378184
2024-01-01 02:11:00,62.55552571849668,2.980099667608078,-0.2894406957075155,16.243482483810652,59.059290354674445,2,1,7.076115833395748
2024-01-01 02:12:00,117.12165879350565,1.5047413870787263,-0.5234280967232756,5.6433304655411565,40.71109935764036,3,3,11.838094903703055
2024-01-01 02:13:00,15.066025771518404,0.868319864290906,9.940721873785275,39.83473786085617,80.36186459404517,3,2,6.338744098541764
2024-01-01 02:14:00,2.033719786749719,-0.8682621406840871,3.388406750370996,21.36298231834142,77.730370880376,3,2,6.586265817879003
2024-01-01 02:15:00,92.41898541085152,-2.7050350250697117,8.197472441799768,1.731302652595577,31.270809645631896,1,3,12.352486100238522
2024-01-01 02:16:00,96.8586644837859,-2.813658743789066,1.3904927416723585,25.04037989298132,90.16218170093096,1,1,9.477561677695215
2024-01-01 02:17:00,14.424867494469147,0.3250875326927929,5.840847256134046,39.62240577501481,34.47784511824018,2,2,4.901110745241429
2024-01-01 02:18:00,31.869939955032727,1.5721963262343062,-0.7012153654378093,22.226947627691832,83.7807220518486,1,3,7.71013046138003
2024-01-01 02:19:00,2.106283603995469,0.2242751426631306,8.676790352338502,15.582059255028753,56.55842877024039,1,2,5.592754624468757
2024-01-01 02:20:00,35.197033293667765,2.044710431634688,1.8271936147980063,8.197155472839459,46.2617834846521,1,3,6.802658674037637
2024-01-01 02:21:00,92.77702487024058,-2.79944080144067,7.055882459741309,-0.8544463327054421,32.65914101393708,1,2,10.373454270592095
2024-01-01 02:22:00,62.15526332550947,-0.7994875414443596,-1.1627467498615278,5.271083454544941,33.409140491730355,2,2,8.906734670042189
2024-01-01 02:23:00,41.77147118019457,-1.5775776529549317,5.4040651288281865,19.91293508041932,72.95124437607203,3,2,6.178697823662304
2024-01-01 02:24:00,44.608715388759634,-0.3163621910572676,1.0773760660005376,28.9203564392312,64.03443103576964,3,3,9.141127808751524
2024-01-01 02:25:00,0.1624350858561785,-2.565741640835265,-4.528408655381794,34.50689006033424,29.76683373209862,3,3,7.101588940871968
2024-01-01 02:26:00,35.976063307828305,2.7247898494264358,1.1951238063859524,30.71705126677017,29.015828835066017,2,1,7.880891842421817
2024-01-01 02:27:00,77.57504899655166,-1.6604675935838344,3.250324626331306,0.6459340617587959,25.78484598182332,1,2,10.40558620976831
2024-01-01 02:28:00,116.90333325796286,2.5338466529015085,-2.7235757913023715,29.805694825587103,79.50138778988352,2,2,8.935140833398558
2024-01-01 02:29:00,101.64729923806794,-0.4446410697799092,-2.241303422110774,21.172204576561253,76.95056681834313,2,3,8.420400820373663
2024-01-01 02:30:00,2.831395757463495,2.913144799531308,1.9729419748473536,16.109840087717068,24.674479268366014,2,2,7.118296014388678
2024-01-01 02:31:00,107.82727256098072,0.3243503007612647,0.1409456865010998,20.77438533124363,64.82160604775784,3,3,8.404259611597759
2024-01-01 02:32:00,93.98380959583513,2.5849971850548448,1.61110807005044,-4.636610205238062,26.77409241941519,1,1,13.38944279082672
2024-01-01 02:33:00,93.64513482851766,-2.967906067834663,1.9124048398408424,-1.9521390663037932,92.29966164871531,3,2,10.244211918728016
2024-01-01 02:34:00,54.95949108042858,1.4894328370854009,-2.898859344458666,18.663217558284156,92.5693935344106,2,3,7.002024986664859
2024-01-01 02:35:00,47.76063515454034,2.4183039186150923,-2.282081370948279,2.812866226670092,75.85863918505041,2,3,7.41294867616505
2024-01-01 02:36:00,36.34988745998312,-2.161676598126276,7.722480902192414,19.549342846004496,94.095113715156,3,2,6.068385505291041
2024-01-01 02:37:00,7.883383074523893,-2.423244889607091,-2.5592196603427397,10.939610734366685,84.91624243309525,3,1,4.321714027221558
2024-01-01 02:38:00,27.38824361924389,-0.4525643568842667,4.988714995123914,35.833540930363874,86.28308607416395,3,3,5.718007942325242
2024-01-01 02:39:00,29.592436197362957,2.6020734367976104,1.277920701516882,37.735754228700415,65.57662804559466,1,2,5.649020888901555
2024-01-01 02:40:00,58.08924836522419,0.2543193611426324,9.523550289544612,39.09028508808338,44.48473585729407,3,1,7.246204952002877
2024-01-01 02:41:00,89.69332879160328,0.1647387823303931,-4.008434571676437,35.45220981472684,37.42392920931373,1,3,10.665410555629542
2024-01-01 02:42:00,56.85717940775359,-2.153243290204069,7.455832990461428,39.36508830365498,46.176001763114336,1,1,9.406508796283129
2024-01-01 02:43:00,6.941333933659273,-2.9952629334406877,2.3717384665393224,26.77662065827128,70.27963440712497,3,3,5.003859572411352
2024-01-01 02:44:00,114.93477611858448,1.860840544472767,-4.919714437037171,38.22440259554732,33.81252286659191,2,2,12.076855144544249
2024-01-01 02:45:00,113.12691829129346,-2.4745526220825704,-1.0450967159066944,23.88066094555722,40.69121893098573,2,2,11.6750984564875
2024-01-01 02:46:00,94.222745177809,0.8030989124119436,1.1154527882390417,31.414639309857407,57.44486902363715,1,2,7.601020711365071
2024-01-01 02:47:00,118.95934818770648,2.487698727091149,-0.2870786982661233,0.9359496725669628,38.644007881969245,1,1,10.810343746474828
2024-01-01 02:48:00,65.33787993603156,-1.748088521049414,0.4367419602089999,25.71698144211511,67.09149357728492,1,1,10.310317721865056
2024-01-01 02:49:00,115.53220203038472,0.991637017421465,8.750078637057698,36.89964892008668,93.8540822765064,2,2,7.56323597732226
2024-01-01 02:50:00,9.072604874010093,-2.5278085397549432,0.4140104858849156,19.30217086897432,79.84714925625012,1,3,7.378986621979529
2024-01-01 02:51:00,43.88168979136456,0.6225308630256778,1.2824406910409918,3.4068871088639163,73.31412913191303,1,1,8.177638453823276
2024-01-01 02:52:00,27.0457521608119,-2.0164096742807835,6.416973303671693,18.709985232625066,66.6177180787023,2,1,7.393114169248202
2024-01-01 02:53:00,23.499970096112403,1.415721363091068,6.907503486225627,26.812344732676973,59.03583274056519,3,3,5.45471951952768
2024-01-01 02:54:00,16.896353867121128,-1.1926122312365508,-3.738655223199581,29.640482459382905,34.92510877077278,2,3,7.158108063537352
2024-01-01 02:55:00,74.6896369879196,-0.2196539471721226,5.561050518505063,18.56659044693928,91.57683643414924,3,2,6.542540140474495
2024-01-01 02:56:00,93.7586226896766,0.5965832521657299,2.238579305151636,4.781561089839254,39.8828801610269,3,1,9.689173091058924
2024-01-01 02:57:00,69.39580793044328,-1.9723595360025623,-2.9921916014351693,36.70099548604363,27.30471020625286,1,3,11.374770076034045
2024-01-01 02:58:00,17.63552515058516,1.449826911705726,-1.0293415407967357,29.812783740401077,80.00121433829563,1,3,6.489437938928182
2024-01-01 02:59:00,97.33485239201651,-1.184157956179113,-4.32446754040222,7.180978027792181,34.04924274649331,3,2,12.368708146146908
2024-01-01 03:00:00,76.31456485964742,0.974231159476521,0.4035578321775279,31.531581282836846,49.75167996329408,1,2,7.792634273744754
2024-01-01 03:01:00,46.57988473523946,-2.050301695803758,-1.1689033949896377,10.65381922831266,22.26279426327838,3,1,8.201626808664003
2024-01-01 03:02:00,80.89563546432755,1.128705955238102,0.7315509607002646,9.059410510077134,30.965435403235844,1,3,8.60910805061433
2024-01-01 03:03:00,31.188597509139942,-2.23087156313723,3.7051082129613526,33.83844823062149,33.85629046079296,2,2,6.697371404209059
2024-01-01 03:04:00,41.42306501930526,-0.4478610223800983,5.9850932805492985,34.29558430677046,24.352810220014234,3,1,9.60138930743646
2024-01-01 03:05:00,110.09830117583884,-1.516763557566739,4.0802797983929455,12.931663126854062,72.53255652982762,3,2,12.653064241971526
2024-01-01 03:06:00,34.860540680570445,1.4902514965690958,5.175659533899186,-4.598473771329597,86.96062366424938,1,1,6.172639758979829
2024-01-01 03:07:00,56.39859217895239,-1.4277899729587529,7.9845868092819,3.3954529629996344,49.86523250927527,2,3,10.487010493004307
2024-01-01 03:08:00,106.81693648752176,2.290303838372377,8.107366651922664,35.91833477010514,89.96611813745605,1,2,10.55849140936168
2024-01-01 03:09:00,84.92656203210329,2.350921268439677,7.9107902253876095,35.4437201674776,37.06772596481012,2,1,9.946489189665854
2024-01-01 03:10:00,7.46438713976433,-1.821352108663285,-2.702466267807101,15.400513664205144,46.03123388489916,1,1,7.089250612363736
2024-01-01 03:11:00,17.676365313476442,0.6830756700463456,-1.2339629960953196,8.685251827414536,32.058959442493475,3,3,6.3033475041787135
2024-01-01 03:12:00,0.940990892630018,-2.473694149680214,2.5348795739135817,8.623673144732724,69.64473563351989,2,2,6.067301116125329
2024-01-01 03:13:00,75.71061482749961,-0.6507774023902249,0.3810894102404045,35.373766118284216,53.58956726962455,2,1,10.125589100553048
2024-01-01 03:14:00,53.7208110492502,1.2799303770076331,-3.024965475800552,9.612998993898245,69.0626677473519,1,1,7.9772752964713085
2024-01-01 03:15:00,16.112982108273066,0.9565394810994974,-0.6837464809152287,18.02111168830493,80.93399243153469,2,1,6.517722893155605
2024-01-01 03:16:00,114.95209452681246,0.7482040164396477,9.631431424984584,27.8954972766804,63.65624128263588,1,1,8.571435267387125
2024-01-01 03:17:00,63.55916687347439,-1.3047548180253383,0.2039013324480425,4.426646872423847,70.21042839214303,2,2,9.167873235557057
2024-01-01 03:18:00,29.0271952935467,-0.7318503033935881,1.2837110244394214,6.422758671365214,94.82002515154664,1,2,5.985324175772955
2024-01-01 03:19:00,60.07242853856491,-2.382323131798283,-4.903978672140545,11.112785189280707,43.92514476870745,1,1,9.581487464556352
2024-01-01 03:20:00,81.55443992821293,1.3141369226016062,5.791223196852981,24.44005252063255,48.733115090716254,1,2,9.162567542805569
2024-01-01 03:21:00,9.148706156827735,0.0233327807476411,1.2032509831806966,31.787079301584757,77.41626893674695,3,2,5.784014522421798
2024-01-01 03:22:00,32.96445780574704,1.2525937940739276,-3.4528990565725834,19.601759349894976,68.90444136443094,2,3,7.5050227818661535
2024-01-01 03:23:00,96.83585890607924,-1.5063388512187634,9.52835107457008,0.9817931492330656,34.282632363177186,3,3,12.594407898532166
2024-01-01 03:24:00,55.15978444831935,-1.0533706281896027,6.661498188776301,15.081048538137448,50.091784800839214,3,1,7.651400666883276
2024-01-01 03:25:00,65.58925704387539,-0.994707976439312,5.892251341490903,0.74608249554373,57.4270410499772,3,3,11.613581789617932
2024-01-01 03:26:00,51.93792026513631,-2.845545541516703,9.368085022625042,-1.0266273649987108,53.55118703747115,3,2,9.413401344038231
2024-01-01 03:27:00,5.267993117160614,-0.9537127630162584,1.112201267757067,21.53275464331515,34.261984665763265,2,1,4.6193859002994
2024-01-01 03:28:00,19.88997357841871,1.8198274411082007,5.778003104386727,38.02954503090653,93.95440734274098,2,3,5.8696881905483655
2024-01-01 03:29:00,53.46499664902691,2.383790974498432,-1.906881539218234,32.69253250003268,80.98550093551808,3,1,7.017272710229336
2024-01-01 03:30:00,25.102255848951337,0.1093098938155647,5.4568082117818015,29.851206814412187,58.50846656862818,2,1,6.915063771620711
2024-01-01 03:31:00,5.997483439161448,-0.2669898286846788,-4.788813617185958,27.717518463940017,74.40488226454693,2,3,5.146897145026316
2024-01-01 03:32:00,101.23795968621884,-2.8150522878037787,-3.105419293390788,35.37075357110639,91.78261377084176,1,2,9.122349150026398
2024-01-01 03:33:00,117.7431034996939,2.275226025512296,1.3788837790427273,28.877578786425,30.893931388925697,2,2,10.741487129034375
2024-01-01 03:34:00,95.17714487960872,-2.921938719444764,-4.818609577909878,23.209480538534716,40.02984405655822,3,3,11.23673505160413
2024-01-01 03:35:00,102.45419060456004,2.6685004812612707,1.929487831756289,11.410603612317416,63.4160997805316,2,3,12.701097224346716
2024-01-01 03:36:00,29.037255638045444,-0.064702507871456,2.841876235975059,-0.4575249563093262,83.92082970818869,3,3,5.058622287283958
2024-01-01 03:37:00,115.27523706158397,-0.9483930385516404,4.324098963806231,15.746501372980468,22.90039163532219,2,3,11.475563382974338
2024-01-01 03:38:00,23.631084534411407,2.54531060905596,-3.4941998450957543,36.61529062654153,98.72145201570883,3,1,8.502312396920896
2024-01-01 03:39:00,114.17157724341988,-2.85365404133942,-2.284821303091815,21.239511941881865,56.39252823059177,2,2,9.7791481406395
2024-01-01 03:40:00,119.37831527591412,0.4885493692145228,4.199250560757927,3.302688095281012,48.73849124973784,2,2,10.787762346506682
2024-01-01 03:41:00,85.40673668952584,0.2935951469960258,4.872815686939589,24.206048881637976,43.41795502718175,2,3,10.081345049184192
2024-01-01 03:42:00,117.73724781501863,-1.6840775927317075,-4.611496576845856,15.945800533622702,33.94853661206973,3,2,9.519905023017587
2024-01-01 03:43:00,68.34477354805244,-0.4266754118987368,3.1055104317255733,36.91210398623349,83.32591271440222,1,2,6.768290313531678
2024-01-01 03:44:00,31.14501398113084,0.9135840356626216,6.774725979982488,2.2422959527901165,96.43313317968772,3,2,6.731536215927841
2024-01-01 03:45:00,52.43950627987451,1.3627871812915648,-3.963486833219089,27.040528682804315,53.09158038763186,2,3,7.790485977817996
2024-01-01 03:46:00,71.22731224545431,-2.9956988477605213,1.197592978697796,25.672110916306075,96.1936555802765,3,3,8.540770640989045
2024-01-01 03:47:00,8.7697874432418,2.6211205805460915,-0.1023309045484719,39.25937103346771,85.90380923480274,2,2,5.571952206597819
2024-01-01 03:48:00,74.68119175406953,-2.0128477656431256,8.70498438028025,20.42104569782974,58.48409019810546,2,3,7.586804366321019
2024-01-01 03:49:00,117.74134041147536,-1.5985173946658449,-2.2129641019031703,34.2208316170138,73.92209433009062,1,2,11.944422948391294
2024-01-01 03:50:00,22.81291797404732,-1.4191593258369106,-0.224593802832798,-3.887872811085619,54.79873433363704,2,3,5.627068656230467
2024-01-01 03:51:00,95.111413954606,-2.7730791806877884,8.476671174869544,0.5301385700859678,64.69787265700418,2,2,10.718235737358716
2024-01-01 03:52:00,108.94785525355432,-2.2616872584580507,-0.0402004091004082,10.567235778093874,24.643706961480305,2,3,11.06130269995153
2024-01-01 03:53:00,113.2441911384265,2.918099537664972,2.970211608783916,22.8697328720757,75.70107802404266,1,2,9.499919712339867
2024-01-01 03:54:00,115.21627252865366,-1.1086995757362836,-4.50446994153681,15.208570523533387,24.225971558730937,3,3,10.107419892506256
2024-01-01 03:55:00,62.57515664657663,-2.308193457965704,9.773536542625544,4.121331130596499,85.36679575357196,1,3,10.368813498596792
2024-01-01 03:56:00,117.27694895898044,-2.35805243295226,7.374200618067842,21.51416829511455,85.9957543568446,3,2,10.344287566658547
2024-01-01 03:57:00,90.87722485613268,1.3167598060198316,4.516014171200144,20.50145767036133,38.96618300449717,2,1,12.651649867756367
2024-01-01 03:58:00,19.40057234843543,2.127411984195845,-4.088670903650296,18.60013653343819,45.89302248286402,3,2,8.114822725461316
2024-01-01 03:59:00,57.2280127761564,-1.4582862029491808,-3.8769505794082897,-0.924974955018584,58.50483028466346,3,2,6.025249985540711
2024-01-01 04:00:00,86.19974104464048,-2.87454292598859,3.174604461860346,36.71614717403039,67.73303255459851,3,1,11.461720130275756
2024-01-01 04:01:00,29.68083789829,-1.6614598893278651,-0.7240334569484865,21.65148866656464,42.98829293935974,3,3,5.88663513950964
2024-01-01 04:02:00,76.87382202586649,-2.660905855219456,4.3418417125476,6.879628623939576,67.398912370554,2,1,9.22304621072456
2024-01-01 04:03:00,79.9920574855943,-2.379630380219751,3.972887227716587,25.93381856775343,43.82296585834391,1,2,8.888020381358713
2024-01-01 04:04:00,19.523969257027908,-0.410951280914146,7.579770974189467,9.30585958909993,24.43925768568485,3,1,5.7142429226415326
2024-01-01 04:05:00,67.81023749433075,-1.6204897748302045,-0.7793440893103645,17.763521204849162,20.20220398655272,2,3,7.16387035269474
2024-01-01 04:06:00,92.59522931743292,0.0956752711525403,3.667952867364889,10.350929697654234,28.09208463347429,2,2,9.600153383268976
2024-01-01 04:07:00,59.86747974431303,-1.4790374804568578,6.660449782581415,34.61773119419618,83.38005601312146,2,2,9.580912336452784
2024-01-01 04:08:00,1.452374013132891,2.6432238066176854,2.361594794834893,39.72912630407186,96.91450499066696,2,3,3.4628069741214675
2024-01-01 04:09:00,1.0846162895150613,2.435663807557587,7.459654974084167,2.253192939755441,54.15729594249754,3,3,6.6230712786817145
2024-01-01 04:10:00,42.84352127640146,0.4008366300627961,-3.0308569763934057,-3.938947224953141,61.01471627599543,1,2,7.101677753388138
2024-01-01 04:11:00,111.14328821181384,-0.873456048075683,6.008466477207151,4.869512814191911,31.74785352587409,2,3,11.785669830042233
2024-01-01 04:12:00,27.44121355243305,-0.7131187077915868,9.144731372814675,21.547839239392605,64.08250821441257,1,1,5.128339089250297
2024-01-01 04:13:00,76.12364266460246,-0.528886301133018,-0.0217501850965087,2.827801280988988,31.572392160558145,1,1,9.913170106107144
2024-01-01 04:14:00,26.64910448319847,1.3654759328096642,0.4950466361794738,31.516799107276903,68.89714649590641,1,1,9.128637468360749
2024-01-01 04:15:00,38.60039875914583,-0.2901660268869728,-3.7467548421371792,13.390175955749909,94.66069340646833,2,1,7.7521528603860625
2024-01-01 04:16:00,101.76505075217808,2.1403796790353846,4.622391693620676,22.47397333213583,35.65588314424317,2,3,9.161189647064996
2024-01-01 04:17:00,87.46337307239362,2.6645687155821878,3.286760884523053,15.50280287302865,81.16509744456816,2,1,10.06530059347553
2024-01-01 04:18:00,11.447913277585275,-0.9843230797263968,-4.394813619014483,35.649756472852914,21.880193825465923,1,1,7.547332487817549
2024-01-01 04:19:00,51.44424251837204,0.3641668882540809,6.283180404569675,-3.4189098321975,50.03977930572968,2,2,9.556897294159295
2024-01-01 04:20:00,3.500371637431736,-2.4296607790046134,7.439267436175374,27.818585304546986,28.859880626440724,2,3,5.783286044211346
2024-01-01 04:21:00,57.70681759236108,-1.797185713401846,8.606794062111312,24.347746000339,48.19803532765596,1,3,8.83865647482586
2024-01-01 04:22:00,79.49208140412817,-0.5192053997390396,3.186011292559632,24.228176394359195,33.88295357111068,2,3,10.111563793640968
2024-01-01 04:23:00,14.220314831778186,-1.7627837045893269,1.7887005235263604,13.62952268671923,49.86439920983099,3,2,4.387029740184
2024-01-01 04:24:00,34.66619266909988,2.259362944732305,8.14205731798116,-4.294614718584612,53.40182448860243,3,2,7.27787723087748
2024-01-01 04:25:00,47.740395060258834,-2.050282463645412,0.9804522860220856,26.015832488558104,44.04728982247347,3,3,6.639856424613486
2024-01-01 04:26:00,110.34372295872598,-0.2660350706814482,4.831646878518425,32.3262045763714,72.52975595785033,3,1,11.287280263691056
2024-01-01 04:27:00,119.19060185075568,0.6341954427592542,4.230433846013895,-1.1646360055693346,93.50816410071278,1,2,9.363864364636452
2024-01-01 04:28:00,5.389355879473903,1.1511834489650663,0.582416497277678,14.872787690978589,52.04762992842178,2,2,4.998982323228927
2024-01-01 04:29:00,91.32095081944703,-0.7015837816409594,-3.696650936509278,2.316768427617439,35.38745251800172,3,2,7.936711746095406
2024-01-01 04:30:00,44.60688796828119,2.2145944123483714,-4.678766919939715,22.49220038933237,41.65782065567867,3,3,7.663061288866339
2024-01-01 04:31:00,47.0949823475376,0.4099149064675531,1.4235661080308084,30.35221943615665,88.32006587970952,2,1,9.1044480697064
2024-01-01 04:32:00,90.51179680164272,-0.3629533173146892,2.218023622350352,25.001795421733284,65.73117786161183,1,2,9.911696155031008
2024-01-01 04:33:00,110.21117185744905,-2.5965561956877803,7.34017402284838,9.312703171864849,56.40088258455658,3,2,10.50296086605793
2024-01-01 04:34:00,114.1114313403058,-0.2118631893290099,1.216174748672067,1.2879716274572717,31.970937720714137,2,3,11.725829269951562
2024-01-01 04:35:00,69.25471032459849,1.9244150448943813,-0.7826018789979612,30.7420665722708,55.97818466590255,2,1,10.011340748317744
2024-01-01 04:36:00,42.85453911606034,0.6872461093278925,1.9314470211272985,9.576258632171148,42.279360268590935,3,2,7.8548126347843485
2024-01-01 04:37:00,94.5058903030535,1.9929747223747096,-1.4301427936396829,-4.003707571500824,95.45305022826794,3,3,8.147294676639062
2024-01-01 04:38:00,30.120165991476032,-0.0359299764041662,-3.629590833275653,20.713954645716285,90.7256087532585,2,3,5.178222264369331
2024-01-01 04:39:00,67.68888346002213,-2.289229769433109,-3.304354494708392,6.100478960502025,26.71220334625584,2,2,8.337556282829299
2024-01-01 04:40:00,43.02941538298478,-2.9181609249847136,-0.2126831015460863,32.85426992611796,61.33227914089943,3,3,8.841427386500069
2024-01-01 04:41:00,78.79572884494513,-1.1806827196884528,-4.80985373662264,1.4464841975850344,38.00466764117377,3,3,9.917158312103693
2024-01-01 04:42:00,28.847869547220828,1.1879428289867544,-1.696950699781428,14.566038207666264,52.86216716194325,3,2,5.864353251287795
2024-01-01 04:43:00,22.99115348817909,1.7415594236501626,6.812847113985308,6.390859162495531,90.14783986011652,3,3,5.670954862593594
2024-01-01 04:44:00,110.18869040105244,-1.2254829922780237,-1.480742113545337,26.03207286494866,62.20116159108358,1,1,10.974713529706946
2024-01-01 04:45:00,12.216441953944427,-0.0260764747005173,-3.3390573344072614,19.683890921083968,46.73722346966079,2,1,6.221998538582303
2024-01-01 04:46:00,60.7149489281918,-0.4732865733955105,9.236208399918088,30.59444736618682,36.63106832839976,3,2,9.68259689427012
2024-01-01 04:47:00,26.50233395556107,-0.5368632938914328,4.337051745274291,15.637565885064348,84.02598875251914,2,1,7.656481905594491
2024-01-01 04:48:00,4.671595599080094,-1.611907720799097,-4.099610758465012,-4.783620580502198,69.96144122914777,3,1,5.9288887219318696
2024-01-01 04:49:00,4.322258194971167,-2.18177336982325,-4.066340502576457,4.683841624277306,57.445236834098495,1,2,4.740995597404055
2024-01-01 04:50:00,21.02661265269928,-1.8198686506127213,4.181831885487545,39.96206986874231,37.39874830903824,2,3,6.656939174705967
2024-01-01 04:51:00,104.01244254072004,-2.668005677019924,3.101932030973675,13.240524518927964,46.739709932570506,1,1,11.255836130023662
2024-01-01 04:52:00,33.8974492772432,-1.8112155490585375,-3.974378414105227,22.910579854880147,96.78747413908148,2,3,6.0725126475071285
2024-01-01 04:53:00,114.05510046903548,-2.9447946142477237,-1.6352678753999692,35.72192236264407,61.607195008466746,1,2,12.436091758428567
2024-01-01 04:54:00,69.79467515870323,0.7635504038158696,8.935643717283824,-4.07641180347102,52.05594249946024,3,1,8.16381703380562
2024-01-01 04:55:00,52.39370277225193,-1.1017475556739027,3.580162157215259,24.68233283788279,61.71376338786591,3,2,8.990536588874667
2024-01-01 04:56:00,69.61066016033455,2.838868268561452,1.6048809722174535,7.976963829029653,82.31908047196869,1,3,7.741615059998135
2024-01-01 04:57:00,62.00380622715213,-1.8376976953422128,-1.2476688211945093,7.566171490859416,47.208714920229504,3,2,8.602217107564373
2024-01-01 04:58:00,91.05315045087902,-0.9250285781424364,-2.9945293654719354,5.11831314617381,34.29648967460871,1,1,8.787384765336336
2024-01-01 04:59:00,33.89952791674227,-0.852953048150801,1.0394752616602156,32.022814733102194,66.79488946712382,1,2,8.63751466930032
2024-01-01 05:00:00,42.36604699203629,-2.9492910236252365,8.835498389969509,11.782647960092252,73.21632827848538,2,2,9.263305762954932
2024-01-01 05:01:00,107.29131630399009,2.0352477182367537,-4.2693290648368745,-1.9797557782808413,77.01744023668397,1,2,9.540969658520288
2024-01-01 05:02:00,113.57478157804866,-2.808033239134052,9.864682239143,-0.6416978952576597,90.55900726129038,2,3,11.184092512634988
2024-01-01 05:03:00,107.10698729837694,2.6410790083754483,-1.882809196969883,1.6876463209060928,49.69392965512904,1,3,9.370157920945427
2024-01-01 05:04:00,50.33375927487763,2.3524461065617235,1.1315104059851393,35.45174142629163,26.028391698311346,2,3,8.158178508190995
2024-01-01 05:05:00,93.6438603608258,0.2131314965157811,-4.324230377514237,14.234954192830411,96.66788669047536,2,3,10.184649324230165
2024-01-01 05:06:00,57.160287996131856,0.2615734494677522,3.7717330466204704,36.22222028197844,54.80095419499801,3,1,8.283335808697265
2024-01-01 05:07:00,59.704782257532266,0.9226675377369382,2.2533289810148736,31.7865762742956,69.8606007738505,2,3,5.82934324135266
2024-01-01 05:08:00,24.561613086874075,-0.6776999283906782,5.000605521021699,32.70471795660316,73.30442585026339,2,3,7.939370112310896
2024-01-01 05:09:00,70.93563639102197,0.8833337003871327,3.140171909372089,7.90743150093247,63.72109669609628,1,1,8.66642466517712
2024-01-01 05:10:00,22.336307730401757,-2.7313896678690788,0.9726667697060352,7.2091485719291075,36.420602378901606,2,3,8.888775770717722
2024-01-01 05:11:00,39.78776388806325,-2.6757142359016406,6.066350467175061,20.20307709270226,80.41144400929132,3,2,8.542395729778693
2024-01-01 05:12:00,102.6036241943922,-0.256617482282734,-4.624683083195634,13.806623289547783,84.30015794432653,1,3,11.777175573786192
2024-01-01 05:13:00,24.849097105302626,0.2977338066362094,3.115435313118928,17.9077309735156,64.23804688139518,2,1,6.504771204143846
2024-01-01 05:14:00,8.538994220811936,2.326905842014914,-3.29185694256486,-2.605810916403524,59.08489284678733,1,2,8.301149554949196
2024-01-01 05:15:00,8.280911113537957,-2.3720361965526227,1.5401249962874992,38.72155860681376,29.115054650238825,1,1,8.365985222903614
2024-01-01 05:16:00,112.89414246037296,1.935887563163336,6.866879752870247,-2.3824036471944594,26.716132919982705,1,2,12.335348793170825
2024-01-01 05:17:00,60.83045255542015,-1.7397159762475825,-2.863088806093997,3.047408394784929,47.1651876450823,1,2,10.670090764749665
2024-01-01 05:18:00,49.1294486180422,-0.6354981089398088,9.03715523158728,25.51902361758661,44.86769244139146,1,2,9.351930199557824
2024-01-01 05:19:00,97.30542972095022,-1.1003853910355226,8.327570385871068,1.9975698277862417,96.29251607706168,2,1,9.386856341791198
2024-01-01 05:20:00,100.29911134926192,-0.5990683628076061,1.2235760630004773,-0.1908532531494939,82.68981939547439,1,2,8.60569416259577
2024-01-01 05:21:00,39.86292397387256,-2.097027011564487,-4.910377389110952,1.9129171616914968,72.7939436207248,1,2,4.669938365141334
2024-01-01 05:22:00,83.23416689685543,0.0214204464213296,6.84617240011729,-2.2135890552615907,61.41184712140841,3,2,9.830314516571086
2024-01-01 05:23:00,92.5347379022264,1.809855538988204,8.213437051184243,6.309343311625495,33.38940245813211,3,2,10.953207935325365
2024-01-01 05:24:00,78.55808242391454,-0.3507959377266183,-2.378928614668512,7.200367195666656,98.27653377474272,1,2,6.009739385783417
2024-01-01 05:25:00,18.191408976011925,-0.0563185446108054,8.742883132248355,17.437993939674477,50.0032558592168,2,3,6.8061281060005925
2024-01-01 05:26:00,105.10597002204683,2.0926055116878857,8.711459159420441,14.74251327421488,28.554048195779583,3,1,13.883965745185163
2024-01-01 05:27:00,64.69134632832105,1.236348687828185,2.0693627655128566,16.31710368169803,59.503911657259685,3,2,7.738555256423661
2024-01-01 05:28:00,33.896691164400444,-0.0572735488812918,6.970522161967628,22.721777689400614,89.91984092904666,1,2,6.107987564198341
2024-01-01 05:29:00,51.02738225252327,-1.453826110864922,1.6742196740798256,5.393264406229472,90.98328014218636,2,2,7.134398841030913
2024-01-01 05:30:00,4.508530847868886,2.3095604810698003,3.460693988779268,1.0616858991352824,20.87727328451578,2,2,4.934346972485079
2024-01-01 05:31:00,15.344016146690109,0.4621224101433503,-0.2024148528535505,34.54952253904946,90.90365958011198,3,2,2.941566150635413
2024-01-01 05:32:00,91.8656100619033,-1.6731143393358396,-2.607959820187633,23.527360280602807,41.71873739998868,3,3,10.92862862572381
2024-01-01 05:33:00,0.0013961706439369,-1.385281484171938,6.198048757210477,-2.2701517729340166,23.117789117473848,3,3,8.575422963423893
2024-01-01 05:34:00,49.98789941787506,1.818798533617476,-4.979107332212965,38.24732424553691,87.82322162902994,3,2,9.074460367868838
2024-01-01 05:35:00,62.70122173027061,-2.7351266274752675,3.6932903447317216,26.1880826020784,89.10934047905667,3,2,8.567400896164624
2024-01-01 05:36:00,6.556130400116675,2.9525531221729207,7.970290395676955,1.826708893915523,67.698486387388,1,2,6.775898175638535
2024-01-01 05:37:00,116.76937955667994,-2.217889921711249,-1.6808406983532418,38.61104942543803,65.95470058370867,1,1,9.1742661188221
2024-01-01 05:38:00,27.135039749960637,1.7764111523816242,-0.0065081480299644,11.443330446233489,85.04962180971356,1,1,6.90290152842038
2024-01-01 05:39:00,36.503846356353705,-0.6313480993699025,3.812287792966941,39.30295359391466,82.90476421682239,3,3,6.962667603645116
2024-01-01 05:40:00,36.47310147060328,-0.046702900275199,-1.2969463020328984,-0.3525966773020181,91.20843787541632,1,3,6.028277265888428
2024-01-01 05:41:00,27.64999945408199,2.283903464787468,7.712302859961746,2.1986147665973075,64.21979580773628,3,1,5.458040257648326
2024-01-01 05:42:00,0.1768586503573699,-0.5225328624647205,0.4990475066883251,24.583879789367987,97.41176741862468,2,2,2.4793446150353504
2024-01-01 05:43:00,87.52137529055956,0.2249625220394069,3.7242057972982927,-4.003544067526704,99.69174647466708,2,3,9.670171611525042
2024-01-01 05:44:00,116.02145997591424,-2.7042020255449803,-1.6081827860118687,-4.158966145179394,29.32356879989061,1,2,10.178105688679862
2024-01-01 05:45:00,26.91521799420541,-2.985915156795281,-4.379204945135214,30.639227450120515,87.96350076432977,2,2,7.818502063426208
2024-01-01 05:46:00,79.5656630164107,-1.5312007619896446,-2.3944960097950907,2.550114928291914,59.98578061988712,2,3,9.178173057798377
2024-01-01 05:47:00,89.02755923504581,1.0834985575126037,-4.307015935867952,36.34554966644233,51.00530706398657,2,1,10.715636498791964
2024-01-01 05:48:00,101.81104549086297,-2.27241063984518,2.0290584941982885,14.165327297711729,69.0457847906172,1,1,9.3434725467074
2024-01-01 05:49:00,50.71550364163309,-2.3174282471727032,3.7995608637707416,34.314355943467405,24.47724458096056,2,1,7.343886673951776
2024-01-01 05:50:00,36.35170867685151,-0.5342363517845801,-4.329871884718209,13.79936128389378,60.51688950136639,1,2,8.85374627025306
2024-01-01 05:51:00,39.03541608276373,0.8870222316493592,-3.642766676931007,18.860350223746305,89.67124560213334,3,2,7.102762424767702
2024-01-01 05:52:00,85.51455997182154,1.2724319534875832,2.2828754021552635,9.243137275438574,37.0769212911175,3,2,9.447932891574911
2024-01-01 05:53:00,98.01353598067632,-1.9292959554097515,6.987698983014642,24.61343879901708,54.11119158155401,1,1,10.34339639922266
2024-01-01 05:54:00,21.79367613079232,-2.522471115767745,4.420137683735788,9.319052467437976,95.15847101719004,1,2,4.333264726888353
2024-01-01 05:55:00,44.512920978931824,2.6423822036732654,-3.4293466984419583,5.042654403252216,54.28510702445578,2,3,6.795549832141417
2024-01-01 05:56:00,108.232823609898,-1.4360017046273896,8.313134107622421,-1.3528709616784655,48.669410586591866,3,2,12.821880653551045
2024-01-01 05:57:00,96.8032223633687,2.120078985652343,8.7617535218462,-2.4048793477468977,55.24293184987026,2,3,10.289359438878956
2024-01-01 05:58:00,118.18300833149708,2.180948702776909,-0.1256475822580869,8.768845894103002,61.55622132140451,3,1,10.778582403705718
2024-01-01 05:59:00,90.50979116184968,1.6351355505752672,4.240266878220433,28.141300536216495,70.55930753051751,2,2,9.59077993323136
2024-01-01 06:00:00,47.18342412335068,-1.9869983600845795,2.3849072527706774,4.2529029854627325,84.05542407333849,2,2,6.9019890072150805
2024-01-01 06:01:00,70.87654007935653,1.9308087555252025,9.130356529447331,8.465235256277346,56.16817646114514,3,1,9.868496141582568
2024-01-01 06:02:00,79.32171050967844,1.61550335544952,2.631227994231037,35.73271383349557,85.39847480721123,2,2,7.818869289447194
2024-01-01 06:03:00,9.414697958054871,0.5803379406373024,9.399487205680964,23.76208731150943,62.69765290816645,3,3,7.576953645077632
2024-01-01 06:04:00,65.33963509246381,-0.9767877889862832,-2.0098617420469083,36.387507523988944,47.078440829438215,1,1,7.988497789929901
2024-01-01 06:05:00,85.11849941671315,-1.4249483744007354,0.1830513654351993,36.00517153016354,72.63606624955314,2,3,9.40224628226622
2024-01-01 06:06:00,20.078556480127247,-2.268664727517846,6.720178601442061,-2.146519288143953,77.41778037947931,3,1,7.497137852552828
2024-01-01 06:07:00,93.67580609106686,0.0585424014052282,6.754161033900518,37.97541962177642,64.643918050359,3,3,9.24205559970966
2024-01-01 06:08:00,70.0527336616934,0.5115652530590791,5.982749109350577,-2.696991842243495,24.529197850777877,2,3,11.509210157928171
2024-01-01 06:09:00,114.26661428371136,-0.8439660569052769,7.894171969979562,36.65285129868191,33.590630012865994,3,3,11.656914162972177
2024-01-01 06:10:00,5.0906757848270034,-0.1478455939147887,5.538192594157183,19.60300464955221,42.82381767121826,2,2,6.15687057915913
2024-01-01 06:11:00,31.83913650665604,-0.8189132557844001,4.541277167083507,18.993531229482617,42.610048476119445,2,2,6.213100859151326
2024-01-01 06:12:00,72.18646551597888,0.8460363439242076,1.8838751961626812,27.096882817891853,73.87366401974964,1,2,6.505595154949425
2024-01-01 06:13:00,35.587189464711685,2.4075552467793795,2.006316149939903,34.56450718427785,21.467892933890607,1,2,9.001879800770228
2024-01-01 06:14:00,85.73089968854906,-2.0164784277183307,1.0924223980636247,22.76520500475656,80.45454216396159,1,2,7.648579432149859
2024-01-01 06:15:00,91.08063390263172,-0.7115471405812595,4.303176995557305,14.142993420159469,41.227397984554656,2,3,9.690803713406424
2024-01-01 06:16:00,12.301915687976932,-2.154788376294832,1.0999589384949031,0.0350204343148066,44.80174769728819,2,2,4.950810688018216
2024-01-01 06:17:00,61.66253570481213,0.749662622446992,-2.7875852887010453,30.51441876526954,62.23278623551394,3,3,7.807972356512086
2024-01-01 06:18:00,61.06686667092671,1.3732230569315744,-3.4020557568702987,0.7732071611862308,37.2740480751166,1,1,7.963404338613228
2024-01-01 06:19:00,44.31369242586493,2.591476395584735,8.867084128656668,27.68646375396593,90.7577050860422,1,3,7.632608086694372
2024-01-01 06:20:00,111.95098350836064,-1.3267684424342103,-4.628916386931754,18.75662256019117,26.829502346125224,3,2,13.00022586982518
2024-01-01 06:21:00,99.30075838478656,2.701267235192581,-3.417991072915213,12.362616614113085,55.55058898408519,1,1,11.340177131089094
2024-01-01 06:22:00,83.66512582915641,-2.620423969075951,1.6795731196838002,22.584387381401545,87.95378155639119,1,2,9.873325537252576
2024-01-01 06:23:00,85.71919628819971,0.6180831801875293,-1.0561059964343027,29.75602387335444,69.26751155369885,1,1,7.178150321196502
2024-01-01 06:24:00,55.40593725757429,-2.65720368394002,1.0877335060321889,37.351282830277945,43.38636126741068,3,3,9.36644001082889
2024-01-01 06:25:00,110.5193425315891,2.3626451265716693,-3.23828927609175,6.911359727700996,53.660816622116855,1,1,9.5623220044071
2024-01-01 06:26:00,83.35145127039425,0.1788543424203243,-3.03639594728939,37.62085720952642,76.53555042740118,2,2,7.059835781922864
2024-01-01 06:27:00,87.47772739869798,1.0160901045767767,7.0098686308767295,38.242662069450645,97.86085946911194,1,1,8.20036424889079
2024-01-01 06:28:00,103.40290845448143,1.9894435554627157,6.386631161504557,31.61337315158561,91.45109747035468,2,3,10.323968622798096
2024-01-01 06:29:00,32.88859072106292,-2.0981362650961874,-3.436207014130785,34.66467287240571,47.39462467059014,1,1,5.422731523438482
2024-01-01 06:30:00,96.84850846400435,-2.768450628371197,5.0168562234853,26.159238117272725,99.8558303430286,2,3,10.235317622478162
2024-01-01 06:31:00,23.428872354779045,2.2732868754771127,4.13966985033225,-3.240625103092189,20.28037308248466,1,1,6.492486406873034
2024-01-01 06:32:00,41.44103426938654,-1.110400635246405,5.700440840203445,20.878534511742643,22.210380464673207,2,3,7.865354779045944
2024-01-01 06:33:00,40.27325451238112,-2.2261265524370084,2.116733568437112,28.62420533323474,85.9072412136955,2,3,8.125693158854215
2024-01-01 06:34:00,117.42305620669688,-0.1892325774774805,-0.950197586998388,37.37664106178508,35.957014946644165,1,3,14.54592006016179
2024-01-01 06:35:00,102.78446684975124,0.5898364541761127,4.95518754034792,20.670333115849317,24.86154147169927,3,3,12.961201614678378
2024-01-01 06:36:00,84.14038339083118,-2.8141763794649397,0.5703613978423299,30.73903052158225,38.971845858920176,1,2,9.461913716601789
2024-01-01 06:37:00,87.24681139384681,-1.3506260504574736,-1.7157064848175931,26.72674228950223,54.08801231846881,3,3,13.334367952272098
2024-01-01 06:38:00,67.44873532830853,-2.803200754338624,1.1294352057892478,7.636129984641183,78.44530163467239,3,2,8.780637467895286
2024-01-01 06:39:00,113.65088005302228,-0.4779876648270065,6.4490475340143085,1.9627633818111356,69.94684212409643,3,3,11.696526258442663
2024-01-01 06:40:00,59.55105034588338,2.370600174397466,2.1368979480430284,28.79073979050552,39.00969740483363,3,1,9.271084310143229
2024-01-01 06:41:00,45.66212518438734,2.895914468961415,-0.5020360484986686,5.519576253077833,60.26163584804675,3,1,6.261032220342627
2024-01-01 06:42:00,19.56424043179092,0.8222853210217651,7.478029222357424,6.011119958356341,94.0971284318855,3,2,5.199788134992764
2024-01-01 06:43:00,94.34467827132696,-2.030173837292449,8.22465632771402,23.97758074152914,85.20062215870061,1,1,9.710941880174447
2024-01-01 06:44:00,88.13327184907098,2.4350963399958347,1.4987563565901212,30.50808088132878,45.85518278654347,2,3,10.082561065990356
2024-01-01 06:45:00,46.12260462289618,0.0974869392003627,0.6203203109034199,21.20494417875563,98.5811649084557,2,1,7.239416281026846
2024-01-01 06:46:00,3.0232096751075237,-2.0775041273824915,4.190484205284475,34.82424192455821,76.68963203481047,1,2,4.6795453948687
2024-01-01 06:47:00,100.67967932616128,2.5303600167099685,-4.130383309131305,4.514947116280352,24.995948453342542,1,1,10.907323225349453
2024-01-01 06:48:00,1.370158014488836,1.544814304338618,5.369847408513957,6.35864932933328,22.81285706309109,1,2,5.715146202579298
2024-01-01 06:49:00,84.44397355548611,1.3902316363389096,6.734314080658702,23.662997687085003,33.4726359208024,3,3,9.882345408468291
2024-01-01 06:50:00,116.43085316712684,1.2550842227664276,0.9616289088575752,32.32156830782336,78.22846944401175,3,3,11.563172377326538
2024-01-01 06:51:00,52.51935937778442,-1.797961073421346,-2.3807622498890533,19.27083107552051,34.699114067394234,2,1,8.033291910016738
2024-01-01 06:52:00,28.19680859951433,-1.7339598497548436,-4.567724372887048,-4.532829201385422,60.91894153670668,1,1,5.814248481638321
2024-01-01 06:53:00,84.5845212052058,1.1297579905635295,4.558683992306499,25.462440814312348,27.46080961446654,2,1,9.589392239482583
2024-01-01 06:54:00,98.05537704187022,-1.6816634993376187,-0.9650989004763532,31.611209485807063,93.6708926264156,2,3,7.650559212564324
2024-01-01 06:55:00,65.57163792934168,-0.3679698191817069,1.958343806819264,7.4444632553188335,47.51684908668541,3,1,5.737383244033473
2024-01-01 06:56:00,116.04423303073754,1.6920109535636485,0.795332824862963,-2.5610797002979653,92.65056452485048,3,3,9.26718240889311
2024-01-01 06:57:00,6.200246598955332,1.703715108587046,-2.3767280607880603,18.30783901483967,95.59005135284356,2,2,4.727140875873158
2024-01-01 06:58:00,60.575471796543376,-0.2804293648448421,2.6255300269105604,-3.103015084207096,20.490291785094463,3,1,8.140961461567247
2024-01-01 06:59:00,86.21447367870601,1.7531396296514703,1.8939028411110692,13.720753476185994,57.13081497589856,3,1,9.647520071793435
2024-01-01 07:00:00,103.51685653790148,2.031730777188341,4.362214343047484,-4.198196998836705,21.97248445655143,3,2,11.921179431821978
2024-01-01 07:01:00,21.510673428934805,0.9286545077055616,-1.221725082053199,5.123502530857143,92.69542130423248,2,2,6.390983488500357
2024-01-01 07:02:00,96.00041781164175,-1.629444886149479,-1.7804138021989129,12.497010334910946,61.47260357876607,2,2,11.182356009792493
2024-01-01 07:03:00,66.32484908622543,-1.3559293176867149,7.21517589634708,0.0267650385366033,25.995521015879746,2,2,9.52800359998604
2024-01-01 07:04:00,47.58644183879559,-1.1109530675475878,5.532883674460623,0.1370156794907462,28.82213826212535,1,3,6.945482493817655
2024-01-01 07:05:00,15.805803429491228,-2.299175353596288,6.58309677537345,32.21777831465317,50.68072195941912,2,1,7.025895242903365
2024-01-01 07:06:00,103.83549106906948,-1.3610422777803293,-3.150652823674579,-3.135925995917022,95.21873542983116,3,3,8.355282251901427
2024-01-01 07:07:00,18.872784981565843,-1.7428846541248073,-1.6394053500947354,26.00348119031406,75.43273212544648,2,3,4.526134613722133
2024-01-01 07:08:00,37.17454310509191,-0.2680275011483868,3.632972743054598,31.65169222072082,89.40950929513059,1,2,7.322079917742768
2024-01-01 07:09:00,34.805463835492425,2.4506252872335894,7.85802020309362,0.8825059361037519,49.31653170719837,3,1,8.676069479209465
2024-01-01 07:10:00,104.56968410290251,-2.3731180994762515,8.381719647527051,3.7916830531062686,23.457095963999866,2,3,10.517397562916832
2024-01-01 07:11:00,80.72435930506776,1.3216075436843733,7.478649433823909,23.86719857177632,97.94541097635312,2,3,10.264168093070657
2024-01-01 07:12:00,95.60176766296468,1.1236980264787668,-4.349030808733589,9.204097573444852,21.37383925298956,3,2,9.84987925569408
2024-01-01 07:13:00,30.05614785509988,-2.425474808019854,7.313187769835894,16.43903820557051,95.81213224648712,2,1,5.783928336804299
2024-01-01 07:14:00,74.98489195283987,2.5354344294348,8.486367662816225,32.62012187258794,49.49419390793157,1,1,10.286166487187616
2024-01-01 07:15:00,68.60951797724984,0.4108332129409175,-4.148763647710219,1.209242712293043,20.80723240175052,3,1,11.629202115513152
2024-01-01 07:16:00,99.93964521459252,-0.8176468731858946,1.2442134066548212,22.88436348571177,75.13257853796065,2,3,11.275045190344088
2024-01-01 07:17:00,108.73044725775128,1.53923150097184,3.0491548494505256,37.407897502636,98.44322432250831,3,2,11.804777911093684
2024-01-01 07:18:00,1.458812577286417,-1.4558072495901957,-1.508744406747505,-2.414001664077326,97.2500578270074,2,1,3.004880987690718
2024-01-01 07:19:00,80.88239028705512,1.1610590222779225,2.7502848405566587,-2.2996955756857456,32.87496089619347,2,3,8.798418080425787
2024-01-01 07:20:00,6.220295894367482,-2.7617327545665167,8.289336819415968,19.96340676779367,34.4998244852924,3,3,4.695034735662672
2024-01-01 07:21:00,65.86303980928271,2.036448225655632,8.004137595186467,38.20341082424481,65.24311316957281,2,1,10.73174585317546
2024-01-01 07:22:00,34.515927485241384,-0.3109749178720893,9.097559218862214,4.921313906505496,70.98438611426596,2,2,7.017153592320482
2024-01-01 07:23:00,36.81319194265694,0.8201574861476502,2.261646975918131,9.885638637229023,79.15343309326926,3,2,7.871978158306897
2024-01-01 07:24:00,42.35502041428279,-1.672573081159898,1.1585041794088022,-0.5608411453456856,34.4840288377718,2,1,6.920200095367528
2024-01-01 07:25:00,74.55509388595321,1.062442275950688,4.9868172854853015,11.30112536965824,96.72056694115476,2,3,9.76624237081172
2024-01-01 07:26:00,40.08599588025231,1.6334416553596594,1.2514086640155124,-3.0050383990964025,71.09914050313904,3,2,8.989561446654658
2024-01-01 07:27:00,87.92388607083365,-0.1607208786936076,-4.370831059987133,12.509229898513444,87.76375350964439,1,3,7.293144339362798
2024-01-01 07:28:00,48.54328626886437,0.7063615443707656,5.798821782556825,19.996949872391397,63.20525722273374,1,3,5.877530433655979
2024-01-01 07:29:00,8.202384037195035,-0.2620444570656088,-0.7852408807576436,38.87521720079176,53.14214780719061,1,2,5.121306880675112
2024-01-01 07:30:00,94.05118109809288,2.3645482155470727,-4.263720315992143,31.827459083887742,98.17463252759968,1,3,8.777774723516034
2024-01-01 07:31:00,34.29099895112472,-0.012784916914085,-4.690683852096438,31.99294348489072,66.56970966558688,1,3,6.312167192633401
2024-01-01 07:32:00,51.93202555191152,2.050852254172913,8.970419028659773,5.266494605748871,89.34988662393431,1,1,8.98436570320809
2024-01-01 07:33:00,82.25326598662818,1.8081123496214917,-1.2188598703374662,-1.0744384024019702,96.2633917093032,3,2,9.639595730038108
2024-01-01 07:34:00,39.89473885784544,-0.5369710719098606,1.7184878878459529,22.13836168469096,74.02837016069273,3,3,8.022960847305955
2024-01-01 07:35:00,6.790278737605875,-1.6194930488551498,9.25864679348283,18.45121877750953,63.91509428149399,3,2,5.647256457027879
2024-01-01 07:36:00,44.87052564153763,-0.563507204641374,2.012754681710877,18.24267444599341,20.28086807285205,2,2,7.31375740839615
2024-01-01 07:37:00,113.33382992331642,1.957304254651321,-3.82086014710533,-0.0946406209680574,23.20157125912048,1,3,10.823355586823231
2024-01-01 07:38:00,77.00812767582698,-1.634204785083646,3.2790407086998883,17.224820241849663,36.068097284089305,1,2,9.095887382114638
2024-01-01 07:39:00,80.57749784006484,0.1466180751464962,-3.6770201981890223,1.7660083269805762,34.88067454847962,3,1,8.531438784842342
2024-01-01 07:40:00,75.87385843651678,1.8365804877644845,-3.5736818243969544,13.99515671703272,40.38070361598763,2,1,10.219680683401478
2024-01-01 07:41:00,23.87905667513241,-0.879135149229727,7.772156107036896,-2.202681530983279,44.394771015812864,2,3,8.18055199594843
2024-01-01 07:42:00,50.200063692273616,0.8532578220161842,-0.6586768495311581,33.560166973385606,48.80523948405826,3,2,8.488372279601508
2024-01-01 07:43:00,90.1127758035982,-1.5262105557071128,5.180053001686545,-4.406896116233698,53.643015205510125,1,3,9.199295279960976
2024-01-01 07:44:00,12.164747706379098,-2.3443233277910407,2.633865029929926,37.26954127503984,27.909307076481173,2,2,7.84330323676137
2024-01-01 07:45:00,33.34233313076547,1.766305350557138,-1.6650996319337876,33.83013202280225,23.388954556222565,1,3,5.550577502420524
2024-01-01 07:46:00,33.15829301590243,-2.406188259547759,2.7673044797981152,28.86736326561864,73.91555592584187,2,3,7.619775619836094
2024-01-01 07:47:00,51.84227131134072,-1.3717116295224925,-3.9650969615037086,39.21477620285761,62.98678598744622,1,2,8.305823480664982
2024-01-01 07:48:00,117.6442489130622,2.1306565319846404,0.2081852438456408,-2.57810012925876,55.53153617760957,2,1,10.945053709896143
2024-01-01 07:49:00,8.100305602058633,-0.9211842775279968,2.8425433753073746,23.8718697723556,70.75519529346819,1,3,4.765772740881766
2024-01-01 07:50:00,62.244119325671406,2.838272097084966,-1.57408492871522,33.21859407122722,86.21435257628323,1,1,8.961717534743519
2024-01-01 07:51:00,21.52376184146525,2.878406008643158,4.902821952720407,0.6977693438846213,54.21543272929637,1,2,5.91539833260538
2024-01-01 07:52:00,116.48118544916927,-1.3903438772786598,-4.222821174555398,21.31487403999373,71.28955720415834,3,3,11.415791347529987
2024-01-01 07:53:00,13.596420567295704,-2.7541306665006573,2.2721484680594037,12.726485891260232,96.2857779068127,1,2,4.117753584696249
2024-01-01 07:54:00,48.43212028339095,1.2303797052322745,5.72493671934075,14.6122201006192,87.16995966892486,1,1,6.271093473091939
2024-01-01 07:55:00,88.54619818015274,-0.2940809841099376,1.4491908843515926,36.06358384233518,54.08006484019276,2,2,9.368170559911388
2024-01-01 07:56:00,84.54653136329344,-2.3954829362425425,8.11879622978407,19.23931526236296,71.57734702517944,2,3,9.626762339903795
2024-01-01 07:57:00,50.72743642727187,1.245136913868257,4.482891718609984,-0.8032079819154125,34.16567375327518,3,1,7.795997284115907
2024-01-01 07:58:00,41.58290015432619,-2.812950545328473,9.377393740881066,37.1747278229993,64.8417747916072,2,3,7.422291561441926
2024-01-01 07:59:00,47.71348542634447,2.221180142953453,-0.7381728083753192,3.334502675330297,98.50626329107544,1,1,5.783179673135806
2024-01-01 08:00:00,31.713151579036712,-2.168084825320178,9.081839962821206,35.16865674124288,61.465209216201785,3,2,7.103002104597173
2024-01-01 08:01:00,24.639952644815978,-2.2361287275196498,4.10233884828545,38.6914324488412,94.21106393521178,3,2,5.606996999484127
2024-01-01 08:02:00,57.9647637070668,-1.9459662121884929,6.17768348820098,34.5026858422313,52.58679364026086,3,3,9.324592206421142
2024-01-01 08:03:00,32.22405072811288,2.7615981509523992,8.532416755651704,25.47102000140142,99.9075861747705,1,3,7.110385940017107
2024-01-01 08:04:00,34.49539978767001,1.159016161523076,3.2679578198773136,28.459831892039062,66.33760281820463,1,3,5.755048147698596
2024-01-01 08:05:00,78.81072761694685,1.8082292127818205,7.93271187924498,26.494025969413983,23.381519538874763,2,1,10.836462052143652
2024-01-01 08:06:00,116.22447980398708,-0.6141900856034819,3.1254540938208297,15.72359745347782,66.94038373531104,2,1,11.63669839441148
2024-01-01 08:07:00,72.43646406712502,-0.9821236349702668,3.9879839142585656,7.34888734353342,41.96581565436773,2,3,9.145871663819603
2024-01-01 08:08:00,9.237536047795952,-1.5930959593009804,1.676478593460783,7.825122847796337,22.59850576287157,3,1,6.939404579139354
2024-01-01 08:09:00,9.070033662488036,-0.1161118301255461,-2.815421722398457,27.90255375787619,85.66826437557307,1,1,6.279955647612473
2024-01-01 08:10:00,114.17078650146792,0.310972401205011,3.302548500233,23.17164017442476,42.05837095846047,2,2,13.496776754712885
2024-01-01 08:11:00,35.67489483688004,0.7906490619165325,9.661723453992716,21.319781528611607,83.72388432371989,1,2,6.143070211057646
2024-01-01 08:12:00,11.048038329897052,-1.457288976007833,6.807789935984264,24.36739770659789,43.05740663646936,3,2,7.4772920136632175
2024-01-01 08:13:00,71.88535045804579,2.6919244854179443,6.212477271301546,29.86538059439,35.54610830990194,1,3,10.620240486135378
2024-01-01 08:14:00,74.83785339483194,-1.981449010757185,4.649632040944443,28.67534115904901,97.9148459283542,1,2,9.473429181867935
2024-01-01 08:15:00,77.82057841424258,2.793919048598473,0.2186301023086674,-0.2571617393419174,48.93162622040157,3,2,10.766514879382196
2024-01-01 08:16:00,32.08824334290496,-2.910863264954977,-2.455772082824323,11.33657723680215,68.11009691545283,2,1,7.087248116738467
2024-01-01 08:17:00,1.813282105737004,-0.1132458490989263,-1.6317259753596525,6.878521155283856,68.79851942515772,1,2,5.11216511638386
2024-01-01 08:18:00,115.80184433453664,-0.9997929713006232,-4.905168656860248,19.22073980008653,64.83787857388015,1,1,11.524161060938004
2024-01-01 08:19:00,30.1071654829323,-0.305259516418495,5.102206313475321,-2.2362762932789537,93.17565948169717,3,2,4.91429994484026
2024-01-01 08:20:00,81.1231545663057,0.4239874738847344,7.178163378346506,29.31088213716281,73.95528570934948,1,3,8.963564155859594
2024-01-01 08:21:00,84.79558438544515,-0.3864650519237456,-0.966329732029104,-0.2062699806774279,52.29864032839441,1,3,10.605787215774356
2024-01-01 08:22:00,73.20089004953829,-0.5109188981904302,-3.6222440053359217,7.213091165977806,88.99043076194192,1,2,9.955221187652675
2024-01-01 08:23:00,37.54888730563778,1.3963404924798395,0.0359060173287675,30.22336773494714,34.48503192927716,3,2,8.890679287229677
2024-01-01 08:24:00,32.53155045168789,1.115257650518788,-0.619231558745331,-2.67980076865812,63.5389406088334,1,2,7.262812942824016
2024-01-01 08:25:00,71.72019392432438,1.9996276922150875,1.7631454116659775,24.70904808501962,96.0440297555005,3,3,8.397129245578498
2024-01-01 08:26:00,103.931476033403,-1.5002461125630266,-1.0384691851848356,36.601522230747385,70.03181039043301,2,1,11.319191009308952
2024-01-01 08:27:00,113.60804747080746,0.6571710585243817,0.0959905801754361,22.79370177345045,85.3574760379901,1,1,11.990562471311597
2024-01-01 08:28:00,12.708696528450917,0.5111687123571231,8.61332169023864,27.06958693306349,72.28485804361543,3,2,6.809806980629067
2024-01-01 08:29:00,18.579433511726386,-0.7815731347638675,0.0225302933440927,30.65200926351461,87.14966908303123,3,3,5.426686236653094
2024-01-01 08:30:00,113.36835105396956,-0.0836547485839145,6.782770700948454,5.001084498376816,95.55903038761949,1,1,9.252716775868876
2024-01-01 08:31:00,88.3842274001751,-1.1173071401656276,4.38750550336689,21.143376310565344,41.83373820261895,3,2,11.090019715065582
2024-01-01 08:32:00,105.95925897957277,-2.148933614298089,0.0630691844706081,8.907552221358511,33.57288650053751,2,3,10.41417625964358
2024-01-01 08:33:00,24.315916096241175,-1.717192736023603,7.266824046705256,6.227292065138737,58.7192600266032,2,3,8.076016790523179
2024-01-01 08:34:00,70.51030453312822,-2.3669181215927937,3.926141043943973,3.660538678849949,76.14899414593727,2,1,10.927198180407473
2024-01-01 08:35:00,84.13675133009684,1.0984174511407447,-4.870719086016495,21.344377688621982,38.17530025457729,2,3,11.71295653056715
2024-01-01 08:36:00,81.61342625363672,0.9643643586549092,-3.9690769764140033,30.75393669492123,20.32811603441337,3,2,9.529335735870042
2024-01-01 08:37:00,48.97820290400377,2.703638229479237,6.289593391784782,34.41500788848005,47.434809266936426,3,2,8.62264233646951
2024-01-01 08:38:00,1.8473870029570167,1.378070481883448,1.6979168437779153,14.286367576383672,97.50874683742308,2,1,5.0916008941324025
2024-01-01 08:39:00,69.95112681651158,-2.687724967463211,1.082616876153109,11.78045500890725,75.59739684846774,2,3,8.352403665452567
2024-01-01 08:40:00,30.372184701553053,2.305471043573725,-2.8125922370628804,25.928810594526595,52.10603551529792,2,1,5.140998098949844
2024-01-01 08:41:00,54.03050953714684,2.176050977674355,-2.6402210905809467,30.116165883355777,35.406087787747225,2,1,8.798103315979992
2024-01-01 08:42:00,114.90972181005807,-0.3400780753638077,6.966286751438508,6.399370150257846,48.48717390037976,2,3,10.439926127866611
2024-01-01 08:43:00,47.88423811709217,0.515178303167529,7.435257009421829,8.37808978949665,33.587154664099835,3,1,9.55346036045885
2024-01-01 08:44:00,100.7761927997312,2.8564699948351127,3.4000381095809384,19.002699361792764,28.50446570503611,2,3,12.190453978447232
2024-01-01 08:45:00,22.62487268991013,0.1938261830889978,-0.5730828529146885,14.997355952797466,92.5393898058043,2,2,7.426250401946502
2024-01-01 08:46:00,80.69525976300346,2.4319309702565386,8.990512250017453,26.7604479876875,99.81202707003789,1,1,7.571974999332935
2024-01-01 08:47:00,117.24083453267322,-2.501767453138881,4.3594358649284,17.701824594448567,33.12915516766323,3,3,13.809138595641391
2024-01-01 08:48:00,12.227172104752416,-1.853688787747903,6.949631791776824,0.0219597575162211,24.361804710262376,2,3,9.087653507061049
2024-01-01 08:49:00,0.9983930672630414,-0.355470339352093,-4.950756195676769,2.467893765464705,46.37848857169699,3,3,6.985156933299303
2024-01-01 08:50:00,52.02993511591372,0.5085408500238282,1.7547940131304074,35.58589797192878,56.93273446091322,1,1,8.198498440554554
2024-01-01 08:51:00,11.115057966164064,1.897367111176801,8.064236294799338,5.2329264173468015,36.38569976606836,1,2,5.767601705641429
2024-01-01 08:52:00,89.80612196114777,2.9295726908591213,0.073499248490819,-2.7461258861944904,44.11399294388468,2,1,12.719221075696382
2024-01-01 08:53:00,109.74583966182708,-0.6668910211553012,5.898267653084215,27.915455122925135,36.06965885533262,2,2,10.33806610887826
2024-01-01 08:54:00,52.08251672505106,-2.7155061831594907,4.865122376929683,25.78050147300884,81.9408454745961,2,1,7.75553405131876
2024-01-01 08:55:00,31.04539705865292,1.8070290197719492,-2.7167245046855086,22.00342083946689,77.00623545978087,2,1,7.926704579376689
2024-01-01 08:56:00,52.12839828079317,0.6262843144968486,6.623557408816076,17.601526950914227,70.79612126087854,1,1,7.021516367233075
2024-01-01 08:57:00,86.81373814200012,-1.80874284679079,-3.312098145308017,38.63111593210688,50.97742856633638,3,2,11.09763883708544
2024-01-01 08:58:00,1.0864993896445174,-0.0310292602714792,5.918711448579112,0.3924533163304007,92.72327530513888,2,3,6.405884557168435
2024-01-01 08:59:00,70.73447873816366,1.4538614732023465,9.864525051686416,17.957325216016752,97.5626033228016,3,1,12.00720973680275
2024-01-01 09:00:00,73.59500218648549,1.6224707224118626,9.36972147717644,20.382022456151965,33.89114501003296,2,1,11.533230708266256
2024-01-01 09:01:00,76.52258962751226,-0.0022895280074282,7.003626145855071,-3.98781867286223,37.84101131295024,2,2,9.629389450947963
2024-01-01 09:02:00,29.042649597705264,-1.1687128192268452,3.0177613634455334,13.539659116195232,62.05048224002957,1,1,6.616256833514339
2024-01-01 09:03:00,85.68632680537522,2.842455492230961,5.1223686373111,30.22609564248885,27.300045542579625,2,3,12.145276812148776
2024-01-01 09:04:00,10.966978359813169,0.9801756657389572,5.921625855161391,16.19944398593196,54.91587190584902,2,3,5.686820557450604
2024-01-01 09:05:00,23.912440376016097,-0.5505748839222075,-4.8739771358264194,34.38753024059126,66.54330118221681,2,2,7.967878027596495
2024-01-01 09:06:00,105.29640559853785,-1.3172206547720855,-3.464506685705653,24.015951935025665,61.76588569098665,1,2,9.707274744488265
2024-01-01 09:07:00,88.64677808718797,1.386617898021373,3.955886981182936,29.473841382244338,46.47268664624208,3,3,10.410339898607452
2024-01-01 09:08:00,1.64946648136143,-1.5468993264373938,-4.901981897856364,31.201606083656195,63.39566448617654,1,3,5.001615499754784
2024-01-01 09:09:00,29.805151244376024,-1.969740066157871,8.633584761602458,26.027510774806,96.70407634070784,2,3,5.897002875925343
2024-01-01 09:10:00,25.728777959179748,0.1790033337724219,2.344940698376167,28.7221297011858,36.48139234331008,2,2,7.905019384354021
2024-01-01 09:11:00,32.49675936443671,-1.2600756441351488,-1.1334938659231746,26.288974291956144,72.38650867152029,2,3,7.011141491977687
2024-01-01 09:12:00,29.70717243358637,0.7734308695416905,0.9073175439639892,19.770868680413045,23.471735532484143,3,3,7.519517185895996
2024-01-01 09:13:00,7.503155489141489,-2.292367950754599,7.761646159600042,20.493983451794485,25.313312358514796,3,3,4.445615240181084
2024-01-01 09:14:00,55.07286199161844,0.9296466274039296,8.907893106461737,3.5448152186560584,64.1462579378868,2,1,8.422895337005594
2024-01-01 09:15:00,87.92801697433981,-1.300220832013787,-3.256475292840199,32.23476550205756,28.39513442623596,2,2,10.6996572657953
2024-01-01 09:16:00,72.80780696609237,-2.998542393392924,6.669409509333651,9.046179119735443,21.787743074148587,3,2,8.948158045104664
2024-01-01 09:17:00,80.74460023176957,-2.238383653954941,3.6734067732479545,19.1081597109399,33.72103981184178,1,2,10.394611627581854
2024-01-01 09:18:00,9.7379014243487,2.6016922670105647,3.782541364967301,6.229550107413219,65.18793367996595,1,2,4.871102720019956
2024-01-01 09:19:00,114.17888522121449,2.204127834692147,6.691781828437396,26.313924059780238,76.26727636151459,3,1,12.129380236918433
2024-01-01 09:20:00,100.61902006116298,-1.598345807782579,-1.6573296982106376,38.8826028482771,36.1982851313104,3,1,10.945756194405456
2024-01-01 09:21:00,96.61083821947952,1.670231427272947,2.9656745196243737,31.08731055913333,73.46075497665396,2,1,8.316119616756831
2024-01-01 09:22:00,98.7580566050121,0.6514295590438453,-0.209710768237862,22.85929668494051,34.598106487938345,3,1,9.042602468209337
2024-01-01 09:23:00,111.92526097593137,2.8254282686992163,-3.5823148253522774,20.537794018394543,69.07659413050057,3,1,11.314805469330134
2024-01-01 09:24:00,65.31047593364373,-0.7583660427956453,-3.423808316650942,17.039706580881806,52.95677439166391,2,2,9.25847371054409
2024-01-01 09:25:00,24.033842144115106,1.088763675103028,-2.9529279406227387,4.22371442936201,72.30396074668934,3,2,6.919433712030807
2024-01-01 09:26:00,74.01403294230494,-2.6187856654564885,4.22349773357257,10.660452332991047,99.6042201983398,2,2,9.639051762322412
2024-01-01 09:27:00,89.14577924015268,-0.6225159191015646,-3.41254702434035,13.287733337708527,95.02535721860497,1,1,6.836261900383338
2024-01-01 09:28:00,88.55008720248304,2.782905967129083,3.551557638852604,37.50560836784547,20.34254062688829,1,3,9.588237662625264
2024-01-01 09:29:00,62.57388290002561,0.2338852467007233,3.824455869658896,14.151228431620556,90.83510114898446,1,2,8.584016821574659
2024-01-01 09:30:00,8.215046320029366,-1.2727229799909323,8.558447651828367,21.37856596581667,25.31926361398132,2,2,8.546698257200214
2024-01-01 09:31:00,44.53355261161534,-2.278374221228358,4.395648944882714,36.50910432752914,96.2437268927876,1,3,6.237917747570681
2024-01-01 09:32:00,110.49199301560289,1.2211700410891826,9.78381761322252,18.32918835151044,42.54605432797477,1,1,12.816443679280772
2024-01-01 09:33:00,70.13386917089112,0.8691362605783608,-4.535111300887477,6.315240093881547,50.56278643290168,2,3,8.424412851272171
2024-01-01 09:34:00,64.59983319068562,-0.7563677183773523,5.562192049676785,12.14527479691349,27.331056414058228,2,3,11.952964156710475
2024-01-01 09:35:00,32.26242172586322,2.7056481111950053,-4.602798829204351,11.899264020375233,28.981820666312768,1,2,7.646993211880978
2024-01-01 09:36:00,44.21387038998947,-2.8667831220728983,5.940663668120553,27.16229041159696,78.13924521834556,1,2,6.846211713111762
2024-01-01 09:37:00,107.44153069838032,-1.1776568902090452,0.7877531380605323,8.325432870701164,95.54657885986332,1,1,8.990542359952332
2024-01-01 09:38:00,79.97556570322028,2.526416917797489,4.169616480888843,27.86298599921774,68.85987959634477,3,3,11.087852481594378
2024-01-01 09:39:00,94.48644321027994,-1.0743873700833575,-0.3569289186749342,35.01592203490265,77.26800124214489,2,1,10.501831629597229
2024-01-01 09:40:00,54.52145076811861,-1.4864829968689777,-2.613424412710264,10.123285527117034,80.95757956777229,2,3,7.463020493730563
2024-01-01 09:41:00,75.62966633473894,0.2053224595874838,5.852687771339236,1.0903495110596078,41.02514196423534,2,2,9.7342538394348
2024-01-01 09:42:00,29.806033049184904,1.942810499523228,8.5693057040513,23.734945793588924,23.618370473617198,2,3,7.148268094653773
2024-01-01 09:43:00,84.65529963401835,-2.381119434729833,-2.2462633444994755,11.23845103857974,20.149819513533487,1,1,10.66764443106622
2024-01-01 09:44:00,51.31216004440048,2.658124257874417,8.81054501805401,19.029377521506007,48.05194263632149,2,3,8.573929629896332
2024-01-01 09:45:00,53.10546177776947,1.770437287086985,-2.897268361931844,23.53745343278248,39.31713825593729,3,1,9.31348371547585
2024-01-01 09:46:00,77.9186789492258,-1.9124984666906883,6.034928238242969,13.348432482741018,24.985418003934853,3,3,11.53870819097744
2024-01-01 09:47:00,112.3536745762712,1.272047767188976,9.39167737268509,36.61125033055336,34.362263399493344,1,2,13.194555117707866
2024-01-01 09:48:00,7.680761593034511,-0.6902476641746569,-2.7894367736564347,12.982659437671243,29.959911861435824,1,2,7.985534102345353
2024-01-01 09:49:00,98.96918848164093,-0.5862319315420876,1.5263507013303004,8.8318447258013,93.19027044938964,2,1,10.468352711442904
2024-01-01 09:50:00,35.08597324946317,1.6997405546331985,0.0618622353759921,34.85538494944994,31.221377076733518,1,2,8.312417778372076
2024-01-01 09:51:00,53.27033454076534,2.776708847884393,0.8271662527614723,1.1335775541614366,63.011877119014336,1,3,6.5733848898633385
2024-01-01 09:52:00,2.6295994530010747,-2.2400647629168366,6.297096086976648,0.589401795351554,67.44847640897316,1,3,4.486334153631775
2024-01-01 09:53:00,36.125529340117566,-0.4762185787270834,4.91783398833339,37.10641934225316,63.4791566166907,3,2,6.416388152260095
2024-01-01 09:54:00,60.31574911561566,-0.1143503514941786,9.530304466942288,4.403578634925205,27.92451473727904,2,1,10.815014515482687
2024-01-01 09:55:00,6.7411292816926816,-0.7421290982700146,-2.217807449653666,1.679683163108824,45.5038689400441,1,3,3.835054362905595
2024-01-01 09:56:00,58.93148752597982,-0.8208652577026498,3.148913039888201,19.082573680879683,24.10162659705226,2,1,10.072219763612912
2024-01-01 09:57:00,111.25327546301128,-2.686387994630421,1.736892181285401,-2.894519020536612,51.65359312770528,2,3,12.312794740738957
2024-01-01 09:58:00,12.647186172936626,1.1132317233757396,8.782841633886244,22.900675032740203,35.08791450172736,2,1,7.87944020058193
2024-01-01 09:59:00,91.73288736906052,-0.3827134972797275,-4.8407115128456,15.381885925257912,64.93060266275037,3,1,6.977013524580545
2024-01-01 10:00:00,49.16052640511912,-1.8312371841364397,9.837556011506411,23.818538398663005,75.42467150792804,2,3,5.978992498035336
2024-01-01 10:01:00,78.62084574292057,1.8962010138124104,2.196014715587932,7.777160658973772,62.56958881637652,2,3,11.999308884092628
2024-01-01 10:02:00,31.228391758227524,1.8153644889097675,4.383094708503961,35.74624964570238,54.738935728911656,1,1,7.778167435746696
2024-01-01 10:03:00,19.139071504962995,-0.0816502314666371,0.4007883370857321,7.176132072640556,50.9866736685354,1,3,6.220863499812662
2024-01-01 10:04:00,19.25551371254717,-1.2092960331134368,7.787900045432483,23.690410849428726,87.3353414477603,3,2,4.602203167781804
2024-01-01 10:05:00,8.459033477177357,0.8285563547787143,3.429819176775741,37.52913327824311,37.5494452052216,2,3,4.217923270091064
2024-01-01 10:06:00,22.277604588149163,-1.2710871853355816,4.942164043746473,13.036417975357718,78.73746716230951,3,1,4.220078762919292
2024-01-01 10:07:00,79.7063261986762,-1.5839524180577278,4.733570620910147,2.2641937731780244,80.59858597920952,2,3,9.680898737513736
2024-01-01 10:08:00,105.80287342122097,1.3830879241579597,0.459732098465988,-1.9227885839674803,53.53600058165876,3,3,10.245943216178803
2024-01-01 10:09:00,97.69508227093942,-2.758048561674296,-3.8601350629007625,38.33580985634228,43.784047938051145,2,1,12.836834854315567
2024-01-01 10:10:00,82.21611718493808,-2.431389173792436,7.115593391410751,29.36656686972725,57.64331888367802,1,3,12.390889633835965
2024-01-01 10:11:00,13.25182360933232,-2.9592709558584613,-0.6542612122352374,36.35284270318529,27.45711407141588,3,1,6.957649001199662
2024-01-01 10:12:00,34.70249355551398,-2.0823408811474438,7.7339534271655666,26.447487392191515,23.6744025783272,1,1,9.368844236545666
2024-01-01 10:13:00,37.17682503869628,-2.586059947737243,4.129645131862395,10.41018268852106,28.928255956151343,2,1,9.093480085742536
2024-01-01 10:14:00,29.994833567714547,2.974814206679511,0.30555937146217,0.5357463692521076,34.971602516978095,3,1,8.310608657304083
2024-01-01 10:15:00,61.80067916516678,-1.2671401802754625,3.913707234604342,36.81880866737503,60.33414562704344,1,2,9.373850713795743
2024-01-01 10:16:00,64.2664577855607,-2.104391923984516,4.682390385421563,17.03285698589235,87.93093089288976,1,2,8.964577469139279
2024-01-01 10:17:00,42.82631702053322,-1.5540224520244923,5.600251116380084,12.842904832493026,38.85138655997496,1,1,7.788394981277598
2024-01-01 10:18:00,42.45469904837232,2.6167534292408074,7.33507201760607,21.000642755760545,94.81296085974223,2,3,8.172516536569507
2024-01-01 10:19:00,99.42667174872976,0.1209613381463743,-2.6036758667302298,-0.2048305356018929,96.39263271480029,3,2,10.148504102854496
2024-01-01 10:20:00,94.71514179836228,-0.8110914221528587,9.16216577152925,8.914171871851778,96.71236838761642,1,1,7.852490954514688
2024-01-01 10:21:00,36.935499801689474,2.2403487474553163,1.162609216412663,23.704424819417515,87.0050187741059,2,2,6.334777841525726
2024-01-01 10:22:00,109.65461326479112,-0.6300583767058052,7.906754475645659,-0.4944674139280138,49.10600326381765,2,1,10.284129538024134
2024-01-01 10:23:00,114.33780204030072,-0.9899485802538256,-1.6928060694832228,1.085924153419776,25.814712880209846,2,2,10.204726246670324
2024-01-01 10:24:00,39.2091050436049,-1.7563048647015866,-4.564565416929279,17.9764538840975,65.50549854131958,3,1,5.640295160192951
2024-01-01 10:25:00,42.530993855166585,-0.7332190565435308,3.600160654342762,23.0555706070491,64.69451551497869,2,2,9.568348775160224
2024-01-01 10:26:00,60.67609841063506,-1.099893863898444,-0.1300058139134154,3.4150767607205825,87.99806136876765,2,2,5.081348048855411
2024-01-01 10:27:00,112.93449750404082,1.063823755788846,9.76693007421924,-3.5111914495028684,99.6792840756884,3,3,11.285983174822478
2024-01-01 10:28:00,105.15833197707738,-1.2625037719756371,-3.4331981792692563,38.12651017450403,60.65258452481181,3,2,13.33291181048003
2024-01-01 10:29:00,12.308155510030776,0.4631984785353689,-4.290457009947174,-3.7628303952849422,47.61632248318274,2,3,7.248351633536088
2024-01-01 10:30:00,47.127689192569946,-2.604647009808164,-4.324732721703001,-4.907658131571146,34.87213692450136,2,2,8.699240903863162
2024-01-01 10:31:00,66.40454276997262,-1.8522650598209136,-1.7468945716430824,9.550325597268989,20.383985985389657,1,1,10.516222624772473
2024-01-01 10:32:00,60.3758967061848,-0.5555683703319074,3.687866745480076,5.010392594900569,60.729095399110335,3,3,9.389623204939449
2024-01-01 10:33:00,23.26356815242712,2.621695523452173,2.583450604670376,20.81138629441949,64.44149333620766,3,2,5.20518223340796
2024-01-01 10:34:00,103.05801254017857,-0.7364880857058278,0.2511370725034219,35.239399457848606,85.99507838539179,1,3,8.44945791386809
2024-01-01 10:35:00,81.23289395962048,0.9844447271990048,-3.6681033887463608,16.649845259769158,60.36615743142405,2,1,10.16786526495616
2024-01-01 10:36:00,100.54900498221645,-1.4694766654716112,-1.4939435780852175,29.79855439676368,93.31746789328452,2,1,12.101013652771575
2024-01-01 10:37:00,103.05171352193666,-2.2377985441606096,-2.237794028229247,35.915216731552746,70.24667812571484,2,1,10.910399365569704
2024-01-01 10:38:00,89.80270243988878,-2.6487803995196995,6.185002557340727,3.522984412279337,87.22689905768665,2,1,8.193523582540303
2024-01-01 10:39:00,52.70527214996608,-1.167519008743492,6.699195745019711,16.973989875490265,31.86413878461977,1,1,8.974646232646506
2024-01-01 10:40:00,73.26561060185095,-2.054033839218552,6.655210195927296,23.893149981942827,88.42689042418517,3,3,10.61456884332634
2024-01-01 10:41:00,19.243848734369177,-1.9559373119032548,9.53560816621223,9.934745706415503,74.01150835550787,3,3,6.764915852556029
2024-01-01 10:42:00,80.83745009698892,1.5645558503217003,8.26356919501048,28.28884499447913,33.61864259506645,2,2,11.216315208787725
2024-01-01 10:43:00,21.51039068871369,-2.9049715743307547,2.4670712076775727,26.73917388498212,35.18108465168087,1,2,7.132087928262887
2024-01-01 10:44:00,83.27395086121882,0.3468607544126065,1.2240403136374771,13.94924278681388,94.1200495235377,2,1,8.288822539640512
2024-01-01 10:45:00,27.55177929047624,-0.7232317164392112,8.736527765641927,-1.0420810958992357,22.577228836029832,2,1,7.592513110549625
2024-01-01 10:46:00,14.106156018026397,0.0392999994512832,4.1683787807222,-4.479404743283918,57.00279546365649,1,3,7.702840643118092
2024-01-01 10:47:00,19.83413881715489,0.3769814232876172,-0.5840199946160709,11.620730297238271,45.078023194728125,1,1,7.752011344868918
2024-01-01 10:48:00,0.2390562262884321,-1.1197938332563309,3.4669604157275096,-1.306901969708078,73.20619519987424,3,1,6.475649930856739
2024-01-01 10:49:00,86.24875414242364,-1.2293468388942883,9.882241340441894,30.173099944371742,87.17035100551936,3,1,10.426415057451614
2024-01-01 10:50:00,87.88812588700549,1.4004110960094345,7.742050902285435,10.044660247104137,48.830249724525565,2,2,8.767580710366246
2024-01-01 10:51:00,61.792001989591135,2.227661928726943,-0.7808042591068762,24.97442241062636,54.15216698582697,2,3,9.137615138794068
2024-01-01 10:52:00,19.363536126646043,-1.8445102052488327,9.294316388758254,10.587054428520624,98.55342276011314,3,2,5.638710909584734
2024-01-01 10:53:00,10.02652050128277,-2.414287436789106,9.721931672186738,30.81722875726081,82.71332077433622,1,1,5.9686999524147
2024-01-01 10:54:00,2.295475972474441,2.386774838352156,-1.5324956087687718,34.978562347890154,91.77633047454331,2,1,4.592150556149495
2024-01-01 10:55:00,19.889781235826483,-0.9006272181156083,8.433881777520119,32.6881367168233,55.10097765213038,2,2,5.209581861246792
2024-01-01 10:56:00,106.9026641979776,0.3079043439768849,8.24804076548248,16.801310379093398,38.72609631872922,1,2,11.658633112614572
2024-01-01 10:57:00,28.984421004201813,-0.8427411328799792,-4.403696401489391,-1.2221775108580777,52.94907723091613,2,3,7.350262141762542
2024-01-01 10:58:00,42.51255926606588,-2.245185981923692,5.0453378959253055,11.726999760704327,77.28735342652108,1,1,7.408693997592659
2024-01-01 10:59:00,12.641458137759985,0.5359898696863681,-0.4207893045324598,14.10051976172872,28.754432386878342,3,1,7.20686853426054
2024-01-01 11:00:00,26.68335656978044,0.1508451106177779,5.119189397378138,38.21143048855936,41.63752844932071,3,2,7.31347608040958
2024-01-01 11:01:00,62.30694849362462,-1.7820386448528167,8.703380412853653,20.447378734319305,23.73087203692723,3,3,10.489499201280376
2024-01-01 11:02:00,72.9303219714783,-0.2887857320863327,2.4816887198427766,23.838080480339872,54.587819067050525,3,3,9.723518245184328
2024-01-01 11:03:00,29.44227769994533,1.7816850240938749,1.2161924618297917,30.190161145093327,86.19565887836906,3,1,6.592975275849419
2024-01-01 11:04:00,6.927859107014065,0.5425566186473478,8.82296906781126,20.569111024465244,21.973095063840866,2,1,5.982899686202853
2024-01-01 11:05:00,46.92394429528784,-2.4184960375980307,9.61172376607799,21.931807413224288,74.02588214457327,3,2,8.478903809369397
2024-01-01 11:06:00,28.104404511160094,0.2881289833748104,-4.06645508309296,6.039750880057239,94.59966996109917,2,1,8.35035992416194
2024-01-01 11:07:00,26.346470787576237,1.216429795737521,8.842721037223109,-2.351002659742598,38.95422892089458,2,2,8.77447868187516
2024-01-01 11:08:00,115.18353632561464,1.7562204346845078,-3.758471997171667,27.462364559906604,75.49078725821185,1,1,11.04999703474567
2024-01-01 11:09:00,73.95605831108689,0.7747054718056008,0.0592932007538449,33.19081138094917,98.00815208801605,2,1,7.234714096138617
2024-01-01 11:10:00,66.82541318065151,-2.084051012755298,6.438611836454902,13.540008249629672,96.98224481219704,2,1,7.172769137192766
2024-01-01 11:11:00,49.89301242279864,1.2610395995409638,6.65555472909543,19.70115039616944,38.79433544233146,3,3,7.476258965623983
2024-01-01 11:12:00,51.47332001161731,1.0640510764890987,5.887328360187494,8.827835230106663,28.026484256965496,3,1,8.495703125131906
2024-01-01 11:13:00,64.9086004605697,-2.8534387023562005,-4.413312679083974,15.259926705958062,31.862603031673277,1,1,9.605541825333102
2024-01-01 11:14:00,83.57157684433287,-0.529513994458541,-3.0055092796386007,4.400037681990479,76.16285347857138,1,3,7.12533267911222
2024-01-01 11:15:00,84.25753154181953,-1.0022985182257602,9.043247473296228,29.194906364723245,78.06071003626204,2,3,8.211690773395855
2024-01-01 11:16:00,20.603268924653943,1.01647238552186,-3.778079174061638,17.136030449879282,73.93892493025592,1,1,7.848787716444733
2024-01-01 11:17:00,60.013530249195234,-1.7031851261344757,-3.8218112454032505,19.62204489449855,46.886271019379045,3,3,7.71285206854109
2024-01-01 11:18:00,49.43497140409224,0.545231537845551,7.534689066368053,-3.331036478244957,33.58215518064977,3,3,8.819254077774568
2024-01-01 11:19:00,104.4632359523261,2.479235770885034,4.618986298343293,23.007927653200632,66.46088735618025,3,3,11.264101853580373
2024-01-01 11:20:00,75.77027054620517,1.786814233251646,0.2748408376776936,4.119511540350526,58.69443566062933,2,3,8.68531909717213
2024-01-01 11:21:00,63.90048796991782,2.528746417299182,-2.514342693925604,12.252758996419246,78.30673176978428,2,2,7.945623739750536
2024-01-01 11:22:00,13.847357061470085,2.87103580159614,8.262556298392223,13.572206504312897,55.30880629484972,1,1,4.348593200966573
2024-01-01 11:23:00,72.67654671880938,-2.935979237963023,9.828066364427682,15.19296688696408,47.09117557491747,3,2,11.245755080532842
2024-01-01 11:24:00,14.06446868162801,0.7364476582648654,-4.250424073357562,5.234637510164347,43.47828618872115,2,1,5.254507772888759
2024-01-01 11:25:00,40.46478906789025,-0.5229636134465614,3.3117007313530262,33.254960112203825,36.91762560397972,2,3,7.642569966445254
2024-01-01 11:26:00,17.141035777719825,2.1591269420107304,-1.080446226412774,14.253256781708014,41.25971009493291,1,2,6.190289776782769
2024-01-01 11:27:00,83.04883764292427,-1.4891117879452098,7.485802503245562,22.54605060587176,27.58643510752811,3,3,10.00759280531494
2024-01-01 11:28:00,24.750253660338316,2.8861769346904573,0.1910963766220854,22.627189556219783,47.74856087431117,3,3,7.395982994132206
2024-01-01 11:29:00,47.02312478256312,0.6822478172624837,5.719439337795098,22.31431034896144,22.925584989036658,1,3,6.866419539235251
2024-01-01 11:30:00,107.48097331425345,1.761224413372986,3.0928513228941554,20.16931040273187,34.913107773306145,1,1,11.057721683802342
2024-01-01 11:31:00,24.517966007876435,-2.48640268306339,3.1228507239245538,32.01815867191549,79.74163556955432,1,3,5.270229114587738
2024-01-01 11:32:00,60.93660767505349,-1.8992526914468095,7.869991467706322,31.567801618623516,46.03751909412981,1,1,8.706133738844878
2024-01-01 11:33:00,50.31259933992264,1.5504220382052196,2.056066388868463,13.771505767218656,73.45896135818751,3,1,9.460347621060333
2024-01-01 11:34:00,2.174884925487568,-2.8680808677640584,7.68399301216721,23.613072165877977,77.3507340477822,3,3,4.000874326743174
2024-01-01 11:35:00,95.13097362873754,1.9012679153626968,0.4514024205636318,-0.3726839962990969,66.49482741856909,1,1,10.085508384412694
2024-01-01 11:36:00,8.285508757751966,-2.916305887848531,-2.3782558630354247,-0.9152294779242452,96.69581930923188,2,2,5.1131829808988725
2024-01-01 11:37:00,56.91060251723443,0.9427130343676398,1.8321606648492264,16.596238248456785,21.71518932984906,2,1,7.821914358403267
2024-01-01 11:38:00,67.281395392674,-0.8094364786091646,2.475336720655333,35.50918106227096,79.09221204705136,3,3,10.041011860858545
2024-01-01 11:39:00,75.41117479375045,0.6689691163151945,2.175747964566872,24.2499866135663,96.70293151523263,3,3,8.042556871555064
2024-01-01 11:40:00,82.63579551694507,1.1761884419346824,7.124956178189233,25.114739019141737,88.98173834823514,1,2,10.62298091549056
2024-01-01 11:41:00,30.39268602272581,-0.9451486848821746,3.470184121901457,2.0952990435775583,33.43141534440107,2,2,7.37384522608149
2024-01-01 11:42:00,1.1974531990139248,-2.352225311334987,8.326661076382043,15.39869999209775,46.14562450013857,3,1,5.188596864586135
2024-01-01 11:43:00,86.81323948258944,-2.582124793510406,2.712782423739132,13.035592524302212,33.79614719011723,2,1,10.424576372974975
2024-01-01 11:44:00,64.27879192170943,0.5336161353752873,-1.629273756769936,30.23402560393869,68.10466910517633,1,2,7.831750987793984
2024-01-01 11:45:00,100.33412438486984,0.1239321224046694,-3.0575623960587106,1.2020843547520617,76.97503855835939,3,3,10.999064786365231
2024-01-01 11:46:00,98.56660354808332,1.453206054726795,8.025442314169315,19.2635953298862,45.36590154904466,3,3,10.97942243132236
2024-01-01 11:47:00,101.19914013454598,0.0584130600236227,-4.157408016466825,36.01081761469833,63.16052591874364,2,2,9.857781550807232
2024-01-01 11:48:00,58.211359197544816,-0.4653252598147253,-3.235855821203566,35.16069503435791,75.2736456056956,2,2,9.28507333113306
2024-01-01 11:49:00,40.03540750042388,-0.6114769305826151,-4.045122216235384,33.355169938647414,53.70718532888387,3,3,6.342596696990664
2024-01-01 11:50:00,94.9869843109644,-2.841318584413995,1.3560129577273037,11.87433908213725,88.32124243643675,2,3,11.700859869640524
2024-01-01 11:51:00,54.15529356351059,-0.9866567898200572,2.9892342459039014,37.3495310794776,81.72399482302538,2,1,7.845593974987806
2024-01-01 11:52:00,22.013063568412143,2.856120945146966,-4.701879034660989,31.23852288967173,25.17324350804565,1,2,5.637774965393751
2024-01-01 11:53:00,102.59688234737692,2.2413334573625328,2.7337925033740644,33.301359365840646,69.69002392726632,2,2,10.548256738720925
2024-01-01 11:54:00,105.90718521268168,-1.023731597794694,0.9063920693593904,36.95592074462442,38.826044076779965,3,2,10.867846841413035
2024-01-01 11:55:00,55.957170736820416,0.5267724303982328,6.604677736838472,37.16505695263364,64.60146117338202,1,3,8.318735585452309
2024-01-01 11:56:00,9.083967277174496,2.083780473212964,7.449349326193348,5.802923346699588,96.5510754106373,3,1,3.868086664957967
2024-01-01 11:57:00,46.53913079003175,-0.352353979499588,5.2745115457930805,0.7459470299725091,90.32496036418,1,3,6.869990480448775
2024-01-01 11:58:00,96.4245191355124,-2.8922528174990942,2.102433029749359,26.08937246070919,52.361312249210535,1,2,12.76440459906252
2024-01-01 11:59:00,108.21288342554745,-2.55293722908816,-1.757771074370178,20.344628048671407,43.32110866754827,2,2,10.93419105699441
2024-01-01 12:00:00,24.4167290997115,0.0623563280922399,7.706723009538402,9.734192753436943,38.75245955266072,2,2,7.373429401215826
2024-01-01 12:01:00,8.036833443032583,2.81663625405527,0.1250371006662529,25.800227804965704,62.601189580521606,3,2,6.390875229937654
2024-01-01 12:02:00,105.28205437594065,1.159257253313207,0.3443783079242379,-2.2101405207835216,29.139876260644503,2,2,10.508092818674784
2024-01-01 12:03:00,46.72859267746504,-2.5745028513685826,8.740173207805672,-2.8756257576852464,63.942000650259885,1,3,9.707272276536118
2024-01-01 12:04:00,65.01131571210759,-1.8638347452488235,9.633958833968697,10.943976289079204,20.106691159263363,2,1,11.214724969791153
2024-01-01 12:05:00,116.16789744609108,1.6279388593011,8.471964345767562,3.723098054447238,45.90797045966759,3,2,12.230623516765686
2024-01-01 12:06:00,7.9877673497067425,2.0486385597374683,9.973520853416217,27.335022283190987,37.5947451064465,1,2,5.220329127325744
2024-01-01 12:07:00,77.79816089425147,0.7061675171315454,8.03363265852216,37.66098270586864,97.69750319686256,3,2,8.617015788655769
2024-01-01 12:08:00,8.89265070898405,0.8665390177788996,5.565362764301227,24.77323361580815,78.17938556559832,2,3,4.244887493780801
2024-01-01 12:09:00,45.05627141598004,-2.829975297699692,-0.5927090064279072,24.46529652074037,47.97227043697902,1,3,8.920221513173562
2024-01-01 12:10:00,96.4577454232136,1.971181557489051,9.294355733498143,-4.703199196118757,27.42760692244964,3,2,13.728496446818166
2024-01-01 12:11:00,52.01666793067613,1.729651249024978,8.149402474206305,18.05246372760836,61.34404757524992,2,2,9.0080976402099
2024-01-01 12:12:00,119.66188246835404,-1.445789135379917,-1.3887981137652017,31.769559407882177,37.075830506083385,2,2,11.604620860395716
2024-01-01 12:13:00,67.08711419359226,1.252060319793042,2.3374370986274045,24.435416440210798,62.91436367186862,3,2,9.067472039535296
2024-01-01 12:14:00,38.539458316314416,-1.7108723614500114,-3.949165090616748,5.2502073091975525,86.8289883343114,1,2,7.989669186826725
2024-01-01 12:15:00,26.413359108570376,-2.758019033690922,9.299632949008256,33.181386179224035,69.26340416811084,3,3,7.452511336792408
2024-01-01 12:16:00,42.06246411433942,-1.7931807444577363,3.5915249158218394,38.3969525896832,70.70307356360019,2,2,5.576667347042577
2024-01-01 12:17:00,44.7039928511461,-1.928226739474203,-1.3219918110775186,7.55467813751217,63.28242312502492,3,2,7.483254784327444
2024-01-01 12:18:00,8.245641326875317,-0.9735120195909168,-0.6140102956418643,4.319245397461302,94.18125061051272,2,2,4.123557669057855
2024-01-01 12:19:00,44.34890393121278,-0.4893030169472512,9.709845589447896,10.233710709370415,94.55221475364826,1,3,6.530040427329046
2024-01-01 12:20:00,55.70862236870699,0.0512333489862477,4.234214377062965,-2.157877225504801,61.017856085884176,3,2,7.822527370275558
2024-01-01 12:21:00,86.72853026865656,-0.1394767469500308,1.310246861596056,34.3044702889094,44.46075897148035,1,3,11.88038771691623
2024-01-01 12:22:00,78.80753816659296,-1.3759523642082638,2.497681926783072,36.81847662396165,56.76696047035552,3,1,10.872205779142677
2024-01-01 12:23:00,85.05187862749851,-2.824975988555553,-3.5217489143398497,23.498636783490863,34.92463297564925,2,3,9.308185142896868
2024-01-01 12:24:00,1.0036418252228518,0.6306097334229044,-3.87465859890686,29.39506657840507,70.90754522544714,1,2,3.7799156775737055
2024-01-01 12:25:00,26.120087949664324,-0.625531020915874,3.8906161495057727,25.089280484582023,60.007386862578656,2,3,5.80114939133997
2024-01-01 12:26:00,79.40211460798278,-1.2079670556747018,2.6800605466047465,11.980940318044109,28.264038225062396,3,2,9.291479460840335
2024-01-01 12:27:00,58.078724181569655,2.201646256983074,0.3872978695516167,23.44190629244196,35.811822489569224,2,3,7.908519447826243
2024-01-01 12:28:00,0.6376170802015135,1.4804598467889587,3.491709287670467,32.63440768938008,58.37055649596215,3,3,5.252244383925397
2024-01-01 12:29:00,96.53935709181869,2.1465932902346534,-3.909860758442416,31.44583346060952,91.00711925750866,1,1,8.996503262021825
2024-01-01 12:30:00,92.7371487948405,-0.0301032317252341,9.159867571473194,-1.3524113112496463,65.31125765048779,2,3,8.78385592249395
2024-01-01 12:31:00,65.81029955922752,-2.214412487239336,-0.594324683236672,15.817043224440267,74.52280001667766,2,1,8.239863470016783
2024-01-01 12:32:00,7.975599093152654,1.1773286167276344,-3.923318139920017,12.87946587807625,47.12228397951278,3,1,4.891074797060413
2024-01-01 12:33:00,91.98180594391016,-1.7635573203769486,-2.457435911388439,28.840393560093908,65.71291144353874,3,3,7.553082396024983
2024-01-01 12:34:00,70.04563052776368,-0.3526219854496992,-3.5678912827622478,17.561917279560248,55.7903858110454,3,3,10.12544429528988
2024-01-01 12:35:00,93.8351972589551,-2.609995266306669,-2.320932434604781,10.736549885623882,72.73039300985286,1,3,10.056631132084602
2024-01-01 12:36:00,90.20963908750085,1.951850414537894,1.2513108223991782,26.78573922669407,24.04604528632083,2,1,9.954443723431789
2024-01-01 12:37:00,96.36024863494046,-2.2443561537149965,6.070763409032812,16.311033415115443,59.46401729911673,3,2,10.711580547171849
2024-01-01 12:38:00,62.16096796855498,2.4185850422958577,-0.9147747881744036,6.548081248883875,43.67941001151736,3,2,8.795124581237243
2024-01-01 12:39:00,16.8389421832218,2.1853836135693427,1.538899329124658,35.06876151746015,46.09480490223274,2,1,7.0914687665397445
2024-01-01 12:40:00,80.53889680556264,-0.2125034133645238,8.931359318323544,0.087153166887326,96.87339452464492,1,1,10.388698321445432
2024-01-01 12:41:00,74.45685420623647,1.4662092258239436,-0.5626739101103686,-4.186053190153105,34.61558501691062,2,3,8.79065560808105
2024-01-01 12:42:00,89.07038246389047,0.7166704429089199,6.920796298970647,1.4759964691617729,44.89962020628775,3,3,12.09081053935304
2024-01-01 12:43:00,20.38572072608824,1.818453854026469,-2.632746912764504,2.3639464073804897,60.79140605846974,2,2,8.087173659085803
2024-01-01 12:44:00,23.397023988034707,-0.4091693952845276,-2.3251738061412857,19.211899002140456,89.0421558519699,3,2,3.843209325600348
2024-01-01 12:45:00,106.84914206631942,1.7148509054661003,1.8422931021439848,23.118947528666688,53.33360665650964,3,2,10.518888172811655
2024-01-01 12:46:00,89.9973358142485,-0.2252590976091122,-1.488466243004205,15.187501032645962,79.50922247105368,2,3,10.043145079883514
2024-01-01 12:47:00,108.98741864403875,2.6457947270567628,8.545421106913903,4.187706037553911,88.5099278571842,2,3,11.387070354083868
2024-01-01 12:48:00,91.04583853967048,-0.0817673950491144,-4.238715633147833,0.9485904457266344,44.80130846574792,1,1,8.172759224466532
2024-01-01 12:49:00,71.65863671883622,-0.2242843683976225,3.959088492157594,17.14683861056769,51.4200146830968,3,3,9.613807705509668
2024-01-01 12:50:00,78.49592844334484,1.710431169381076,4.0634409422427975,20.446738942891542,48.5244978950685,3,2,11.10650816691481
2024-01-01 12:51:00,106.6953508728012,1.929466150565028,-4.009611087208285,8.678261726656332,86.62846468943368,3,1,7.069032002426072
2024-01-01 12:52:00,69.45681054143286,0.3269346859270245,5.98846322306337,4.919797630343837,23.547748956288093,3,3,7.580920057344561
2024-01-01 12:53:00,75.88695891940648,-1.921213119029548,2.03346316768294,-1.373327291865774,44.6736871062944,3,2,11.313473346330497
2024-01-01 12:54:00,18.77720592043207,-0.1934506142545231,5.846100602422128,-3.818998085349529,74.35268460761039,2,3,8.396323043652119
2024-01-01 12:55:00,56.87054641393232,2.80843501745807,7.403874789026048,-0.2418606123719051,65.23547996522741,3,1,9.008604878938195
2024-01-01 12:56:00,85.96765343497188,1.517917158235111,-0.1565097201395922,28.39357355277733,54.90314874349554,2,3,9.93577380871026
2024-01-01 12:57:00,32.51312379796385,1.8669756232747936,2.267288244032315,10.480839256925025,63.19585817771075,1,2,9.621223086982733
2024-01-01 12:58:00,24.27050166294419,-2.803047007084559,-1.0885883034798294,-3.7661488069144,35.80676686626546,3,1,9.90982367406844
2024-01-01 12:59:00,37.65921698692986,-0.1928432241950406,-1.9772980471649748,17.867437233445507,54.45732972864083,1,2,8.258772996558324
2024-01-01 13:00:00,28.980075359140013,0.8797268019453321,-4.991078629360139,19.12302700998814,60.13623873410793,2,1,6.601836193587243
2024-01-01 13:01:00,25.7895164443675,1.980196101768448,9.45447268119756,14.290995082557709,92.09512975636814,2,3,7.038232964709882
2024-01-01 13:02:00,50.98210114417044,-2.704358078503371,1.6139270399447234,-0.0192734584031342,40.866813024318105,1,3,7.787981595652883
2024-01-01 13:03:00,108.94062166602409,2.1146333138512388,-4.803953404116889,28.97353289226836,89.42628017319461,3,2,9.738629310210216
2024-01-01 13:04:00,60.84715760864619,0.2904056204514704,-4.8659213364792775,26.00867147064786,71.53931206607855,2,3,8.001340862942149
2024-01-01 13:05:00,22.550445697838764,-1.8161161765436404,-0.6747114717320741,12.762811222221467,21.62726648540808,2,1,6.575161046973448
2024-01-01 13:06:00,9.236600325704888,-1.0964687013018,-4.790934819348224,12.13669105366306,77.97050695195149,2,3,5.150160235172385
2024-01-01 13:07:00,83.53873741655103,-1.3084226894906354,0.6177192648782253,2.017080172567441,22.844150203924407,2,3,10.08733055681765
2024-01-01 13:08:00,45.93585173236654,0.1851542057308548,-4.055922478415782,28.909720618948725,99.79049014510504,2,3,5.727970683891281
2024-01-01 13:09:00,98.61971359024312,-2.689885920533209,-4.4112261327453535,21.98082569528948,89.81093501529583,2,3,9.067706118035831
2024-01-01 13:10:00,79.14129223689243,-2.048783049000459,5.04072091111825,-1.1392949519174458,43.78749980320365,1,3,10.752037552419496
2024-01-01 13:11:00,95.54897406496424,1.8761582602546945,8.60261934164327,12.012855629661107,40.59289841573644,3,3,12.005553003011284
2024-01-01 13:12:00,32.63352473021385,-2.2043760555191336,1.1407987495341896,35.660242415582616,50.51528656844872,3,3,6.6776272855752685
2024-01-01 13:13:00,83.08307069532698,-1.5996223832512382,7.551556454138989,15.35685707453018,48.49335722515544,3,3,10.713263721683704
2024-01-01 13:14:00,31.68743816324625,-0.2797763663750561,-4.561018082963793,9.621737468525971,49.787025470830486,3,2,7.475764637835136
2024-01-01 13:15:00,112.688217534035,0.1027253286799827,6.665350839552737,23.97028339518677,45.46212368955843,1,2,10.10880273919945
2024-01-01 13:16:00,76.36491378400493,1.581662877684952,-4.058000115156636,4.133756995782623,69.69067254786651,1,3,11.265408724691408
2024-01-01 13:17:00,38.94141602104105,-0.3160054400028733,7.576591347960274,18.57115291932308,33.141093097649915,3,2,6.651543770892704
2024-01-01 13:18:00,32.34142347507272,1.739187726213233,8.23549517308096,25.12852391036405,87.67850339568105,2,3,6.371535689722761
2024-01-01 13:19:00,22.91119020859722,0.710077842272745,6.789607635734715,33.4695287188785,84.99219872250522,3,3,6.869365183721849
2024-01-01 13:20:00,83.35691506724733,-2.3214015634570653,7.311235366169337,26.16269362500415,58.11865662842163,2,3,8.073726446286408
2024-01-01 13:21:00,26.245873559751274,-2.0620113696429687,3.4222684949847846,12.2984408725854,88.21839722228381,2,2,3.891899742350695
2024-01-01 13:22:00,71.43639191129868,-0.3777976473013753,-1.0267258612602208,29.551007800673997,39.77160560242346,1,1,11.114788285284444
2024-01-01 13:23:00,31.75620323104288,-0.6186636414657625,4.6484650399145,35.42799676318788,21.405236456317358,2,3,6.978967059826215
2024-01-01 13:24:00,79.43627337526424,1.4612656178237673,1.5931247361454206,16.49936310969728,69.53663400238584,1,3,8.968977452427541
2024-01-01 13:25:00,97.7927674248647,0.4844228387841109,-4.91995158621431,-4.797464653252294,56.63275255717723,3,1,10.019198748001394
2024-01-01 13:26:00,93.36302917735838,-0.671201513986504,2.1523855965225254,34.64131116783298,65.37316370366966,1,2,9.32879380579207
2024-01-01 13:27:00,91.3021597116938,-1.9754382992976864,4.767818868258184,2.4448896223937924,91.94715272147224,2,1,10.146308681855164
2024-01-01 13:28:00,22.526688683070248,-1.6389773860470291,-4.791745104630189,0.6846477241167994,97.59404588527548,2,3,6.750644724129668
2024-01-01 13:29:00,10.606193638142244,0.4530061108143539,4.320405041622365,8.845535458301418,70.75625118044825,2,1,6.730151496499021
2024-01-01 13:30:00,83.87385941848628,-0.4593671706012454,4.787978593252845,12.099268542584252,81.12444718819506,3,3,10.592664057872636
2024-01-01 13:31:00,44.20166565532216,0.0895650531640326,-2.628386326416549,30.971951418399343,26.70467467897314,1,2,9.252755314349562
2024-01-01 13:32:00,51.88154716840168,-1.975935388186598,1.466112777347643,12.51325233009079,32.85724679132045,3,2,6.9399177736107625
2024-01-01 13:33:00,3.737891135206928,0.977437514067395,9.464989013336988,-2.803047514061751,78.65638439623812,1,2,6.5052785252233445
2024-01-01 13:34:00,31.149173913005903,2.1152324451358027,8.262838416996738,23.618275599577533,54.50923651104016,3,3,8.712412431002022
2024-01-01 13:35:00,4.041168464935683,-1.4523629592785965,1.162321342873791,25.204946054350376,55.677221632352456,3,2,7.389774691523477
2024-01-01 13:36:00,105.50229271214972,-0.0509146450090405,0.2476940203623332,31.639941437444666,44.688614530834926,2,1,10.494816138149329
2024-01-01 13:37:00,29.207601986223658,2.853163974125411,-3.13878978534716,12.948973629750927,68.5885106782195,3,2,6.737948486129378
2024-01-01 13:38:00,66.88046034876096,-1.0005495566956342,-4.472163731897603,-1.126801570654532,34.81320363329621,3,3,10.437937008303011
2024-01-01 13:39:00,4.6775184793356495,0.5702780695425673,-0.5380583383688196,19.887802496254867,70.15330234511165,1,1,6.607990116306335
2024-01-01 13:40:00,80.02168695667896,-2.458825798798534,9.104250206233576,0.4448822159877963,33.903908570819176,3,1,10.819818016332553
2024-01-01 13:41:00,38.76328149049127,0.6360900148766593,9.37920177000501,-4.231610463906054,25.10608277677709,2,1,10.087209483771684
2024-01-01 13:42:00,107.7503024349199,-2.4622093601722925,7.187790108644144,30.036256233310556,46.42861509592488,3,1,12.474375207616426
2024-01-01 13:43:00,106.5741826720843,2.7554126119429325,0.2623722027978923,13.15347701522728,38.49122736078782,1,3,10.6936539196821
2024-01-01 13:44:00,39.034874203409736,1.2939759124338686,-2.8456035067683323,18.625232742809622,91.11933108450658,1,2,5.945959295144894
2024-01-01 13:45:00,108.11530748285617,1.7289587288142387,3.933002134085189,24.82821412458403,24.396276309490126,3,1,12.427554423159265
2024-01-01 13:46:00,119.53892081985346,1.2246261646298215,4.697575108092721,13.046245002005726,34.12909540592983,3,2,12.38081208411216
2024-01-01 13:47:00,99.04987969487377,0.5383742164587946,1.3686035386840611,-2.699078338517192,63.89756844664396,1,2,7.632793734962934
2024-01-01 13:48:00,101.38456173062748,-0.300523313486968,5.374701933379605,6.373464596858227,58.48537526779789,2,2,10.172873484488289
2024-01-01 13:49:00,29.88104833309079,2.1502402785663746,6.2002282847760295,3.7453536102075455,23.668161469976123,3,2,6.235775307743444
2024-01-01 13:50:00,69.20428786293076,2.7410140052583785,6.745924953621699,38.98273093709195,20.58019424121156,2,3,10.857708408769748
2024-01-01 13:51:00,8.070709676084142,-0.0057829625755121,2.534471670362609,28.277745431145696,99.045435356892,2,1,6.485317434659862
2024-01-01 13:52:00,11.390152418600366,2.589210294931572,6.874611663396001,15.319749921843664,72.70677602870705,3,1,4.562704215102031
2024-01-01 13:53:00,119.86711344399488,0.4999974599311052,-4.617853605958148,-2.1484671594118554,49.23249047212455,2,2,11.564052327062676
2024-01-01 13:54:00,39.19670993110931,0.2303051213785991,5.206065501083044,0.2132735115221748,57.6345798130593,1,1,7.085410249448179
2024-01-01 13:55:00,89.78206944586157,-0.2731036022678599,-1.4654906442428022,31.58048061721366,41.32400963634296,2,2,9.252250166820236
2024-01-01 13:56:00,96.79980636321798,-1.7442734308192809,-0.9421956246852012,37.54520922266503,47.58990269545678,1,3,8.884168905134443
2024-01-01 13:57:00,102.96279252086752,-2.977682035091645,-3.6304744008990153,-3.58924169861022,71.92355738145712,3,1,11.446236722087228
2024-01-01 13:58:00,119.71539568825878,-1.5509626388636324,-2.1141160461023105,35.96787052097241,90.62494390938966,2,2,11.565150525397476
2024-01-01 13:59:00,28.979578230824146,0.0583390296213908,9.880123495030045,12.125367102369635,34.730401846494786,1,1,6.122438466652064
2024-01-01 14:00:00,4.842099223163965,-0.7202402864414847,1.2308519584521296,4.613469729415327,87.2289204308255,1,2,6.180511638256826
2024-01-01 14:01:00,49.34298215935031,-0.3090886319841974,8.916480980330283,-0.3995439164064338,29.724530361461525,3,1,10.129822780463376
2024-01-01 14:02:00,15.609680379473634,2.883889317384297,-2.556507077108029,29.72870238789377,37.19937788707129,2,3,7.332155891338558
2024-01-01 14:03:00,2.691106699446615,-0.8983657759840344,-1.939117368522207,16.100971833181614,22.97402304397168,1,1,4.760364960871626
2024-01-01 14:04:00,43.25121925697833,-0.2869023638393528,3.367200307226069,32.45907018708655,31.26494896743996,1,3,8.252603118604416
2024-01-01 14:05:00,94.04859012902836,-2.1989066918830824,0.2429881131862368,5.177071904123295,93.38425163712404,3,3,11.419946708723703
2024-01-01 14:06:00,67.9416829470085,-2.7122536053780744,4.6587281286219415,25.53556165745911,56.75509972947029,2,2,9.435927779561252
2024-01-01 14:07:00,37.533358705242485,1.6524570875549678,1.3306986358064554,0.3154767189757628,26.21326894226829,2,2,6.4746887439926
2024-01-01 14:08:00,78.52104065912637,0.424099050431872,7.17395856198193,-0.9612192139353626,96.7781470431169,1,1,9.690099905804246
2024-01-01 14:09:00,27.842181637057287,1.5642288362633696,1.4733860675662562,1.0029932662788177,90.319384620692,2,3,7.716721190443317
2024-01-01 14:10:00,1.725773528650203,-2.1008232066806904,3.5852377365739585,31.400558525213825,80.3746016694513,2,2,3.943970996884028
2024-01-01 14:11:00,91.72240637237128,0.4309726270961453,-0.1839019996440685,24.5028880944688,94.67782335580463,2,3,10.074241991814832
2024-01-01 14:12:00,74.8491701836811,-1.4781451539517467,5.560614811579811,2.468375137014621,37.61035366686113,2,3,9.975993226234849
2024-01-01 14:13:00,91.4763149401152,-1.6316290985998805,4.821013134485712,12.314749480833342,86.90954344080691,2,3,11.56828830418454
2024-01-01 14:14:00,4.672562002519873,-2.9308439156820887,0.9550154916108662,29.36587043904056,75.1992957083445,2,1,4.861342312501147
2024-01-01 14:15:00,100.45435533967826,-2.2179556585855686,-0.8595184581410518,7.855347523624925,89.58073996541506,2,3,9.938737235180914
2024-01-01 14:16:00,74.3431440043564,-1.144391331001828,4.2115656223044855,36.45686705408931,83.75292525941038,1,3,11.16500053759529
2024-01-01 14:17:00,67.60744208551682,-2.298727436454365,9.147274738165116,36.15712561076157,47.719605054146,1,1,8.337239419516436
2024-01-01 14:18:00,74.95368577374379,2.9151506424656253,-3.0103546396009766,19.88053715626256,81.95188296138045,2,1,9.016073119421518
2024-01-01 14:19:00,103.73198962420368,-1.148204108856296,6.986749275183406,23.43884211184517,40.996504238791225,2,2,11.214074502290613
2024-01-01 14:20:00,70.43238078706885,-2.2180563197860312,3.14487659212136,24.394825902452343,46.28737304224438,3,3,7.992252840861934
2024-01-01 14:21:00,69.71404558658152,-1.8055061230322536,2.883395427607887,6.631080598978404,28.632457377838094,1,3,11.03426075389862
2024-01-01 14:22:00,118.88149884789188,0.5262193700488589,9.425262213639687,11.439462492579416,94.8061292784375,3,1,12.222204880052596
2024-01-01 14:23:00,90.80762004822816,-2.615738856811269,4.088121963528351,1.11734997204481,43.28026907202252,1,1,10.470678533516065
2024-01-01 14:24:00,53.07525665413623,2.1746047808469413,7.457767416227771,36.61921037442411,61.64979721371615,3,2,8.273151767012036
2024-01-01 14:25:00,84.88764000395133,2.768998075422884,2.7171587331354488,27.57322474129985,51.30662691729541,3,1,11.467104643594716
2024-01-01 14:26:00,46.70765660301462,-1.5195154759957148,-1.25219949117366,-2.91396801503086,96.79424964668011,3,1,7.630081913116035
2024-01-01 14:27:00,27.46505549801988,-0.2994283884548441,5.417354071871644,19.72243525440625,46.8039336750786,1,1,6.403794013342369
2024-01-01 14:28:00,71.62222522653113,-2.867193293823018,8.847653566660059,10.43831806320817,82.28366571381513,1,1,8.115016299209028
2024-01-01 14:29:00,111.38185177367416,0.8442613483633288,7.618451434151133,31.68795446776341,88.4332923704944,2,2,11.357840089693331
2024-01-01 14:30:00,111.49674240185551,-0.516443651684467,-2.02454590639873,10.471003952508076,54.84851979847727,1,3,10.829123948091592
2024-01-01 14:31:00,41.02863337265884,-1.3796492033906658,-0.2466632140677465,23.986755607040276,50.2537451562345,1,3,7.935322496839981
2024-01-01 14:32:00,63.3212959466034,-1.7589773363003491,2.753210109605165,2.458315005545765,79.81966567461023,1,3,7.2046644994276825
2024-01-01 14:33:00,25.396307828383343,0.9241384659525628,3.574049428540979,20.143997034207644,93.03167842449872,1,3,7.826598632354764
2024-01-01 14:34:00,119.475733139866,-0.5026978138061136,-2.092788283122076,8.224857964909715,80.39453864577906,2,3,12.69946077488306
2024-01-01 14:35:00,117.73414894415228,-1.922044265820528,-1.5498148997725316,2.419979006313075,38.170109247349245,2,1,12.58815428537226
2024-01-01 14:36:00,77.94107156489368,1.134654488920944,6.382466035531547,22.86666161214052,91.06461979501644,1,3,7.781163488306704
2024-01-01 14:37:00,96.5296871612968,0.3904336982201619,5.954761250724136,23.73885400069191,51.00653339494664,3,1,9.494122606332418
2024-01-01 14:38:00,85.812019354044,2.152032329576977,7.588132219433366,39.2509201510204,66.09835294223474,3,3,9.55357709487507
2024-01-01 14:39:00,71.17898628473618,-2.295144606741043,8.993947109203466,25.109772684750205,86.51484954341689,1,3,8.04512101597084
2024-01-01 14:40:00,6.401759638667723,1.713999611666737,-0.3760832164596248,18.20694723372077,35.07158139203938,2,1,6.849893996581513
2024-01-01 14:41:00,54.57172110631933,1.041100720903554,7.893924348558691,36.067937938813735,82.76081085420425,3,3,7.32497533711232
2024-01-01 14:42:00,80.97435626008927,-2.309934379031413,4.990176869142795,32.27263684098051,67.69302383285421,2,1,11.266688193735714
2024-01-01 14:43:00,81.30379366604215,1.168924379230324,9.366556358376991,19.69358252980804,91.46733134620864,2,2,7.606620937484541
2024-01-01 14:44:00,44.77471421068603,-0.3507162667210175,-0.918887659648762,18.010708498336328,33.757632147483434,3,2,8.423782758011871
2024-01-01 14:45:00,113.00303839896368,2.669908713335058,-0.954927475407116,37.38861335721446,53.65457896327428,1,2,11.474357076407472
2024-01-01 14:46:00,20.08284386841372,-2.150331896292604,5.5644017303909,22.770716978151885,86.627447429347,2,3,7.335828523187163
2024-01-01 14:47:00,60.04313354586727,0.8570003448944279,8.926161610574145,27.12006261262781,21.53853627654081,3,3,10.2453145883415
2024-01-01 14:48:00,82.90607718609874,-0.7081197272223241,7.368337371796519,-1.0994431033758594,28.97610934125143,2,3,10.888592475963032
2024-01-01 14:49:00,83.6562967070171,2.740888023545267,5.905593366900343,27.323752956216666,99.24521702053876,3,3,8.96069919333294
2024-01-01 14:50:00,77.83667481225787,-1.0201506282583412,0.8096379708608241,6.910682899300745,42.43153428722805,1,1,10.564721262669584
2024-01-01 14:51:00,33.03458561422322,2.7731154569508014,5.7665100205296085,0.199206544283129,98.04345549791628,1,2,7.236524544230874
2024-01-01 14:52:00,18.74478824239464,2.4089151066044945,7.016433646462216,33.23497489623894,34.60252408069391,1,1,5.480595628702006
2024-01-01 14:53:00,76.3128392192053,-1.377700588136062,6.299285196859065,26.10359889937357,48.88755544058685,2,2,8.918560240359325
2024-01-01 14:54:00,71.91625393673253,1.821250660958566,5.152161974291845,13.340394050715869,80.22955556028565,1,2,6.01873099467247
2024-01-01 14:55:00,21.52272123470892,2.9736252108210355,-4.293031224639456,14.413752679362991,72.62227257905428,1,1,6.258476112713472
2024-01-01 14:56:00,84.6166974684676,-1.484021986972306,4.895723996722129,3.8702974994417367,66.48979199432445,1,1,12.009032638531153
2024-01-01 14:57:00,54.62063900803877,-0.3793369840600817,2.174419832243656,-4.570205204017614,62.3919340644006,1,1,9.5725822402418
2024-01-01 14:58:00,80.13127099237835,0.121084419400558,9.423539073245284,10.721161280621953,87.47523549317921,3,2,11.224684805121584
2024-01-01 14:59:00,100.48404957241809,-1.230413185176814,4.107848250656065,1.6786461857163495,38.79588502667141,3,1,11.721492211475196
2024-01-01 15:00:00,20.367411429230778,-2.908410962123821,4.123408843529489,13.97770580592919,55.39767415948148,2,3,5.24808613572267
2024-01-01 15:01:00,2.297384159620401,-1.67922453481484,9.910827810546248,32.52212895684813,32.43618337251658,3,1,5.35801468531877
2024-01-01 15:02:00,93.4923103674944,-1.3083786939494493,-3.5961831532864186,0.1639463531223874,67.67532765845635,3,2,8.319952932382257
2024-01-01 15:03:00,73.16369101831391,-0.338401792090877,-0.8552557234947065,-0.8710879038734092,40.04355394170561,3,2,9.0803856818108
2024-01-01 15:04:00,83.95674835465461,-1.9733851295195888,4.841191584535384,35.59459989845029,46.70736514747087,3,1,11.453855314094028
2024-01-01 15:05:00,100.57859699863712,2.2395261401500357,-0.27145615948438,28.531280309724544,57.70005732988225,3,1,10.21529916889402
2024-01-01 15:06:00,96.33731217894008,1.2294667963880164,0.1922522189368285,-2.6118560472084464,22.141646856250222,1,2,10.384882134070368
2024-01-01 15:07:00,115.31041763145896,-2.488797134642028,8.389674096956629,-1.4193281634087285,27.35503487366701,2,2,11.951474509058826
2024-01-01 15:08:00,64.31220946225419,0.9005547068395883,3.690308575596948,25.821590266701737,74.87433765665756,3,1,7.163283735812917
2024-01-01 15:09:00,58.619475919188645,0.9219388584337224,-3.4570162579376813,11.665489096645878,54.31759845740058,3,3,8.026194528258088
2024-01-01 15:10:00,48.22646398688761,2.737327041861766,-0.3370612140106725,27.5877982994999,89.18321775999163,2,3,7.327450848413183
2024-01-01 15:11:00,18.442925141304546,-2.9818747718630325,-3.859124352508729,13.200433118521495,75.57376029153596,3,3,7.580529231884631
2024-01-01 15:12:00,68.71286794584269,-1.5124053011651568,3.341949001707178,38.55040092945254,20.6480753317858,3,2,9.148186502419115
2024-01-01 15:13:00,33.24150291911745,2.566748876251893,-2.4009770543601547,26.2487475517293,69.33698646137078,2,3,7.916792175885146
2024-01-01 15:14:00,110.55690146555706,2.5928034923896988,7.8567272503765935,-2.902290581944631,27.49798928477731,1,3,12.635858466576169
2024-01-01 15:15:00,69.9828965132517,1.3235185162238243,3.6597103968474975,9.87257986948148,82.47465438323954,1,1,7.473466498977178
2024-01-01 15:16:00,71.14082166097322,1.59457992628524,-4.109365371033579,20.36227837612132,99.32061506228015,2,1,9.123248809194417
2024-01-01 15:17:00,42.5909593052412,-2.451102252422117,-0.4868650456352155,1.384313719016081,62.49590353932092,1,3,7.229867598561066
2024-01-01 15:18:00,6.2387222373248985,0.0832550086694015,4.245065008541902,-4.886586496611694,74.62236001553043,1,2,7.079142602247424
2024-01-01 15:19:00,3.8092518447586334,-1.6105020522660036,0.0324747729074239,-1.4311340455227666,38.98513287158012,1,3,3.863364073856618
2024-01-01 15:20:00,50.8002172983837,-1.9126917383182964,2.697650028909336,18.59185649632756,55.00781950030348,1,1,10.474609834532382
2024-01-01 15:21:00,10.147845371668542,1.8618197947399957,8.640434420241036,23.451479089850693,88.48762657891069,3,1,7.145147517652815
2024-01-01 15:22:00,72.8216346648167,-2.189771179916716,0.2505395575941751,-0.8193480937604383,33.3938358197001,2,1,8.259100850237402
2024-01-01 15:23:00,105.7167606767589,-0.1880901780216888,0.0380929370468194,24.932043575752598,41.24284844910097,1,3,10.373907715685334
2024-01-01 15:24:00,105.94977798224666,2.6314694375161984,7.296352619690481,22.77058707646041,55.634694022882414,1,2,8.654577923878483
2024-01-01 15:25:00,79.08544921586788,-1.8850076666079447,-0.2186521562484511,37.29536419050682,76.97991134752112,2,3,6.912740203047712
2024-01-01 15:26:00,25.34781977675172,2.867960542429408,-3.830624837894116,32.83039712030215,50.0707163836539,3,1,7.888708254873322
2024-01-01 15:27:00,103.55961976306465,2.9657279145663544,-2.285825686437577,37.44588386825343,94.2185823826403,1,1,12.3428055953723
2024-01-01 15:28:00,106.33121223758498,0.3337029280944175,9.232003761944515,38.47484304205448,27.556564101497536,1,1,9.362212608927202
2024-01-01 15:29:00,23.598430194355046,-1.9791435589370523,8.999391888665821,14.83638411908299,49.66433580358781,3,1,6.592314804239546
2024-01-01 15:30:00,88.49113029248127,-1.1033706723546262,-1.627818638327783,16.955980657510484,76.71632987427375,2,3,7.902886847811433
2024-01-01 15:31:00,34.38234587125476,-0.4530430039407891,3.3025280964802874,7.672988573009546,38.07894125291939,1,3,6.379493814446182
2024-01-01 15:32:00,96.31683748235156,-1.1440546538506624,-2.939478493654957,17.879458116767662,72.51305073837383,1,2,13.041778400980334
2024-01-01 15:33:00,119.66854798843232,-1.3161865207409054,5.120164427673037,1.7821614189645354,33.13735665818768,2,1,11.202062532845783
2024-01-01 15:34:00,3.6031206395271376,2.833378255298145,-2.22041305985284,25.21439323411891,24.47842278893491,3,3,6.800640165678466
2024-01-01 15:35:00,107.68390389491184,-2.079811035505526,-4.253143656175941,-3.878035940073671,29.681257339891907,2,3,9.506591440043696
2024-01-01 15:36:00,74.71566403183897,1.3999674523011736,7.373452108131989,5.603249032849739,94.39878265073078,1,1,7.433350547422174
2024-01-01 15:37:00,116.80591429977854,-2.9975382633649508,-0.1189942591456141,4.36322641860918,64.14007063516411,3,3,10.471946860235777
2024-01-01 15:38:00,55.80114210317132,0.5770960164142611,-3.372163946598545,37.20500821399243,83.70766203837192,3,1,6.063431018972121
2024-01-01 15:39:00,101.68655166856485,2.495658023724314,7.508559262933378,1.5205788268532112,46.6123600724041,3,2,10.621088242479749
2024-01-01 15:40:00,7.487288231793268,-1.272395435440686,6.435962163192226,35.084895285239234,67.41269183083574,2,1,6.223027064459996
2024-01-01 15:41:00,40.233486009395484,-1.8868441484536849,5.256376756479522,0.5961199615673696,59.59617069639933,2,1,6.250148721212929
2024-01-01 15:42:00,8.041984530145196,0.910078769270562,8.668730647667939,24.281409382620808,95.65903675218352,2,3,5.7645489671039165
2024-01-01 15:43:00,117.04117601748848,1.2756084437903592,2.338391303059528,9.394868567800216,79.80597088432883,1,2,9.94966793625353
2024-01-01 15:44:00,98.0368688726204,1.1281831137118878,-3.079152536198034,9.22010658461462,78.44341051972633,2,2,7.580455793603624
2024-01-01 15:45:00,102.30569054951646,-1.0840987198717558,-4.079803851573207,39.92219950546593,23.708261554742364,3,3,9.569041426011632
2024-01-01 15:46:00,112.5558277720673,-1.4867855870440148,-0.2233847306051206,5.171928600681584,63.97357352029529,1,2,10.554435591626437
2024-01-01 15:47:00,10.212418334374242,2.735512799772265,-3.6975375479387567,4.115203057049916,57.35931631214519,1,2,4.204434068407387
2024-01-01 15:48:00,46.271711101600005,2.539797049619577,3.03264160520628,21.52006370940836,94.22738132849555,1,1,7.828101049945969
2024-01-01 15:49:00,8.524186685280256,-0.2561003406430782,-4.782514732652632,28.333857866285783,40.58735905516258,3,3,6.011429823095719
2024-01-01 15:50:00,25.295172186003438,2.0771631969262403,1.6564495226406386,39.21270355855514,41.58667626328754,2,2,7.179754878859118
2024-01-01 15:51:00,27.52389324452068,-0.2860591341942236,-2.3230956521962187,26.563619840685732,52.90769991052003,3,2,6.5222219763104325
2024-01-01 15:52:00,56.29286532570944,-0.4536658915649374,0.5240206580073723,20.284197981268427,39.46957707251008,2,2,9.995656588974004
2024-01-01 15:53:00,32.22746009443711,-2.059422314404232,5.125511121560336,13.410927299113943,30.33471342469996,1,1,8.198797850571708
2024-01-01 15:54:00,12.117372818131331,-0.4415636610481632,0.2644565657605229,21.780076403769986,88.59318773206407,1,1,4.562120342514271
2024-01-01 15:55:00,20.098930691292924,0.2245016315988417,0.1200983080032287,22.037574853871128,64.66212195231327,3,3,5.334225860513216
2024-01-01 15:56:00,17.673067626250912,-2.864974035427881,9.86126099259253,4.797017223894569,88.90901751652534,2,3,7.27978143213682
2024-01-01 15:57:00,116.7692157494758,-0.3353219689475617,5.782220840894293,25.204385269021152,86.49078123229567,1,1,11.336737776633544
2024-01-01 15:58:00,91.11510083021685,1.6881373103712018,2.7079256777507705,4.199070579898184,42.56338838317369,3,3,11.91613300210442
2024-01-01 15:59:00,116.13137583234744,1.0802763382456195,3.690634764963692,17.04796705279116,63.81899554594192,3,3,10.123246229274107
2024-01-01 16:00:00,52.76885838094903,0.8109419331836101,4.302739472782164,6.694128068346053,26.65741621920564,2,3,9.805625996453491
2024-01-01 16:01:00,33.40421779951879,2.4573325706232154,-4.631369015887371,9.076046067838798,93.22015072246067,2,1,5.765425868231175
2024-01-01 16:02:00,95.7951836651024,-2.89180794104862,-3.796031142121286,22.62446589982134,52.341017205212246,2,1,11.651927390406223
2024-01-01 16:03:00,39.150470164937616,0.3422855171534049,4.737840270349777,-2.098169836798988,51.49409471112171,1,2,6.840128403448995
2024-01-01 16:04:00,35.926004844641795,1.7240930904582423,0.4670328827247054,-4.458433310409765,44.220429649436255,3,2,9.461888521257125
2024-01-01 16:05:00,27.900719064939743,0.2480122962076034,-4.168339396521124,0.8779004296439634,56.85309957685631,2,2,4.131867881325392
2024-01-01 16:06:00,15.561477386908242,-1.056626684517725,-0.537301309225608,2.591814013352389,40.14075092363584,3,2,8.116726922277657
2024-01-01 16:07:00,30.77556732201192,-2.182496609448133,-3.045748693679147,3.904283562053527,49.98818182374436,1,3,7.403067454003164
2024-01-01 16:08:00,42.63836981686652,2.325378430897148,8.74470763339482,29.82689815965159,83.99576388679054,1,3,8.437874440901627
2024-01-01 16:09:00,80.87930497748765,-0.1754256456743821,-1.9561191117032743,15.10860851670454,86.74044028681375,2,1,6.538133865954877
2024-01-01 16:10:00,7.507781066334189,2.2686911819142086,-2.844632039089213,16.147126022992246,44.33459821028129,1,3,5.270374068136208
2024-01-01 16:11:00,25.260832759841158,0.5151127345990099,4.392532256329249,23.995037328499457,57.52115444422303,3,3,8.063301683429033
2024-01-01 16:12:00,97.08283683500116,1.0451526996900045,2.8286789541524904,27.809894578578145,89.90558210240418,3,3,9.082261047098957
2024-01-01 16:13:00,17.630630830052493,1.8255669262707004,3.63898681053688,-4.842124270095378,24.21386654637577,1,2,7.872516779021155
2024-01-01 16:14:00,41.117417582702586,0.954933267600806,1.5392222206047288,33.55264011123263,91.13159695966284,1,1,9.613677562561628
2024-01-01 16:15:00,103.7590706229768,-0.6116709559263738,2.0075396639819427,39.47956812733488,37.53474765218654,1,2,10.307256935720355
2024-01-01 16:16:00,18.59103733721312,0.0818003035719057,6.681963337706943,0.4813344507289772,74.28313953715006,3,3,6.387443802819173
2024-01-01 16:17:00,9.928420274182788,1.81827314805528,-1.701167227614989,24.29862626456066,66.60413571076802,1,3,5.104938108210168
2024-01-01 16:18:00,58.1445594096013,-0.7580982217620948,0.9479395424685118,-4.891381051956059,64.23525985514017,2,1,8.22970204461042
2024-01-01 16:19:00,36.29034135342437,-0.6712712593890178,9.36738077391924,-2.793673122143794,88.74881798022571,2,2,9.08785037251283
2024-01-01 16:20:00,67.6090037380625,-2.4258593036519933,-2.1502144822093223,7.825045903872489,28.125771491572905,3,3,7.498406221591853
2024-01-01 16:21:00,96.45658685801702,2.4875066113304865,-0.5933960743719942,33.088183798883534,47.762242026050885,1,1,10.247258158780957
2024-01-01 16:22:00,16.45781857832918,-2.4537821103273494,-2.126496135710142,24.362540564698183,63.06021970758125,1,3,7.351484975989672
2024-01-01 16:23:00,69.6838901465142,0.8892550646913353,-4.692567554627965,15.06194193875471,84.90310831568318,1,3,7.189879535206823
2024-01-01 16:24:00,60.66105124678367,-0.5208331271832138,-0.9525511243749448,14.736931312107677,37.31544667293372,2,1,9.846287602591492
2024-01-01 16:25:00,17.289454321583946,-0.5662836584673459,-4.302988310566413,15.9724108458907,84.2343873099421,2,1,5.110691123165179
2024-01-01 16:26:00,74.87981826347789,1.0773110194361033,-2.6797231039005,8.99648985104517,51.97107859951486,2,3,6.744592922489324
2024-01-01 16:27:00,32.836850143292594,-2.597437604220728,0.4402310510142202,34.497153293148145,35.11310851469563,2,1,6.644081051287306
2024-01-01 16:28:00,58.540118225281496,0.5622346977086075,-4.6891817439656265,20.55411090399088,80.71891523547862,2,3,7.260333612135779
2024-01-01 16:29:00,9.872678913247428,1.6321907158341284,6.294348488960749,16.777748358663377,27.271912117963826,3,2,7.29488184245582
2024-01-01 16:30:00,55.15008686563477,1.9692765473195653,6.933835206543202,15.928447142069675,61.18138992603544,3,3,8.688909004108897
2024-01-01 16:31:00,36.77561616513844,-1.976817663637348,1.171207036275444,37.112191010407415,25.110062708951077,1,1,7.527262567185678
2024-01-01 16:32:00,98.68574534224253,2.384514300469042,9.76998969061404,27.56478676988568,48.51342841262301,1,2,10.44968052400368
2024-01-01 16:33:00,6.837447239684193,0.9368765510846532,5.184908722115488,1.5166549622463543,68.0861439205114,2,1,6.793488994045128
2024-01-01 16:34:00,50.2328729901996,2.2911288049240968,6.155826219711235,14.663657647446929,64.48924331897705,1,3,7.802935991793693
2024-01-01 16:35:00,55.01177089577256,-0.0883156973388104,-2.115493645007999,7.97674946865355,52.37243343237332,3,1,8.31915443056317
2024-01-01 16:36:00,87.00072915589425,0.2522000705832123,7.561564342325701,39.40908959785732,54.32383951776926,3,3,7.873900648135658
2024-01-01 16:37:00,68.91450901082533,2.514229662172027,9.175695970322591,13.692806784093136,38.14156426806132,1,1,9.72077266939362
2024-01-01 16:38:00,80.06548046330172,2.399457260128031,-1.4553475013931232,-1.945845363659794,56.47060707392824,2,1,8.910509592125676
2024-01-01 16:39:00,93.24591427821072,-0.3110347597859881,5.296964415795703,13.504540065826196,96.26038845766674,3,3,10.949236322854352
2024-01-01 16:40:00,103.46435683898264,-1.3535242101859095,6.2041157299499705,9.460762627267089,88.03623342270323,1,2,10.798344360835078
2024-01-01 16:41:00,37.66505960669646,-0.6409773926144151,-0.4224624228567641,21.981219118521157,31.618629526107505,2,3,6.9743589455494215
2024-01-01 16:42:00,64.56272464366836,-0.6734140288215018,2.125135038584446,5.173517885306342,22.38246298567368,1,2,11.200849778884182
2024-01-01 16:43:00,100.81296941270398,-1.2787987501032363,-3.5369135962891383,-3.3811857635278253,94.68194501733043,2,2,10.239168913831678
2024-01-01 16:44:00,118.73413571580676,-1.3885223740022006,-2.4035779406073807,-0.6853831178498888,62.13997999045981,2,2,11.54853239597442
2024-01-01 16:45:00,106.74231732525158,2.1663776188783164,-4.076442145292079,7.741641529046442,63.02702585194461,3,2,11.439400680362446
2024-01-01 16:46:00,44.57607151492522,-2.58082847589203,3.4024823581794053,10.674518418989845,82.45743965652179,3,3,8.48240947492136
2024-01-01 16:47:00,23.41998206623805,1.0656670925975646,4.378943459159041,32.55027430201298,45.17511790970613,1,3,6.453783221470131
2024-01-01 16:48:00,58.72710448879064,-1.9630796912612865,8.741793751505995,7.153135780647316,58.55260550688017,1,2,9.571384544015766
2024-01-01 16:49:00,88.99697422032507,-0.9329646396356206,3.1327721593540225,-3.582812593577924,97.493033051739,2,2,9.762267560114
2024-01-01 16:50:00,59.10828849039571,-2.630741795190979,-1.0908294378785008,30.13300674412844,73.77189495459257,3,2,9.623802357533958
2024-01-01 16:51:00,57.98170359764022,-1.3801581788672277,-4.107896801133218,34.10129065400332,32.29960255966287,2,2,6.403114397281132
2024-01-01 16:52:00,100.58765052981607,1.6105264267034531,8.274295791262553,17.15378068302375,30.658139838748266,2,2,12.449516773618624
2024-01-01 16:53:00,43.36845348806237,2.310091947283552,2.182871177920801,7.821725384041184,36.34118066664043,2,2,10.045505503191224
2024-01-01 16:54:00,103.17536097739747,-1.6708370885857975,6.0598298416348175,29.746294605328718,81.3369339536574,2,1,10.519770108472317
2024-01-01 16:55:00,48.816576114206825,-0.2187129644464689,-4.780259771066166,-4.599571699310428,43.63016030724928,2,2,7.937003105674133
2024-01-01 16:56:00,39.387972681400726,-0.1780557123767616,2.322083839966264,36.581270309855256,21.711107734006383,2,1,9.940913488721389
2024-01-01 16:57:00,54.47878934396388,2.241451834558405,-0.1141606525025213,33.94892401947901,95.53394908045294,1,3,6.657162667110268
2024-01-01 16:58:00,91.49363504098422,1.5767943172548329,-4.5450309107925975,19.517494447967607,33.577073311592855,3,3,9.573421885342515
2024-01-01 16:59:00,15.120243343679313,0.0784633102082992,6.635092106086875,7.491153455940486,20.76465489184549,3,2,8.402350564937484
2024-01-01 17:00:00,23.570305904642087,1.0244832028306403,2.6935247934041984,-3.521980276295105,38.97052819066584,2,3,7.916980700388937
2024-01-01 17:01:00,114.17337907957103,2.0841303234562005,-0.0022963551330361,39.9920687588588,38.80230296945069,2,3,12.029239740010738
2024-01-01 17:02:00,21.058995285762883,-2.94276627584673,7.08697725861099,29.29331753674078,53.76042006765785,2,2,8.37887736445089
2024-01-01 17:03:00,68.12727815172654,-0.5826598136997081,1.7038517777524973,10.241944411367127,93.63118652000294,3,3,6.323262618201135
2024-01-01 17:04:00,69.51773599943255,2.443459003662472,-4.9475306544754805,-4.132761276254694,90.33479342232783,3,3,7.615689469615722
2024-01-01 17:05:00,58.75493544602938,1.4418781850637084,9.166714480574882,23.768127780734694,56.55156439859424,2,2,10.12049046391452
2024-01-01 17:06:00,77.36942982921823,0.2570482460044481,-1.1647588930642176,39.4106802588263,52.87199239934452,3,2,10.541210239756577
2024-01-01 17:07:00,27.57920709571421,0.1778671622108003,7.458632830950121,26.818271888470026,64.4007269179881,2,2,7.4645630868883694
2024-01-01 17:08:00,66.31947213320979,-0.9133794143733732,7.246230761219095,-1.232851614358763,39.47632095774126,2,1,10.18122627449792
2024-01-01 17:09:00,44.660790629627655,0.1231232018490873,-2.5643910295890304,13.102526747810028,24.174799357309027,2,2,7.452219932089333
2024-01-01 17:10:00,79.40007115550269,0.9322991967807192,2.1100402182216493,-0.0867441772598862,95.13793089369652,1,3,9.61559814880654
2024-01-01 17:11:00,16.946825204777937,-0.4898217694272415,-4.397015322522606,36.04722473204264,34.935918790173815,3,2,6.505652703504914
2024-01-01 17:12:00,68.50529002073715,1.284918878353044,0.31827509332693,9.868651192866135,35.872058339657315,3,1,7.345849466619746
2024-01-01 17:13:00,22.232442645998844,2.167393363562315,5.964682650544301,28.0019438203302,57.79682630831581,3,3,6.567669233004388
2024-01-01 17:14:00,33.437167573804366,-2.0718909108908328,-1.443957948344636,-1.188933889590202,59.32906758722645,2,1,9.611958934117132
2024-01-01 17:15:00,26.24517603882999,-0.2907178630954536,-3.24308103886535,0.778661310794778,21.474736776059355,1,3,7.653764034824118
2024-01-01 17:16:00,21.94053358425805,-0.5518794522895134,2.6068532640251343,25.57694479228081,31.836379101917657,2,2,5.93262191145447
2024-01-01 17:17:00,99.08531418728003,1.1247888242983688,3.054795765604481,32.95659767629761,50.25238548485934,2,1,9.641962813480292
2024-01-01 17:18:00,34.28490811930684,-1.500795208452424,5.137433969817371,4.065248034907553,74.69845548084312,2,2,6.912902296377189
2024-01-01 17:19:00,111.25485382373392,0.8415054897136578,6.387066202038861,13.825176069867856,38.27347654655487,1,3,12.700075012222534
2024-01-01 17:20:00,116.3911830414229,2.2649354503889283,5.437142968969827,22.8737665616407,53.841155699341016,2,2,10.109433647475608
2024-01-01 17:21:00,68.55125639245168,-0.4912104012382636,7.681183124422759,30.832435266712267,64.58760517731734,2,2,8.413131443123069
2024-01-01 17:22:00,17.160134719887168,2.46609419987532,-1.6564030357694022,23.268847467067648,91.08739956986336,1,3,6.082815763738258
2024-01-01 17:23:00,44.94578920554975,2.9589824336008705,3.546501193247442,-0.7058335710840478,46.08564018616987,2,1,7.301998071907544
2024-01-01 17:24:00,95.72787160178568,-2.363447700312288,0.4014303613198775,19.42686977503378,30.68466126907868,2,3,11.434264388360788
2024-01-01 17:25:00,44.08688744364846,-1.6016808720908482,9.431685355024634,34.807300666445656,59.14177807180866,3,3,7.336277951912305
2024-01-01 17:26:00,10.44206619633465,2.702278508892559,1.6041928512223569,34.061067446079285,79.73772813472496,1,2,6.26220221676201
2024-01-01 17:27:00,66.81418931138255,2.74996611888832,9.39570899700335,21.325702348793257,28.78878056421868,3,3,8.719914364951919
2024-01-01 17:28:00,101.41450217952418,-2.413756347679449,6.535984810886589,39.80632930468775,53.97467933575683,2,1,9.020156923949394
2024-01-01 17:29:00,95.51116645722028,-2.91000899773718,5.776957931030486,-0.2694324927040066,21.422811300998674,1,3,9.332904116112651
2024-01-01 17:30:00,21.01477681564239,-2.0333998604614667,2.373455678827404,16.536791082624376,22.68473453178009,1,3,10.268077964917683
2024-01-01 17:31:00,80.731753729496,2.97607670029349,1.6506720138340318,29.88056377087332,58.63626905733325,2,2,9.21079539506617
2024-01-01 17:32:00,26.460511612277653,-1.9200023003358788,2.898222812776104,1.346715315137165,43.85578385207435,3,1,6.70295286640877
2024-01-01 17:33:00,26.184904146260667,0.0152856403321388,-0.5955040560957015,38.773739266728455,87.60858392043298,2,2,5.238302501506416
2024-01-01 17:34:00,104.8886127966222,2.0905063585830668,8.567649097577,10.932094533264024,68.17234449011634,1,2,11.503872109560406
2024-01-01 17:35:00,29.96027432882762,-2.877590335870762,6.914959828980496,10.75628892903659,56.314636939439225,1,1,8.553069168154456
2024-01-01 17:36:00,31.58968158216134,0.6269338935507571,7.0209378148756585,4.593743551354278,52.63482968434371,2,1,7.854756036120948
2024-01-01 17:37:00,0.0784068913559465,-1.337847306782254,1.4973039317415413,7.9607858829967455,59.77963841516506,2,3,6.7445448818188805
2024-01-01 17:38:00,104.48028409506212,2.174009498638389,-3.933665776336744,20.99150050328938,23.235106497012907,2,1,13.937638641184352
2024-01-01 17:39:00,95.11137758509616,-1.299233104415525,5.246159768894179,14.320943007292954,91.4234685136528,2,2,12.101966088777305
2024-01-01 17:40:00,75.27947221088137,1.1205343216914532,0.6162037595711762,3.702018024702859,99.86425245871666,3,1,8.832165449198662
2024-01-01 17:41:00,90.03189167266108,1.0453177946843812,8.05645468676238,31.41129731424112,34.51896998869589,3,1,10.989699596814964
2024-01-01 17:42:00,18.24582809093901,-1.67103870684216,6.7050765767479525,-2.199231179417315,29.63063718196958,3,1,5.641036487538147
2024-01-01 17:43:00,54.99883135050905,-2.7912048007898997,-2.820077870153659,32.55937350251223,31.486197075887617,3,2,8.62703000112457
2024-01-01 17:44:00,42.146326481853706,-0.5445025572876165,4.025735958077714,7.372242609156061,72.88216465874937,1,3,7.911862622780235
2024-01-01 17:45:00,11.25318315084198,-1.2648410882047818,5.383208888907765,17.31564998931873,72.91526707606198,1,3,4.442632633642358
2024-01-01 17:46:00,58.33565822579089,1.853866497682252,3.5220636973654216,12.147904236477633,87.83393298227287,3,2,8.365995331891147
2024-01-01 17:47:00,110.48875804111624,1.802185130732072,2.7106326423289198,20.67709510253713,80.14611107410026,2,3,12.738584292099093
2024-01-01 17:48:00,4.807094286083338,-0.2578562868442473,-1.5820538749108808,30.81954978130789,55.97517386954718,1,3,2.7441316105305686
2024-01-01 17:49:00,34.97530961925526,0.6390733519393135,-1.4613973336822346,39.51939070636128,69.02842892522551,2,2,5.380009590808208
2024-01-01 17:50:00,24.904912344684416,0.6255570959215513,6.520122079638318,8.772661554425571,75.06277362944063,3,2,7.131768212350985
2024-01-01 17:51:00,28.57759843988356,1.96294889056574,-4.719653216546643,19.921198556359016,61.018917622818016,1,3,5.7520549728553725
2024-01-01 17:52:00,109.01214622552504,-0.4499855152608152,6.683650940583645,15.970339694874884,58.05207875613093,1,1,10.360451319706652
2024-01-01 17:53:00,56.16828650811482,-1.3473199212569456,2.9019810480870865,39.95176716909043,71.60779565141226,1,3,6.337731756605752
2024-01-01 17:54:00,55.95592955277826,-1.4097904911567152,9.04333978577254,31.4011133724752,64.5979639180523,1,1,7.229223749832208
2024-01-01 17:55:00,91.26907709463389,0.2171536756932246,9.959823215843846,12.868773636108674,71.51538442687283,3,2,10.643253455269615
2024-01-01 17:56:00,18.539064480591097,-0.3051107836067244,4.952268476634421,16.45955750234409,69.02838191706911,1,1,5.4012651875192
2024-01-01 17:57:00,58.4718424920061,-0.3592753740903829,1.1838579163020544,6.0680467491967,77.53572484109237,3,1,7.883794446838067
2024-01-01 17:58:00,51.598225694527166,-2.4531759654617566,2.1262886284104168,28.986129388697197,71.42428070263009,1,1,8.238434973896563
2024-01-01 17:59:00,71.62928286559874,1.3116224441411737,-1.9367685852273848,33.034530387029896,61.57939891498138,3,2,7.777673780421091
2024-01-01 18:00:00,119.94692439005264,-1.7175798721085358,-3.5114851401277845,38.42440706303142,74.54374490275092,3,3,12.038774884009875
2024-01-01 18:01:00,92.33386728984566,-1.818278218747672,3.6814508995320274,20.462300356800867,55.95855721483424,2,3,9.257886983662084
2024-01-01 18:02:00,47.74388436209127,-0.5234500783356393,7.08242646949901,25.180735100684775,39.33369807780808,3,1,9.37454981228255
2024-01-01 18:03:00,99.30636627288564,-1.6333299502931915,-1.0735022340618017,15.072647425125671,20.11345761071324,2,3,11.797773542196342
2024-01-01 18:04:00,20.485003597497624,0.503149603848092,1.2947921536802474,22.410782965193967,64.79713177166745,1,2,7.038698415921271
2024-01-01 18:05:00,3.655642357075215,-0.7712199639931709,3.321604926654711,10.693706360805889,67.25241812869129,2,2,5.04826924046334
2024-01-01 18:06:00,24.533804695712767,-0.3065296644432593,8.61846729955086,28.196010243428766,97.76391718205714,3,2,6.071759138844673
2024-01-01 18:07:00,40.84938673371116,0.2230159296241733,-2.9205315850691598,-3.978483541053017,48.91826672754205,2,2,7.299706795189996
2024-01-01 18:08:00,61.26969089514719,-1.778786865109171,-1.4467524690550606,-3.7194417638607375,51.53065942626494,1,3,9.513081097674483
2024-01-01 18:09:00,73.81549686494398,-2.065490262806821,8.777956776786771,27.225440058396916,36.14396650737522,2,1,9.811845362214802
2024-01-01 18:10:00,109.2726860657306,2.2825314172416284,-4.406966102679623,36.88072614063248,25.642743618985754,3,1,10.125062571299672
2024-01-01 18:11:00,61.18248114605492,-0.397657783011474,4.841734510897879,23.451202049640088,81.82435942893925,3,1,6.6084506926847695
2024-01-01 18:12:00,60.153077355087525,-0.527438342204765,4.592888248269274,27.69377345516636,39.974485147146,1,2,6.6640037074914265
2024-01-01 18:13:00,6.029161178757856,-2.786327098362951,0.7488165044884596,32.07704310481754,68.71238888240303,1,3,6.744703774969057
2024-01-01 18:14:00,4.189386318746857,-0.0121421844756408,2.022470185106772,11.275341900861076,75.02184284363852,2,3,6.318067014745004
2024-01-01 18:15:00,66.13919542996464,0.3250183296660003,7.82376927220842,-0.134885409826623,57.69893498333182,1,3,8.900721428290126
2024-01-01 18:16:00,52.58143358980134,0.3530452257279988,-2.525269049798313,36.989152926254334,90.10816904217532,3,3,6.842093801770185
2024-01-01 18:17:00,100.70164739763584,1.242187015937306,-1.5264878258160937,37.23567542510981,55.50358727837831,2,3,10.321292197167258
2024-01-01 18:18:00,19.28155016542142,-1.9351089900539291,2.6852561715983567,14.882825000743557,42.79268984334121,2,3,4.288672969493141
2024-01-01 18:19:00,2.996599454045952,-1.486661194616287,1.1461813450004517,4.77263456475762,91.6812418369298,2,1,4.208775889022274
2024-01-01 18:20:00,53.88465215161511,1.864382791382476,3.6155874631777536,35.15594722464951,88.92514273999652,2,2,9.052604738478204
2024-01-01 18:21:00,28.4974268102709,2.683023701060364,8.812587791406937,26.879201368836394,33.12319576611304,1,1,9.138357855722369
2024-01-01 18:22:00,5.953724800660494,-2.184403515796076,8.75653026606755,-4.629724225386719,22.07688146831368,2,3,6.154317841947824
2024-01-01 18:23:00,86.95179442171548,-0.0141026729686908,-1.5497249042751235,-0.1526134343412879,27.198844507969653,2,2,11.819785772614203
2024-01-01 18:24:00,13.391159994869696,-1.714942483562479,-0.4678308072673935,39.2439839247285,42.923791884305366,2,2,5.9161981937906525
2024-01-01 18:25:00,72.9983400009326,-2.6395609898701053,-2.568969780544552,-3.2842319536334896,97.78078413933686,3,2,9.474549406699598
2024-01-01 18:26:00,33.7259700200267,-1.0469799712431875,8.916855571958896,7.7149754663629935,64.681292252866,3,2,6.569593463120208
2024-01-01 18:27:00,20.819526042602643,-2.137874248894724,0.967961952972928,19.682335511776134,49.8609385623415,1,3,7.789142621591751
2024-01-01 18:28:00,45.5701827503181,1.259598440605478,1.7455771732551577,3.2960027292495493,91.09728756901973,3,3,7.316349662570011
2024-01-01 18:29:00,96.17349314675444,0.2023524820286666,7.039611711661895,5.442433886333154,56.25090651827997,3,2,10.648730919509758
2024-01-01 18:30:00,47.05122922854872,-2.1369931740581345,2.694602092154379,10.883536895290096,45.21909027208169,1,3,8.485056151679624
2024-01-01 18:31:00,90.09235790532668,-2.944550469566914,-3.2036677666773183,7.129942074532911,95.2975622996526,1,2,10.793116115064636
2024-01-01 18:32:00,15.058355615898083,1.848942294145276,1.5677306416404493,31.151030256400325,87.96141329541425,2,3,6.462725307747268
2024-01-01 18:33:00,92.7325703598095,-1.9428335630145148,4.4578606491794766,17.512351302667216,87.49347003355527,2,2,8.402295310665172
2024-01-01 18:34:00,28.43199898879784,0.6372998533245959,5.788136316355546,7.537906640992469,60.98277944401705,1,3,5.820101826459235
2024-01-01 18:35:00,81.28717558666473,-0.9784685215395266,4.680277791743409,9.089321507261428,83.1550719052364,2,1,9.60136677896123
2024-01-01 18:36:00,67.89378658091957,0.5129156298902133,-3.212289211514551,-3.206076818538588,34.34826874116415,2,1,8.521166574133657
2024-01-01 18:37:00,111.49736606540247,-1.106078238106056,-0.4348321225727254,-2.777356571860598,65.85783660449948,2,3,10.295601726128082
2024-01-01 18:38:00,46.47870215703768,-2.4783626358464748,6.00346967444823,27.305840486149783,98.70767382780366,1,3,5.791830811585998
2024-01-01 18:39:00,7.939822660132854,-1.6622999486534784,8.20285291504112,0.080987668200132,43.27667444143693,3,1,7.105530468729163
2024-01-01 18:40:00,2.2986582661503485,-1.8716486011255464,-4.292203774066104,16.410854860680182,83.54818633981401,3,3,5.071893286736021
2024-01-01 18:41:00,99.22302731673038,-0.4318838853621369,-4.366563378950342,32.90645392851086,59.23827257664538,1,2,10.41413122011062
2024-01-01 18:42:00,62.96827651937186,0.9497027005569444,4.651067940085936,11.580407757724052,23.184454657766985,1,3,7.808207530895087
2024-01-01 18:43:00,93.02928622019392,-1.4171635503218547,3.2206923124492146,10.558850215481767,81.04155182525339,2,3,8.392009747973068
2024-01-01 18:44:00,28.131072001381764,-2.9275803881962923,-2.66991424223429,34.28717241041373,33.48553155136902,1,1,7.301242040850838
2024-01-01 18:45:00,41.410049461588045,0.1136241855885415,3.224373725454406,33.918267849235264,70.51788537062001,1,1,7.536274641975561
2024-01-01 18:46:00,3.6124646653582726,0.6345569361538326,9.617310152512765,34.60615606571277,26.85313552375783,1,3,5.430475648536505
2024-01-01 18:47:00,115.37907894889346,2.777222964010858,4.463503305949374,20.73612820592915,95.74939179967718,1,2,13.02508435847219
2024-01-01 18:48:00,80.14414880409761,0.5368248185594808,1.7371173407457787,37.85369231079672,43.33791097442887,2,3,12.140400801097648
2024-01-01 18:49:00,111.98461053111674,-0.1729646437311487,7.412987319093631,31.853377651781976,38.11717533419159,2,2,12.80375962864762
2024-01-01 18:50:00,31.85956889148868,0.4404097553862227,-1.8076627152177265,13.703549212856592,30.330912325306745,1,2,6.27494965851933
2024-01-01 18:51:00,73.3756333470793,2.567403779172162,1.2148964624036989,23.329981387301725,95.68017546712382,1,3,8.862769694120686
2024-01-01 18:52:00,81.41999619511654,1.9702688736098777,2.916518377162711,0.4805087241239363,76.95229939530441,3,2,8.2175495312385
2024-01-01 18:53:00,38.10596403091061,-1.062127599817152,2.568098380761332,19.80994836778832,79.3328710974471,3,1,6.086459567922476
2024-01-01 18:54:00,101.7731082018756,-1.5764738180571765,8.814587038167286,6.84170875994209,59.95236491041957,1,2,11.254611415920907
2024-01-01 18:55:00,113.65937554802974,-1.4241983258035582,-0.6099783912998626,7.759625193011599,57.978222821638674,3,2,11.918862590466215
2024-01-01 18:56:00,106.18261412352052,0.0265262382912778,-4.152444189055705,0.6573204817566172,28.80169943931813,3,2,9.877190267568109
2024-01-01 18:57:00,88.6880371127247,1.4642967073714672,8.74565806770613,11.118965060826692,64.78728764671934,2,1,9.923031200641674
2024-01-01 18:58:00,33.295761566994486,0.0193152430977727,-1.7439851429248605,16.662564863462094,39.75331960870324,2,1,10.292877466765455
2024-01-01 18:59:00,33.79392505267581,-2.5932216250313243,0.6854196096506113,22.01594985340884,98.17162662403248,2,3,5.088994665600117
2024-01-01 19:00:00,115.60323845352455,1.3414842026398857,2.963374367771157,8.719120132118931,83.72647520121178,3,2,11.218735242497877
2024-01-01 19:01:00,1.2341395122830434,1.8358207720257236,9.638207058223202,30.65117054395412,53.03936481543101,1,1,8.111938776173048
2024-01-01 19:02:00,85.92599678905734,-1.263012809281682,3.0290266244289707,18.44319827216731,32.10730069532264,2,2,12.470717104282503
2024-01-01 19:03:00,84.74953950663146,0.9847544357001023,1.7161495982271855,23.71234490300788,82.82653529110272,3,2,10.429544193267123
2024-01-01 19:04:00,74.72274491397569,-0.44044859367364,3.7545771927647,7.516462404033978,29.76430136650528,1,3,10.524584660133442
2024-01-01 19:05:00,118.8130615304239,2.3347161343646565,9.562122398757069,31.636114555551917,35.14670027976564,2,2,14.580215622987744
2024-01-01 19:06:00,37.42553229164703,2.071353348964439,7.269168981346606,23.092350275467176,36.92164141953819,3,1,7.1864535651185335
2024-01-01 19:07:00,40.79662365518978,0.1525919898578536,-2.4654779553211688,33.805693725212066,64.55125106184755,2,3,7.686088582224841
2024-01-01 19:08:00,9.472728353586666,1.1490332748815666,7.048900223563136,2.197821052223252,82.9645323192293,3,3,5.031768186557736
2024-01-01 19:09:00,53.13577638524849,2.300098206132624,7.616485897058327,12.129847011894938,45.145190297975375,2,2,7.54313896349799
2024-01-01 19:10:00,31.32582314818177,-0.0256979395303469,5.360411559376995,0.0857282825766851,26.77358514202315,3,2,7.744062114947168
2024-01-01 19:11:00,41.2064042613173,-1.1204955570670685,4.8585018875089645,4.698728990697662,57.16307708195353,1,1,8.184852990438884
2024-01-01 19:12:00,100.14861483067531,1.521996827457487,1.6131550127170635,12.75463770181915,79.84881929279484,2,2,9.424710103649051
2024-01-01 19:13:00,112.2581416232995,-1.6796024712918494,4.625430806791806,35.25618584467184,37.73310744699106,2,1,10.268154934963288
2024-01-01 19:14:00,22.287968640622275,-0.6688131119637477,6.063624582283866,20.06683010823568,37.593963843149936,3,2,6.787438480334524
2024-01-01 19:15:00,44.7010717864159,2.1943634226407625,-3.1576962788855143,9.86702488214162,95.77816218773688,1,1,5.295165309926307
2024-01-01 19:16:00,111.43566745384727,1.3465340416158904,-1.140050597248465,28.610462329581654,96.33229816953424,1,2,9.444046880208203
2024-01-01 19:17:00,7.417015282706716,-0.5771339685150045,-2.0887718155055897,-4.114278221256434,99.23725856492612,2,3,4.727675737150955
2024-01-01 19:18:00,11.083263373365424,-1.7115329855498556,7.618177553590215,11.654149505920056,84.61276812598241,3,1,5.454001509394867
2024-01-01 19:19:00,19.534918704747525,-0.8641896550065811,5.200038872976515,22.03742634670203,35.054733533435645,2,3,7.491355861927769
2024-01-01 19:20:00,71.42554009522497,-1.295375104635402,1.7616780936276486,21.24567867379909,36.95852166394091,3,3,8.60925025808758
2024-01-01 19:21:00,18.056672520719697,-1.9434642723368765,7.390836257327022,22.34010470991224,47.21801932179136,1,3,8.166815847448245
2024-01-01 19:22:00,116.169165774088,1.4599974813939405,5.75172009988766,4.517534416650971,45.45060250667927,2,3,12.879057077219567
2024-01-01 19:23:00,53.60574327102244,-1.487580678898971,8.703896223179452,10.168561884706545,96.52221992624072,3,1,7.711354565086017
2024-01-01 19:24:00,60.18215524201997,-0.2749951789934171,-3.847895058531264,36.9204453451582,83.1259186305355,1,2,8.576619120493547
2024-01-01 19:25:00,29.599033896648777,-0.6848433189833454,2.6373607231185288,38.82889890790138,77.92070337292431,3,3,8.76871579712569
2024-01-01 19:26:00,56.51523029216802,2.892464271813785,5.601218553643827,9.041725809935263,34.87705792465054,2,2,8.883324927027175
2024-01-01 19:27:00,79.42963591644138,-0.6534465351106769,-1.8876021979273137,24.002666653393945,92.76204474898636,3,1,9.956587916141643
2024-01-01 19:28:00,90.14125643448511,-2.5201051032194712,-0.0931065204295391,5.858355061160763,86.2296303604939,2,2,7.653605241390658
2024-01-01 19:29:00,90.46416992518957,-2.461045484567496,1.2846437697973991,11.58379001381715,33.0913473062339,1,1,8.972010672259191
2024-01-01 19:30:00,69.3469335232906,0.5445223281183891,6.914884274058837,30.65506135671837,89.6936265568778,3,2,10.51746641793548
2024-01-01 19:31:00,108.52317299926288,0.5961813104295937,2.403643015857927,17.553042850288705,41.7798029096377,1,1,10.699825097933504
2024-01-01 19:32:00,98.08894167673311,-0.4874460571040702,2.3930504927168395,33.23154819286929,26.469579666568485,1,1,9.248847022027046
2024-01-01 19:33:00,90.84577376383506,-0.4089378461278219,1.46331427828218,23.29331105465756,72.5457845211368,2,2,10.859613507884148
2024-01-01 19:34:00,6.672662601655275,-2.6764045029547727,-1.5711636605552697,23.301453331576685,72.30437275074645,2,3,8.40968278965849
2024-01-01 19:35:00,0.8253554663579177,0.0992790623355732,8.84607303419147,-3.47539873334787,27.594560765249447,1,3,5.380791555134791
2024-01-01 19:36:00,25.49367326345676,0.0284368522821099,-0.2329831901498682,28.73516616588593,45.50814471492659,2,2,5.20462488362014
2024-01-01 19:37:00,79.62283126961427,-2.102704088658333,3.511984911548508,39.00399375777237,99.42515698044308,1,3,8.586412041582026
2024-01-01 19:38:00,49.3436986659055,-2.3769636833344343,-2.7683039671654024,16.286285211402312,74.27413336069895,2,3,8.913360287715093
2024-01-01 19:39:00,48.28875111591741,-2.2585650564030573,1.5136508814857077,2.136100673162748,78.40601332826634,2,1,9.35949027285108
2024-01-01 19:40:00,106.15042658755364,-2.3938305210524486,8.557052742538266,38.96399521212427,37.03338284834445,3,2,12.275365088598278
2024-01-01 19:41:00,107.46754177582064,0.6582491732205589,9.931978577658882,8.055664366803985,26.302565680313144,3,3,12.709240771713311
2024-01-01 19:42:00,109.10103168643028,-1.8211040855824885,0.4262778510020064,13.413908008172667,42.15213517927501,2,3,10.334788220011369
2024-01-01 19:43:00,37.66536918180328,-1.4914190868752193,-2.6901418052849677,-1.518511365431075,39.91187081545536,1,3,7.6783004589824015
2024-01-01 19:44:00,82.92669752871141,-1.9585671350913616,-0.2832270990440735,-0.0123410438411646,38.76352805984425,1,2,10.024060533803484
2024-01-01 19:45:00,32.59598175292436,2.7470118266910184,-0.0913734741947083,4.745455175173285,35.420345750963165,1,3,5.194811009033859
2024-01-01 19:46:00,22.87317996893397,2.1277047789110126,4.667631914234764,19.680972929059045,65.98045525243235,2,3,8.474218004455619
2024-01-01 19:47:00,22.155894881684304,-1.6170309758908747,2.442350867418404,20.100514083898364,46.24827806734574,2,3,6.270948979324667
2024-01-01 19:48:00,41.052914503631285,-1.034602236467244,6.526895923984457,22.280972027929685,85.62760120380244,1,1,6.400194351206557
2024-01-01 19:49:00,51.59491437357861,-1.740642946170017,5.519549267462217,21.271763065341837,34.71579342779072,3,2,7.683796044342803
2024-01-01 19:50:00,99.7139005266082,-0.0487442432350575,-1.2303691411213058,17.28566423875365,57.17016566948356,3,3,9.880613505357063
2024-01-01 19:51:00,14.38693121672545,-2.8823368051544787,6.763835348286671,31.094439457094907,21.0926269140864,1,1,7.052898434108688
2024-01-01 19:52:00,88.1911016873873,1.0282080533807747,7.711928003722239,37.02548638182426,58.53458579641536,2,2,11.106266290814744
2024-01-01 19:53:00,63.77458970271664,0.1389488989058498,3.975852846310026,7.13925999756532,24.467057670117956,2,1,9.4358341225549
2024-01-01 19:54:00,34.5534411211191,2.39183356980662,8.915015638728642,0.8587157037895707,98.21788094981147,1,1,5.904087430451772
2024-01-01 19:55:00,59.13835014393895,-2.0136438940295154,6.744221841018254,14.12892822576811,83.24737029203303,3,2,7.645476048279455
2024-01-01 19:56:00,35.993048373242715,1.8246554763667893,3.930938603097985,-3.8109931207710823,59.20891813091643,1,3,8.05729453395257
2024-01-01 19:57:00,71.52983462859672,1.7517660868002949,8.592489959699952,34.74934931702544,26.926988654348023,1,3,11.202877388303396
2024-01-01 19:58:00,52.0612707426293,-2.2369128646986782,4.005377203608084,5.786781711084586,67.39563526323315,1,1,7.05694678612681
2024-01-01 19:59:00,19.728663489465447,-0.6086446551352345,2.8178669100601024,19.718348338673277,80.70110005615021,3,2,6.591185629588439
2024-01-01 20:00:00,13.989968946683607,-1.9790841531328984,0.343875106166541,0.179274545341407,35.257380240379625,1,2,7.014448274730731
2024-01-01 20:01:00,65.60348184865562,-1.4716769972547066,8.24294995891668,19.89658026594779,65.45666726299928,3,3,8.765663098031315
2024-01-01 20:02:00,108.2895639943324,-1.420522951016734,-3.159092436907676,-3.245294619416102,85.13687187062943,2,1,8.611700436422705
2024-01-01 20:03:00,41.27492238692226,0.3374183641546366,2.102540713261845,29.59630130150764,81.4598222117053,3,3,6.228332863881574
2024-01-01 20:04:00,87.96001286671479,-0.531534409437207,3.0611999781253267,37.99396581897616,84.23936142937224,3,2,10.022572899767209
2024-01-01 20:05:00,79.03936259277204,2.686396824037832,3.321236601546653,8.813922922461794,90.34587398957758,1,2,8.292146383352701
2024-01-01 20:06:00,111.78658971713772,-2.241779148317969,4.778347457278647,6.619657470443167,95.01456817275762,2,3,9.70222351102169
2024-01-01 20:07:00,98.5177220758969,2.8421528091011927,2.5869343638072344,15.15977372140781,52.44169241628288,1,3,10.37281754596104
2024-01-01 20:08:00,67.99263106865556,-1.6161681587144163,-1.147727785401094,22.898814711266912,65.50152820183018,3,2,10.041818168827458
2024-01-01 20:09:00,78.84365978809288,1.6372436182911183,7.854165942092496,3.50331078963136,83.25276208364886,3,1,10.453826517346732
2024-01-01 20:10:00,107.80637599008418,-0.9661804429630716,4.862879917532924,31.14885987682949,75.77118511566266,1,2,10.027147698947632
2024-01-01 20:11:00,47.94225415043218,-2.141511627496117,7.872817205654593,3.934066600768485,99.6416182611503,2,1,9.989508373991296
2024-01-01 20:12:00,39.215364702933286,2.14733511147744,-0.8593476352943492,-4.75366010073314,21.09421208837153,3,3,9.41256593080135
2024-01-01 20:13:00,1.2973300362235607,-1.1468346045812208,4.555853423542326,18.591276261350853,48.41065722526325,3,3,5.361249136445792
2024-01-01 20:14:00,99.18612890297572,0.9531324253610532,5.7126061761459255,0.18173700246603,42.4822341016162,3,1,12.65343766235396
2024-01-01 20:15:00,96.1176840484038,0.3986621105197594,0.7510774055175764,26.420742642417885,40.98526801324277,2,2,9.693771332809296
2024-01-01 20:16:00,12.534542172018169,-0.1694621436547541,7.183661773103518,2.5361498140827337,37.802382599910864,1,2,6.380680982471641
2024-01-01 20:17:00,69.22288573592402,-0.0250831641087652,-4.962368377365549,31.782117798401597,76.72990726521832,2,1,8.954668932969986
2024-01-01 20:18:00,55.67780378002649,1.3934274845537251,3.923796253213324,16.16656597941991,26.780757862025748,2,1,10.032117778329113
2024-01-01 20:19:00,14.245091461093375,-2.473362515259357,4.203527055281956,20.48250570774981,79.32870671546706,3,1,4.599776488968724
2024-01-01 20:20:00,117.66818724728682,1.0090839717474314,3.007646395579531,3.3963324386220286,75.47406736130188,2,1,13.107109191138544
2024-01-01 20:21:00,25.76350649560265,2.374872608391472,4.450727303791743,1.6009634888708293,40.06433060007171,3,2,7.492292684630011
2024-01-01 20:22:00,8.068101610867338,-2.653270817880815,-2.491597144650947,23.40816099340954,40.2267026532129,2,3,8.685222823844319
2024-01-01 20:23:00,71.38168554022914,-2.156079964598,5.271722227035637,6.495727690375833,70.30884682756017,2,2,8.094745968657513
2024-01-01 20:24:00,88.66400125596392,1.2997916202121882,0.0368344425499786,12.3666505742991,80.97368843869423,1,1,9.959544729867275
2024-01-01 20:25:00,3.893213525662436,-0.3763101105322946,1.7808061386387672,16.575211927164368,90.11884904698924,2,2,4.232588772733192
2024-01-01 20:26:00,79.04611664724266,-0.5787082751178696,-0.0033595400559702,5.333512251142286,88.17116510835805,1,1,8.68274987827605
2024-01-01 20:27:00,63.87502511417453,-2.178200192734585,2.1090430524922805,30.794071475186666,97.19063953310824,3,1,7.189541363072015
2024-01-01 20:28:00,12.39180106500581,0.0406202443067282,4.3235383976762165,37.27409840090075,66.51079162692089,3,1,4.649586286922574
2024-01-01 20:29:00,20.702865233563447,-2.240728132821737,7.575152063433265,14.435192292710248,92.69244490722878,1,1,5.491309718451603
2024-01-01 20:30:00,68.15691567792966,-0.1402772621367578,2.251525864603315,36.28967730199437,84.68106186083287,3,2,6.922491710710851
2024-01-01 20:31:00,35.5629136215946,1.5816917937699395,-0.1516425859459511,34.72072678040613,91.57340994512109,3,1,5.749253316154814
2024-01-01 20:32:00,112.59788743815793,-1.450413852677019,2.319128183880765,2.4721252924056607,20.93012810282933,2,2,11.485497248538772
2024-01-01 20:33:00,98.24882753808608,-0.1152829909216359,5.332054961057732,2.8021875620310945,97.27223934926488,1,2,8.27549031120594
2024-01-01 20:34:00,118.02806478163956,2.9520958163810143,0.2005107508869343,16.483227766167264,57.882413027718265,3,3,12.268679999879152
2024-01-01 20:35:00,31.16050067404968,1.1199025401242233,1.2142311208510923,18.663573065437912,83.85463916598744,1,2,6.5992516748154895
2024-01-01 20:36:00,116.36683593575724,2.048140627831192,3.442597255131046,10.35083765435762,30.17632954702247,2,3,11.53534734119827
2024-01-01 20:37:00,51.74806437498695,-0.5109143606367255,-0.5898610425897495,9.081444092737774,51.67528766511793,3,3,7.690802956579649
2024-01-01 20:38:00,41.70225543765056,1.6071655387551314,-1.8637301068333736,14.411528041069552,41.71685304167927,3,3,8.423733323974009
2024-01-01 20:39:00,6.041943236322389,-2.756944962352069,-2.8941157420510706,26.07156766296404,43.33270164007496,1,2,5.858209036179274
2024-01-01 20:40:00,6.3318309431523145,-2.2625329047465303,0.2891497468911144,-1.2022865144653516,29.860449596070534,3,3,3.909517138328173
2024-01-01 20:41:00,83.04135071359856,-1.7815764424796272,-4.274856403429144,26.97619015805532,84.46110660344056,1,1,10.06896989792545
2024-01-01 20:42:00,54.95147933208335,-0.5882884523086824,3.7522379006425233,36.68081177344607,20.73938516648625,3,2,9.797445313707987
2024-01-01 20:43:00,27.18259512433269,2.0744692699545797,-2.3613595100371327,29.35780189784633,45.0004365588162,2,1,5.695526763934025
2024-01-01 20:44:00,73.67643675902792,-0.9224036952724172,0.6609218849506417,3.625458535577158,33.9528434573132,2,2,10.100377885398457
2024-01-01 20:45:00,30.34297419001334,0.9277271610927772,-0.961657769024412,-1.0633465050286124,67.12311524866723,1,3,7.030465687659985
2024-01-01 20:46:00,69.31581052133072,1.2558857688209004,4.455849495126241,17.067118404529253,40.340192209163504,3,3,11.391992464911594
2024-01-01 20:47:00,43.10504963792284,0.5170941245300487,7.755184922002995,38.03827401305442,40.71987636224797,3,2,8.706208420218035
2024-01-01 20:48:00,98.82626719341827,-0.8565481909791828,4.499515644825175,31.857667932496938,59.06705151962549,1,3,8.593772709941987
2024-01-01 20:49:00,98.48353929201352,0.4623200502812654,3.137573930100908,20.32301375558468,72.21512314727406,2,1,11.657536099245636
2024-01-01 20:50:00,57.28204777468816,-0.9464064432615228,5.036256089830632,1.434164053791676,29.70437636521309,2,1,7.381424349959702
2024-01-01 20:51:00,42.09829312020187,-2.4967575686879275,-4.550140433597003,27.1226551950218,34.040916197239696,2,3,8.501456540050832
2024-01-01 20:52:00,43.50717558709135,2.956823869116086,-3.157330085568204,31.58492073734041,39.77397956756141,1,2,7.614108672803323
2024-01-01 20:53:00,96.68574308018614,-2.236905278204935,-3.5760914604343363,37.07811113916294,97.89985712943684,2,2,7.809906302325479
2024-01-01 20:54:00,39.38153793571344,-2.565909696983656,-3.52704251376824,22.545230537196183,51.77219999543362,1,1,8.248060732928426
2024-01-01 20:55:00,25.087124844821524,2.2711844952429354,-1.09274427205178,18.150961659043386,67.91920725048212,2,3,4.332929602453768
2024-01-01 20:56:00,10.16260102503682,-1.1889920346426293,2.980783905748078,22.863191960545567,39.32342501727823,2,3,7.64599200700095
2024-01-01 20:57:00,56.00317450612901,0.9017818444410456,-3.2797763201487933,37.446362709634506,59.23676201259903,1,1,7.940829094417979
2024-01-01 20:58:00,57.855851870381024,-1.025965622026603,9.02674361784084,23.265718877797788,25.92953395087665,3,2,8.800157389751497
2024-01-01 20:59:00,100.90904524834886,-0.6512743752331733,7.813852039816231,6.591633222716842,22.779371673786155,3,3,10.20729585224838
2024-01-01 21:00:00,26.54864357352768,-1.427322167899221,9.57466530749473,23.62681335740558,57.49868214571681,3,2,7.967218565706869
2024-01-01 21:01:00,45.71895284020799,-0.9417359652419388,-4.362499323672641,34.588505776069965,51.892743001472965,2,2,9.212683205631624
2024-01-01 21:02:00,97.00868866724292,-0.5357975964807413,7.771036706339744,20.51509128682076,30.950425575346216,2,1,11.086361517379604
2024-01-01 21:03:00,98.83483328987684,1.322496414554058,7.056011131622341,17.621447260436835,75.0081143136587,3,2,10.217808859912624
2024-01-01 21:04:00,46.15332911745219,0.0692171654087507,8.531587969036906,28.00161622761316,99.43227927194116,2,1,4.882329393113864
2024-01-01 21:05:00,55.094882794401705,2.661391302941862,2.9191625148971303,24.74449128151655,51.651745695737,2,3,6.741795694442473
2024-01-01 21:06:00,36.39430690191395,-2.748717636967347,6.818336061635101,-2.449058047083999,69.96469087339156,3,2,9.620654959701938
2024-01-01 21:07:00,111.90658541031743,0.0184099357921692,-4.230696809860214,27.639001340384382,97.03807538915883,1,1,8.58419061401526
2024-01-01 21:08:00,14.237251888989636,0.505348732990309,-3.861833157740168,13.339724353873804,86.52279779575002,3,1,4.852630956548675
2024-01-01 21:09:00,112.0499307601764,2.5211819164456437,-3.2220163857561763,37.34042260138317,57.08417786421486,3,2,10.058781705921453
2024-01-01 21:10:00,82.06397422024119,-2.7050488582714345,8.72183294947312,38.68613447883436,78.99915875679355,1,1,10.131508693831153
2024-01-01 21:11:00,63.78865832240774,0.4409975096112961,-4.0824597591732665,15.19324681560476,30.250803220041924,2,3,10.1206944874029
2024-01-01 21:12:00,3.919087294139505,2.1217795711677425,-3.497757099513336,38.59576809960652,60.968308437103936,3,2,2.526825235975099
2024-01-01 21:13:00,57.071543018641,-1.5484336312845806,8.956156039442906,8.986923173019832,42.32482217439493,3,3,9.845862928453426
2024-01-01 21:14:00,48.92977260032787,2.2577540911436245,-3.3891112725158274,25.718998965339,32.89309503169289,2,1,7.982010112277488
2024-01-01 21:15:00,19.346257437014707,-2.885739544354249,8.046344480880608,-1.6225380000762062,54.10247250036279,2,3,7.375122486658474
2024-01-01 21:16:00,78.76915242007883,1.3947277748023783,6.839061820934296,1.5245206831951243,30.48116435468916,1,1,9.779356635787645
2024-01-01 21:17:00,116.5381088841943,2.5986793270119186,-4.395770172017686,33.903665607001834,75.91880865395885,2,1,10.730587081265496
2024-01-01 21:18:00,67.46265732774302,0.9431859698403732,-4.67228904665555,35.22028176836336,56.49920352426684,3,3,6.839713967561854
2024-01-01 21:19:00,85.7703931732735,-0.3658245361173122,3.015825752703897,18.96750363863851,62.49157060517311,2,2,8.626723025567717
2024-01-01 21:20:00,8.214054307922014,-2.730713901163692,9.957631056501508,10.289804212611187,31.71007509345256,2,2,6.885967873508491
2024-01-01 21:21:00,50.12003949803937,2.520682879935773,8.182452401484797,15.296076929377772,31.18173288747956,1,2,9.170625673232092
2024-01-01 21:22:00,13.963018219739505,-0.1782226638505513,-0.349618499430731,34.13310201150952,66.67323482080992,1,3,4.4793679023467226
2024-01-01 21:23:00,73.53550026438126,-2.826019533984312,0.7946385117310513,4.494704017941306,98.80077982635572,3,3,8.611302966436101
2024-01-01 21:24:00,112.61785898569856,1.1389264279725717,0.8185899435715163,8.269160408571837,27.70004665901805,3,3,13.63625591503621
2024-01-01 21:25:00,79.41332789659663,-0.1089764785424511,6.012682238575222,30.34493204137455,42.8585142852625,2,3,9.587891737820366
2024-01-01 21:26:00,9.216365797730584,-2.253928095345536,0.1169912899357523,37.08712506623871,89.556729323031,3,2,5.204671799906089
2024-01-01 21:27:00,42.55994459820994,-1.7143691441384423,-2.783044079371089,-0.8182696993023066,25.781760980418955,3,2,6.363059879960337
2024-01-01 21:28:00,66.07960553290218,-2.6130559172649224,6.206611128753256,31.16975356085331,90.0708577093561,2,1,6.676354489783342
2024-01-01 21:29:00,48.38493073599027,0.4457612382514413,1.8702342736765691,24.028073811932096,61.9428786699801,2,3,6.497994270076172
2024-01-01 21:30:00,100.03728125702068,0.7321768755120557,-3.8483191447029954,5.3847195008822,52.66134191411407,2,2,10.421541820203242
2024-01-01 21:31:00,97.7605205651987,0.034453790132666,6.850784027380911,29.01177384991456,44.77444514811647,1,2,10.833820997368056
2024-01-01 21:32:00,73.41972241238658,1.9026127980156893,3.7796689592534394,27.756222924969755,43.76937265022735,1,2,8.95754951257288
2024-01-01 21:33:00,44.81495341592463,2.1660529278480816,2.3405398790317644,1.3913415197235135,44.4642065959583,2,2,7.38823097297058
2024-01-01 21:34:00,30.640364851589297,0.6937463800987596,5.100147507209197,17.60129758351249,90.78424647681568,1,2,5.580554801360057
2024-01-01 21:35:00,12.70491818557552,-2.923461121755417,2.580515242305494,29.123098728279963,77.90361841398284,1,2,5.429805878201663
2024-01-01 21:36:00,42.587722018386486,1.171377934486414,4.726302219827488,3.619485706351563,73.57784062649205,1,3,8.28559084475082
2024-01-01 21:37:00,49.58070206492634,-0.4920046984778903,8.012328180479823,15.824471007602655,83.89993191616006,3,1,6.554123067643856
2024-01-01 21:38:00,81.09875101248883,0.3933448993583219,4.20271552166688,0.4333506112890131,40.5691730403316,2,1,10.600891602053268
2024-01-01 21:39:00,78.97917891570881,0.8944836121133064,4.894007467814124,8.807571581840213,69.44342496654045,2,3,7.504562835322577
2024-01-01 21:40:00,8.412976756950833,-0.8985803140375395,4.207841041310122,4.807520540569039,56.80529911663608,3,2,8.53358408164392
2024-01-01 21:41:00,47.43111785173893,2.5025910310307653,2.9676966644994494,17.728200702618516,82.59533081601546,1,3,8.463739514398117
2024-01-01 21:42:00,21.81346406608343,-2.1961507995013125,-2.4204138353679268,1.35469006693386,44.74048883786284,2,2,6.844743053367036
2024-01-01 21:43:00,18.81752463801668,1.0290708436862248,0.0351646533829814,12.24178399266308,71.45428934959166,1,2,5.927445488899379
2024-01-01 21:44:00,99.27625796846952,-2.9738425202605177,5.3966345103718325,7.382330724354674,90.57699294538509,3,2,11.250422679923624
2024-01-01 21:45:00,5.029826005950904,2.5479066324310846,1.3821416005266576,28.572201139313957,52.172038095594296,1,2,5.149361393383246
2024-01-01 21:46:00,50.30194510825456,-2.3249752005714512,1.0919351786653486,26.48513979109047,25.32976698939692,3,2,10.37739285758672
2024-01-01 21:47:00,20.184438691982184,-2.4306946191145524,6.38903926195837,-0.7281261650469757,61.28406578734342,3,3,5.283750486071134
2024-01-01 21:48:00,105.51962588141689,-1.0019542016865346,-4.916467090645082,37.906774954506325,47.67779902456208,1,3,11.771230619865005
2024-01-01 21:49:00,66.84486159300421,-0.7586022837655166,5.184917203680078,28.510731313604,73.778030443774,1,1,9.234927052917008
2024-01-01 21:50:00,27.765676365221765,-1.7141995660627285,2.33839765735023,22.718141308649574,96.08263397988848,2,2,6.567095118986305
2024-01-01 21:51:00,60.291274459965166,0.5107299655627484,0.6514387186952817,16.496567265310812,58.84866543974776,3,3,8.880072403053504
2024-01-01 21:52:00,87.7783631643739,-0.3425154117482183,0.1080491736038444,3.006508934444753,57.29521841244271,1,3,9.079900974599624
2024-01-01 21:53:00,114.97416107033206,-2.7949464657534757,-2.406867570272457,38.29071896440572,72.36678401531682,1,2,11.736571812779244
2024-01-01 21:54:00,26.45352050945027,-1.0820876264681962,0.0137812412290463,-4.646373048391632,28.27980028748541,2,2,8.798434393337583
2024-01-01 21:55:00,106.3418126555214,1.862597481439023,0.8712770816555926,26.16165104034449,40.28049511400117,2,3,12.585735324658234
2024-01-01 21:56:00,112.11649370009884,1.1382092091712117,1.561733791372523,17.834994604223432,93.51834604003189,2,2,9.367671768693318
2024-01-01 21:57:00,109.97046534384796,1.3492251214792823,5.084509580162914,35.61618505110583,73.5954090691013,3,3,12.911471349282056
2024-01-01 21:58:00,76.24972282342918,1.188701544501141,1.8035652913450744,12.13137757096492,21.0755235186733,2,1,9.173920160163345
2024-01-01 21:59:00,75.57847853216492,-1.1341618717018005,6.944264563350259,18.338998853557783,36.37003780472159,3,2,7.785086099036407
2024-01-01 22:00:00,48.38527598205873,-2.4020164675393447,4.596069960675617,28.40527263610237,74.62698128231193,2,1,7.013305080671224
2024-01-01 22:01:00,90.28774587645457,-1.365196895801424,-2.1560438075886603,-2.8595055504864964,81.15193620500594,3,1,9.01366089656103
2024-01-01 22:02:00,63.75528220211183,1.9907118011109557,-0.8424024084422985,-2.5486141538740306,87.18876581392335,2,1,8.559551635852062
2024-01-01 22:03:00,81.29256854739533,2.8828247866984267,-3.811262203379218,4.525273697706794,43.37414427056359,3,2,11.632526137089496
2024-01-01 22:04:00,51.41494846185545,-0.0369179115506321,9.185826323849833,1.589106258815292,94.482287702205,2,1,5.420902532552614
2024-01-01 22:05:00,87.77957568517668,-2.9417978704617465,8.298257218439,-4.710043924974821,64.2357514862314,2,3,9.572869275248596
2024-01-01 22:06:00,98.93658211254588,-2.159731127194626,-3.728056618235943,23.03454199477948,75.72312179103143,1,3,8.53599251912588
2024-01-01 22:07:00,17.572350792337936,-1.0675165481024054,3.6111402377119006,30.817208535520336,67.73910902239264,3,2,6.273477739348631
2024-01-01 22:08:00,99.95156586890737,0.4715120915576984,9.406027282912278,38.0701739351016,29.81920437396964,1,2,11.695655055471272
2024-01-01 22:09:00,64.83558381483687,-2.549438125168116,6.207141849192336,14.84051429523632,97.0491727507904,3,1,8.515942676632742
2024-01-01 22:10:00,101.35990909082692,2.66014379225929,2.37718290956009,7.587429620870575,29.83004639153221,1,2,13.039116735739512
2024-01-01 22:11:00,51.75620476092176,-0.8094979602935957,-1.3834551664004775,33.87561019503239,40.39055651289469,2,3,7.517972112910098
2024-01-01 22:12:00,45.484858245964205,2.4755053075489384,-0.8144438737805659,32.99780257777265,85.09023041783841,1,3,8.016181467775185
2024-01-01 22:13:00,109.80728790206668,1.68313081654213,6.043569320070411,23.11794449201665,69.48775692008812,2,3,11.555399196789892
2024-01-01 22:14:00,30.14031210580816,1.5326236350934863,6.708629098657701,7.291706738887058,87.05193323010856,3,2,5.782662992913217
2024-01-01 22:15:00,101.30547903433715,0.6403174786933921,2.9303998652714887,35.88329177076705,61.25889506992359,2,3,8.194923207874483
2024-01-01 22:16:00,58.08246870112849,0.7607029023110679,-3.185769477249428,3.0280601511300578,50.15945882933079,1,2,6.689587119118848
2024-01-01 22:17:00,61.691453106151165,0.8280194112974888,9.008025604398918,-3.0359073360341475,93.7476399638228,3,1,10.23390876504127
2024-01-01 22:18:00,37.016193778738085,0.7723283221534927,7.671441018501023,30.847822812731398,22.900185401183588,1,3,8.23799237104801
2024-01-01 22:19:00,68.76506407428188,0.3223693883901672,-2.8919183145886573,20.364657719550635,88.49041762824368,2,1,9.22993185568775
2024-01-01 22:20:00,39.02534355314536,2.9184841108973334,-4.149086245567217,6.091051770333632,38.46542281502253,2,3,8.032435595928831
2024-01-01 22:21:00,4.712329708998277,1.3937434045541766,3.038015241246004,25.19030480440957,87.89890622031743,1,3,7.842392865143523
2024-01-01 22:22:00,32.63983264132273,1.6616783303551266,-0.7378607340571106,29.502243571574432,31.13572907335085,3,3,9.87319415887762
2024-01-01 22:23:00,0.7654852087908814,2.234776890502045,-0.7512543587814804,33.00456781040321,66.41751709524324,1,1,6.441106064368968
2024-01-01 22:24:00,117.4025744468228,-1.706161423644905,-3.691676108743824,7.695670718588403,91.04863352091776,2,3,11.384709920257883
2024-01-01 22:25:00,115.8896651783697,-2.4971750454296355,9.300787529070812,-3.8485646936622775,57.88317175191124,3,1,12.691106502306411
2024-01-01 22:26:00,47.4186356966766,-0.1026333804084078,7.452496894897669,17.951746901208374,79.72533390427144,1,2,9.048057647698313
2024-01-01 22:27:00,87.40450252075752,0.0844841737156389,-3.292481121861248,33.5235369158677,84.37372942844468,2,3,9.657024428902236
2024-01-01 22:28:00,41.496731809251,1.9750906796995065,8.148981514762454,4.351960176787218,78.91953669734234,3,3,8.916299385363248
2024-01-01 22:29:00,80.53117885031713,-0.3372985243059858,5.244340839447055,13.95064629033423,94.02637894996786,1,1,8.593923942246501
2024-01-01 22:30:00,96.6516051655175,0.4251181532658763,-0.1183830225708701,6.538933078819992,55.74673844159429,3,3,10.342567488926948
2024-01-01 22:31:00,113.61074936306888,0.1624256310807501,8.068758316226976,-4.398680685924064,33.85003513321246,2,2,12.79948904718384
2024-01-01 22:32:00,48.02547310196064,-2.7707832974556537,3.970332816729375,35.43358433995061,23.824885096198383,1,3,7.872945650507853
2024-01-01 22:33:00,93.99575795472572,0.6912893795814838,7.730047665015791,1.0773952019046202,39.716789571000405,1,2,9.517215335443534
2024-01-01 22:34:00,31.911414075854253,1.9682597146455127,2.039018867308786,29.50452020890781,31.45580031041937,2,2,6.546111829462769
2024-01-01 22:35:00,118.8398764552378,-2.054996711545177,2.5097656024274126,10.597145430624725,64.63589931475843,2,3,12.285939421319576
2024-01-01 22:36:00,3.092351851722137,0.5659904035595744,-0.6348495588356586,7.495685900799934,34.795626976938564,2,3,5.896497685388721
2024-01-01 22:37:00,72.42345678013452,0.5616632666784862,0.8153903791706236,37.346299892741584,23.11469658314969,1,2,8.451078910150326
2024-01-01 22:38:00,79.14071779815926,-2.014890215661848,3.5162810369233206,24.57397690332891,22.879186309493427,2,2,9.814306194993526
2024-01-01 22:39:00,82.56546684889545,-2.259218557615584,9.20588835562926,25.91151978646641,86.52555986918892,1,2,11.252502561718618
2024-01-01 22:40:00,14.44650945469068,2.8803116578589085,4.001766399522021,29.184381330423008,67.31599451544199,1,3,6.954031370847879
2024-01-01 22:41:00,112.62357401677563,-0.6376849820817747,-2.7893271232940964,10.342000121019888,48.646824151470256,3,1,9.844394305634069
2024-01-01 22:42:00,21.74199348600993,-1.6354696276588243,-4.895057217852699,20.36490163130979,91.53824341921975,2,3,6.051384017179975
2024-01-01 22:43:00,74.73040838878093,-1.9720527332737503,7.764817832630198,7.160050482109854,25.615728912617087,2,1,8.05855226216716
2024-01-01 22:44:00,26.7211294947702,1.0056102814994103,0.4648813504922957,32.55436819645911,98.42576581822608,3,1,5.402127586361734
2024-01-01 22:45:00,36.865970042552505,0.6566717839636729,-0.2755109054025064,21.9688320684397,69.30334322035688,1,3,8.922506596975975
2024-01-01 22:46:00,65.57502500737492,0.8613127379245049,7.010966844135728,5.953307171850293,34.67714031750788,1,1,10.967879329560464
2024-01-01 22:47:00,50.06321022774918,-2.4719638349312865,9.180464486347532,35.48912828448002,74.32552791815749,1,2,6.482872604044193
2024-01-01 22:48:00,19.227072117180757,2.3612075009906217,6.220676325279346,21.13780002177333,81.070500782685,2,3,4.008318920733973
2024-01-01 22:49:00,20.512368290501797,-0.6644016191457105,-2.3922903063285155,17.27637264658359,54.34742266966196,1,1,6.073409592440918
2024-01-01 22:50:00,50.17737457953596,-1.1197835614178524,0.8706744038656336,-3.4480586105614783,88.9306084996438,3,2,6.290994838833512
2024-01-01 22:51:00,90.87395739306008,-0.225831316513565,6.3909782865211096,35.94109023222756,32.058592583717626,1,1,10.378646366287482
2024-01-01 22:52:00,107.75575762173465,-0.6596036055142305,8.6038872200586,37.852326221412014,42.307006686208666,2,1,11.263044916599744
2024-01-01 22:53:00,10.09531947112594,2.181462018834875,9.979000959244903,20.31693825270117,27.47938892671918,2,2,5.637620358439522
2024-01-01 22:54:00,47.17246890712813,2.5755658511873527,2.6734136070727867,14.913100912655082,36.87022724858817,1,2,9.120354378308315
2024-01-01 22:55:00,12.029467646745196,-1.1792807013023627,7.3378722751292464,11.180427970211063,39.0983049528916,1,3,6.781040062067481
2024-01-01 22:56:00,1.991097675911746,2.183614844759729,-4.300525358339239,7.062159214121605,93.4106552737368,2,1,4.948053515604246
2024-01-01 22:57:00,79.4062419172748,1.6891387771984032,-0.7126287536754807,20.85382020118928,26.24877510009249,1,3,9.229066247215789
2024-01-01 22:58:00,72.29393303599053,2.584846034068571,0.5727010502123395,0.7642773856554417,54.19320961501676,3,3,10.07472370454241
2024-01-01 22:59:00,19.562293657786345,-1.525498126884673,9.632857679228412,36.36281237103131,62.59189497815304,2,1,8.99881197547201
2024-01-01 23:00:00,28.05753997116769,0.4617549007258743,-4.949095276777092,2.9181432126019367,91.89544430417288,1,1,6.257863432820594
2024-01-01 23:01:00,2.8449304373422057,-1.3527324915573322,-0.3796889335611038,28.54809680545828,99.81569749289709,1,3,6.261772806888838
2024-01-01 23:02:00,100.19366468332844,1.944566942906245,8.956183894193558,8.809949756589317,80.27104919358686,1,2,12.876260548484655
2024-01-01 23:03:00,116.96287152582616,-2.9680548565736142,-0.3998264743398314,5.173198495540524,97.66327924552236,3,3,11.706389209790846
2024-01-01 23:04:00,16.255144415362896,0.3889149773183766,-1.6239985127813474,20.104113070965088,82.96809060286989,2,1,6.381310863173364
2024-01-01 23:05:00,27.77702565183577,-0.9647794123684924,5.951327671539753,29.430624152177728,97.05621127771332,3,2,8.495651922954885
2024-01-01 23:06:00,104.20914287363208,-1.0638977575330786,6.180083394997981,27.70315010231416,76.58165807555642,1,3,9.445823378915138
2024-01-01 23:07:00,111.17565575474218,0.8694379431895021,2.0826682397126275,5.519035790374337,26.381074036085685,3,1,10.852291070853392
2024-01-01 23:08:00,50.35528593681724,2.108906695883963,9.20376204798135,9.872605762132045,52.15361495941412,1,2,7.382374115984413
2024-01-01 23:09:00,6.074696672288895,0.6551723483599572,-1.959393806872372,34.09744823501693,71.72778270419764,1,2,8.049353564127875
2024-01-01 23:10:00,4.727020043138328,2.1190378718803347,8.701237509693962,27.545968503238363,48.05748075634008,2,2,7.822995144791869
2024-01-01 23:11:00,68.87398392828125,-1.4124173287138202,6.332621147879436,27.07122574086529,41.87071344910229,2,1,9.982413419504658
2024-01-01 23:12:00,47.14741306718148,0.1170111285898869,0.5231251128107113,7.100728434935094,66.19194137064727,1,3,8.096755282441288
2024-01-01 23:13:00,3.438291309318542,-0.2967807655975436,7.1036292958506095,30.6401938453496,94.6801501361948,1,1,6.449309670909445
2024-01-01 23:14:00,69.9902870775068,-2.9301306029814227,-3.001967353793692,11.1288007944597,22.798549881292285,1,1,9.162857852617451
2024-01-01 23:15:00,1.3563043906826966,0.3408728588444409,-3.0352626021015903,13.062573407168944,81.53849628331501,2,2,5.485474156955648
2024-01-01 23:16:00,94.48463497791276,0.9691459448770496,8.94905804871109,7.940249005032673,77.81818224357016,2,3,8.79628823669384
2024-01-01 23:17:00,36.77193872440459,0.5514864265144204,-3.5782923823188244,0.4625611167658876,97.11627403106296,1,2,6.00830536509647
2024-01-01 23:18:00,4.830960361107852,1.417679392700529,-4.93880589725893,13.917710334810916,94.45689778660348,2,1,3.7777753858632392
2024-01-01 23:19:00,70.60226651797839,0.4280371707184627,0.8354573737735302,-4.2377224134934135,80.97860496353543,1,2,9.775726086206154
2024-01-01 23:20:00,47.72212973196656,-2.5994984708954583,-3.442235383518084,15.515960774226688,61.632701174607895,3,1,6.773985066818514
2024-01-01 23:21:00,116.85604960285794,-2.301326855491731,7.945547398663765,27.62528971464188,36.34140425868159,2,1,13.538768603557807
2024-01-01 23:22:00,65.30383950044427,0.5788474652637143,8.840402701643994,38.23352647440138,63.61885746604595,1,1,9.476273956925551
2024-01-01 23:23:00,33.02870172444099,-1.350124848158159,2.236395465346191,-1.4624084945284963,81.22815951357231,3,2,6.123391418664511
2024-01-01 23:24:00,85.13266375607697,-2.5221292257914047,1.382072995150554,7.658081687897278,91.65353701103145,1,3,10.823718388379156
2024-01-01 23:25:00,32.57904030512536,-0.4223835393087194,3.08558915416138,17.23589732252651,83.17696073684392,3,2,9.05945368421318
2024-01-01 23:26:00,108.5091949689078,0.3259355885019319,-1.6070806273252067,2.6674576915862342,35.62135481528432,2,1,10.677417830435257
2024-01-01 23:27:00,44.96663646088517,-1.027524069902361,-0.5305120786949598,0.25728349343371,67.97490513824475,2,2,6.813620658905813
2024-01-01 23:28:00,65.98422753314463,1.322602213354668,-3.4853424427399284,15.354314745274774,46.57387676250856,1,1,10.495781035533843
2024-01-01 23:29:00,6.068772458907463,0.8626236486074679,1.6967513666704503,21.132873800149305,20.73645339125144,2,3,7.900837527857701
2024-01-01 23:30:00,51.134548554267695,-1.0030898334499685,4.1753743380048896,31.9093476945863,36.01767486309328,2,3,10.249832383095992
2024-01-01 23:31:00,99.8836247593194,1.5292351734513634,8.95335601587403,39.90115398073805,29.057651994675943,3,1,12.386071678667948
2024-01-01 23:32:00,96.67785664360105,0.8921702551982129,6.086097559401374,29.84218509942331,87.41752988315748,2,3,9.236255850923255
2024-01-01 23:33:00,26.91822706242315,0.8246722723074127,5.8459560032978,4.960320338484412,40.68050017182496,3,1,7.600612956744321
2024-01-01 23:34:00,27.12948852126752,0.3205662047224082,-0.3800155685884672,28.65901309425614,42.77583751100444,3,2,5.632970208949721
2024-01-01 23:35:00,98.07663746558842,-2.9316619914686832,8.324399462650668,19.171913094358704,96.79492574391074,3,2,8.116844107660462
2024-01-01 23:36:00,111.64781042031906,1.1790431008613345,9.204335450199965,15.28643090665475,50.32693784390817,2,3,10.682264777877124
2024-01-01 23:37:00,11.443310552760426,-0.7437492533450611,8.983944048130557,37.10778222582714,20.766851211551565,1,3,9.538578527395602
2024-01-01 23:38:00,54.00703673114703,2.6556582609519337,-4.417954602134224,26.59416641138477,42.707691867690926,1,1,9.333932596205218
2024-01-01 23:39:00,40.49451347570748,1.9079086264632323,4.065259544560323,25.676188309478107,29.543966448145,2,3,5.80049383078331
2024-01-01 23:40:00,104.48261465489271,0.5261668171878733,4.648376585879426,-4.470981587257991,28.224684938868315,3,3,11.769429363616698
2024-01-01 23:41:00,10.022989761602252,-1.4869081090843834,-0.5740225967524468,33.92821711209024,26.19898321085996,2,3,6.076724142342902
2024-01-01 23:42:00,25.33511310696449,-1.7776956403340003,9.886182747368949,30.698521483464,67.46075761403019,1,1,4.847252151983041
2024-01-01 23:43:00,90.29620051037932,-0.9576909739347051,-0.6321881177216166,8.452384506869915,35.147817890388694,3,2,10.000233203482995
2024-01-01 23:44:00,6.15526187774587,-0.1405923385198888,-1.7508251272841635,8.145103562797392,48.89942352328084,2,1,6.765279936927127
2024-01-01 23:45:00,59.10424568571471,-1.2236069397663174,2.262184756647877,-2.593469297664498,88.96141729040134,3,1,9.76289050721167
2024-01-01 23:46:00,53.0528441615664,0.0895769723548967,-0.1527893034448482,-2.711460932209528,53.94705118370205,3,3,7.460559879499004
2024-01-01 23:47:00,40.12814147864984,-2.007777446920884,8.860441898049164,25.08675310577566,93.255308004131,1,2,7.465558346920492
2024-01-01 23:48:00,47.34867783827085,2.866276876953,1.6011509697215915,3.3806925808500736,59.8350442716485,3,1,5.538807662575739
2024-01-01 23:49:00,63.59287043162795,-2.352452670210037,1.1522433200887514,36.559653242734775,51.90692918718046,2,3,8.705704278379802
2024-01-01 23:50:00,19.364083006605973,2.591664837926232,4.387931951627502,32.90819926112286,80.03111416725613,3,1,5.402613164583364
2024-01-01 23:51:00,68.63950539403113,2.481468068416169,-3.7832799312331495,10.699832201448269,25.85400790144017,3,3,7.876014695908968
2024-01-01 23:52:00,96.65187951599836,0.1521628909169878,6.350994202247827,12.103084831559595,27.158270638593397,2,2,9.890302149756533
2024-01-01 23:53:00,91.21931157481907,1.3494616310165064,6.525982327073072,9.727445238465128,72.15789711383685,1,2,8.535126554389851
2024-01-01 23:54:00,18.46798856325284,-0.3837102121644733,2.110387520915016,-0.8422289063708313,58.95525705913986,1,3,4.102039911276535
2024-01-01 23:55:00,17.90993636897687,0.7802074652546294,9.335469115006424,-3.585642905740192,83.23322002553681,2,1,5.31437942796019
2024-01-01 23:56:00,32.180924129389595,-0.956544375473288,3.690086661936217,15.345992125295378,93.30166698748252,3,1,7.94892969931353
2024-01-01 23:57:00,43.32896716092446,-1.193045881287328,5.428546813674862,37.436805152117245,51.0693502137238,2,2,7.116286606046203
2024-01-01 23:58:00,49.01466976901792,0.469378717017082,8.865174332546518,36.27621943686108,67.71280212677169,2,1,9.581053978560274
2024-01-01 23:59:00,81.56366602000143,-0.0112219548961176,4.995180151371885,31.4427433504614,60.05573022362479,2,3,9.793445027116432
2024-01-02 00:00:00,6.8016518599002485,0.4772182148998865,1.4773901158832068,23.28677173493521,98.52885245139464,1,3,4.298639407244246
2024-01-02 00:01:00,4.160724507127966,-1.280036512277862,-4.628432365502775,33.5300083011152,86.48675258852761,3,3,4.535055318281266
2024-01-02 00:02:00,47.02926755326908,-0.7982530090980284,5.924489734477142,18.178083297920388,92.93901666218828,2,2,6.771823774138135
2024-01-02 00:03:00,83.65964305655766,-2.496612236226544,9.472990174015678,3.107205985928428,40.347207006208336,1,2,10.352003354505262
2024-01-02 00:04:00,23.212241154777907,-2.6863417663667657,2.053526853039908,25.787665650515432,81.80211385300754,1,2,6.572931646010537
2024-01-02 00:05:00,76.9805377507502,-1.4792572219619025,0.0965295668239623,36.42907158303229,41.23785799981192,3,3,10.391653783065172
2024-01-02 00:06:00,31.179376552835937,-2.5545188440167257,2.788891396206676,-4.117770616741395,36.69940267427119,2,2,7.681732223868522
2024-01-02 00:07:00,106.33033305762196,-2.377351748191556,5.926558085269887,6.314982349356884,95.54129277244408,3,3,9.11001746502371
2024-01-02 00:08:00,107.482793311994,1.8775704323636224,-4.98964288276926,6.944718607207214,21.54435333742933,2,1,13.736452367949468
2024-01-02 00:09:00,35.674464513759176,-2.7667578178998644,8.308175840977803,-0.543220762268259,97.23109629307436,1,2,7.315194655911002
2024-01-02 00:10:00,27.59925047558886,0.9536567636084564,8.295442895174828,5.147239962934721,31.940951759104497,1,1,6.310759618643786
2024-01-02 00:11:00,49.35647664794775,-1.364653507107597,3.1194690041306323,12.279193506013849,85.55504654346146,3,1,6.965540635744452
2024-01-02 00:12:00,28.863790221617847,2.2292740842487584,-3.1643185073658806,37.29259411817458,42.07380424544824,2,2,7.378520874670091
2024-01-02 00:13:00,80.68606119500444,-0.0900462925350025,5.0770869192043175,33.71195961070584,48.05618619445819,3,2,9.447554024479684
2024-01-02 00:14:00,99.12776214579426,-1.1665412440330456,-2.9323150555502995,37.57028009181776,37.34061690575879,2,1,10.460536590690644
2024-01-02 00:15:00,80.77105570934604,0.1058336141366069,2.613207271490211,0.4257299525052644,66.84112339848637,3,1,8.149244794059241
2024-01-02 00:16:00,98.92205366992194,-0.7082518857283873,-3.595550420283245,-3.73781922713345,47.847643800629925,1,1,11.969728346417758
2024-01-02 00:17:00,47.639059464896896,0.385806388018981,3.835980074462519,-0.0552576015002745,72.59144315957306,3,3,7.562157784370298
2024-01-02 00:18:00,18.758036485063304,-2.3128027900419106,-0.2289601232301894,36.14330356836822,21.25178543536528,2,1,4.534737114012088
2024-01-02 00:19:00,88.55411368771105,2.9819430168753067,7.464871221062543,2.086988734099778,25.14999068120317,3,3,12.539050196596689
2024-01-02 00:20:00,43.25694061698647,-0.4466647338196949,6.999191893126222,20.768651795763617,27.972892218499894,2,2,7.938132427991694
2024-01-02 00:21:00,80.5524990274959,-0.910616161755788,9.977108132116616,5.241206643734289,53.51949482481849,3,1,10.701561847839203
2024-01-02 00:22:00,32.477273037811884,1.2612590898975888,-1.137452379434528,-4.071405878744024,85.18369381279808,2,2,6.346984969219878
2024-01-02 00:23:00,9.74755617680072,-0.8166035610280051,-4.072983608306295,-1.1920396035840053,91.05423283027062,2,1,5.382475349285684
2024-01-02 00:24:00,119.1098154585316,1.999645830172546,1.6450489772326715,26.94086603348859,39.58485920487206,2,2,10.857252871762594
2024-01-02 00:25:00,18.744180951671915,-0.2743756538374482,-3.7489499755014375,3.20649034060026,65.94957793912113,3,1,7.848451512709143
2024-01-02 00:26:00,118.61051927561772,1.3173504795926094,-2.322504274013553,5.311264244506575,81.46919941540804,3,3,9.114496896534964
2024-01-02 00:27:00,117.27359190797368,-2.355280701348681,3.959502120423286,11.97654253706586,43.10635439356869,1,2,9.476140453645286
2024-01-02 00:28:00,95.25817246896476,2.076715113330671,3.8819627701644777,24.575870206127803,52.72061893890186,2,2,8.177787666866346
2024-01-02 00:29:00,79.13075544983971,1.4143079206686586,-4.350087834054644,16.12175768318498,61.91793621485712,1,1,8.611956987376217
2024-01-02 00:30:00,69.33684603013016,-1.729699329228206,1.6435712712741797,37.507459719719634,30.78998771264381,1,3,8.919418569647906
2024-01-02 00:31:00,103.93218544534017,-2.12828394152528,2.953280393008625,14.53819858328485,22.078583498062425,2,3,9.230163382555675
2024-01-02 00:32:00,34.73274259433855,-1.1022459076462536,-0.9796364327002004,3.9608914088862255,32.22446474546266,1,3,9.093148625988071
2024-01-02 00:33:00,56.12174549818525,2.856423516191426,8.08064772813241,19.126427773405364,70.14828970028267,3,1,9.464263896078435
2024-01-02 00:34:00,74.32679632398023,-1.4590105525976482,-2.5835202853036714,15.290032679269014,25.88946092269453,1,2,8.417738488469405
2024-01-02 00:35:00,49.34285710433893,-0.2632367463202003,-1.191472924906784,30.42122523407634,35.175709188010266,3,1,9.723097356783333
2024-01-02 00:36:00,51.29837449083216,-2.819878645695982,-2.645083774508705,37.08045537427671,47.0283108556243,2,3,6.187340402664693
2024-01-02 00:37:00,39.63416010025013,-0.616634822602605,-3.251800491941629,32.63328526164283,26.229605144509307,2,3,6.897564184964359
2024-01-02 00:38:00,67.70781800214432,0.4279200925986162,8.18468776010689,12.5067876216674,35.33594169293075,2,2,10.522553870675525
2024-01-02 00:39:00,102.06894336181392,2.7187476750477906,-0.832112523950272,4.7252255031111865,92.90158311868088,1,1,9.697361307623318
2024-01-02 00:40:00,24.18340536075754,0.1004162696403865,5.837860292017844,36.15200216562673,21.54393057815878,2,1,7.433388630669149
2024-01-02 00:41:00,112.13196465041295,1.914643957066127,1.4197353958787469,12.36728431467256,72.27455393394897,2,3,10.43495650691386
2024-01-02 00:42:00,82.69051844978756,0.2827658554134036,4.538102211008752,29.659298055191957,50.7527144732148,3,2,12.157766372064868
2024-01-02 00:43:00,98.79278552160362,-2.7552899193868914,8.92264294258314,39.52873035458008,73.8118991545897,1,2,10.330292755732827
2024-01-02 00:44:00,66.7428831156014,-1.1099503488613558,7.669118005648741,20.984920668187424,67.09533762907236,1,3,8.31688361400587
2024-01-02 00:45:00,93.54200417088762,0.4532970469866195,-3.965204113696432,16.59462107659985,37.87990034837154,2,1,9.051081645525828
2024-01-02 00:46:00,1.9440476807360647,2.7035637955867458,7.678038029188267,26.49418521165469,87.77675900587109,1,1,5.841781682682527
2024-01-02 00:47:00,98.20565097354422,2.1547821585074,1.777352729210456,3.7268941355788394,59.355230608748535,2,2,9.955025858092949
2024-01-02 00:48:00,4.816663090243982,-1.629866314926914,0.2521859031982796,16.970788245939257,85.80288151307774,3,2,6.237056815949452
2024-01-02 00:49:00,106.7896051635435,-1.679341019885019,5.0858188819244265,9.05488406996466,52.481002895057536,1,3,12.669090715530444
2024-01-02 00:50:00,119.0355296686372,-1.7929621973165957,9.25311809648872,2.390254180405595,98.77484431321912,1,2,10.408657350639642
2024-01-02 00:51:00,35.28809546121334,2.5349933778150184,-3.5879675361779384,22.45614470639288,81.6391486801037,3,1,6.417434317712884
2024-01-02 00:52:00,25.23822675429524,2.115996918610324,6.521155453753586,20.9067738456166,97.27601640900588,1,1,6.660639335127661
2024-01-02 00:53:00,91.84360366296488,1.649300593517692,-1.9473795386306687,29.25416198841429,61.14611831278871,2,2,9.78660856623987
2024-01-02 00:54:00,30.363160910430388,-0.6435893146546343,0.7020418424049826,34.28365559086126,57.89529058325604,1,3,5.268529191010295
2024-01-02 00:55:00,103.8674859806644,0.026284225792601,8.107345243948748,4.9169193709400165,80.43630474602062,1,1,11.57694315197344
2024-01-02 00:56:00,12.341111058897203,-0.2140095312290828,3.1869877601850902,30.08661934242101,90.4233010410744,3,1,7.487627649812132
2024-01-02 00:57:00,15.11462356552299,-1.479611354643764,-3.988150280743606,11.532332233881808,97.13166366924465,3,3,5.036897294202239
2024-01-02 00:58:00,117.49818661207388,0.0301682768926019,2.620728252051075,23.29625208070412,45.96415248259998,2,2,14.211505855774854
2024-01-02 00:59:00,80.86066779240056,-2.817020712883473,6.844628524621363,33.26080124181151,83.89636590741111,1,1,8.834256116698167
2024-01-02 01:00:00,101.62646693147434,-2.209137759015245,2.9332088164839,6.528330187861849,36.85164781084293,1,1,9.68247549285704
2024-01-02 01:01:00,38.91952528218216,2.319537577013678,-2.496661415314216,22.04325777846267,63.645947739635616,3,3,8.25574043367956
2024-01-02 01:02:00,81.17804994247253,1.510078602188539,1.6756161258629785,16.614349474008144,34.387851872735936,2,2,9.850661036232436
2024-01-02 01:03:00,71.30901927703167,-0.4627895456454776,8.86518052059474,30.575978205282357,47.79178894002711,1,3,10.821422752548154
2024-01-02 01:04:00,72.37801441475364,0.1029021737032636,4.873059851411695,26.375858452349732,94.50866937651674,2,3,5.932169991682521
2024-01-02 01:05:00,81.90389514452659,-0.7800066842401354,5.948297597628841,29.633432615645876,31.68725598184689,1,2,8.294681861199319
2024-01-02 01:06:00,69.04310077549182,1.4446792029640347,6.789047611741754,7.957440832144366,70.59207161081572,3,1,8.88651671599346
2024-01-02 01:07:00,51.48748431631992,1.7051230753924775,-3.6395986370999776,26.69603323400932,67.43634183419226,3,3,8.470953161741113
2024-01-02 01:08:00,33.11072332566562,1.5797111412189544,3.723048389049458,22.26126434168284,29.65906821671892,3,1,8.008206815034994
2024-01-02 01:09:00,92.22975970958424,1.3356703490066977,0.6387278977796216,15.550620522059052,46.07832350150497,3,1,9.981334326533668
2024-01-02 01:10:00,27.152691600382344,-1.772973967843225,-2.912612544918543,12.025466066566764,65.03852036122126,3,1,7.423734415492962
2024-01-02 01:11:00,83.0825167385297,-0.9721801245571272,-1.9593566254396428,9.92200138579439,34.97428871907922,3,1,8.139245121677291
2024-01-02 01:12:00,27.9999387179192,-0.1809273900979504,6.7174071058710165,-4.564653741372652,84.04989251302523,2,3,4.324502367840231
2024-01-02 01:13:00,75.03962039453447,-1.0152420514340663,-2.5776634206534084,2.630134808805444,97.77252076278,3,2,9.684936078946045
2024-01-02 01:14:00,89.64939205548347,1.5296412009499738,-0.31372089167421,-2.345980449946708,37.18075199699776,2,1,9.585895441901888
2024-01-02 01:15:00,26.245666668784704,-1.023878854500272,-0.7268999260537781,33.17608941833512,34.95295718324607,3,1,7.05285227332493
2024-01-02 01:16:00,7.1931961033569936,-2.170607479287977,-4.2705445412814855,33.70399916867869,56.39480574379557,1,1,3.6131228619751647
2024-01-02 01:17:00,15.716849159300889,-0.6057572877101753,1.9323767385903787,33.078700151017046,79.82122217120258,1,2,4.684819053191076
2024-01-02 01:18:00,72.71963607252306,2.879486596694281,6.48894763253813,31.806389395920213,42.52804881882011,1,1,10.330127417104976
2024-01-02 01:19:00,101.93356874708826,-1.644711522398545,-4.667710508766505,4.95987040875896,21.590392695782437,2,2,12.517296118834254
2024-01-02 01:20:00,5.399618548250924,0.6729519536593744,-3.311728242801558,17.130377852980327,63.29765024263152,3,3,6.726266942966266
2024-01-02 01:21:00,88.09815108499755,-0.4021617009617619,5.802800193963519,35.85296973857786,96.5280454213846,2,2,9.55433455573329
2024-01-02 01:22:00,40.95823751400626,-2.57385259410404,3.903714860093704,29.190180732117888,51.30214843255565,3,1,7.390930182519707
2024-01-02 01:23:00,57.423404390342704,-0.072740364011643,5.72871421073023,-4.91808713205376,53.61076433464803,1,3,8.536811153607367
2024-01-02 01:24:00,111.46314598146787,1.212985971889875,-1.548440676842922,15.674195938170705,97.51213736912304,2,2,8.214775528888046
2024-01-02 01:25:00,39.83658056830146,0.0793198549669123,7.056531749461072,-4.519841033315542,75.56860893013827,3,1,5.828956824423953
2024-01-02 01:26:00,55.84043207273832,2.2326363824794866,2.19806590165415,7.629747114130367,77.53375382737002,2,3,8.581269055258165
2024-01-02 01:27:00,1.6418897712817326,-1.266377900054504,4.1545296126828575,14.609309855209826,65.01616042968541,2,3,4.983544552611731
2024-01-02 01:28:00,9.791846400580605,-2.4825049721762102,-3.617698741987456,35.180468169262554,97.96873686905931,1,2,4.112435627999107
2024-01-02 01:29:00,31.030990936174085,2.619393669948037,-1.9245262496026805,24.44729278662969,75.1093187540445,1,1,4.733024251720885
2024-01-02 01:30:00,3.3422688985289284,-0.7308219028306859,6.6003682241546215,11.311805447045842,91.60262012841356,1,2,3.813204389326633
2024-01-02 01:31:00,75.76503912579011,0.4584333087218004,-1.6413733821683223,17.079470610381446,75.9503092586577,1,3,7.423422428747384
2024-01-02 01:32:00,51.1678028161947,1.752018756781176,-3.61205258717812,31.78252698686383,78.80926598723167,1,3,7.5474182020111185
2024-01-02 01:33:00,65.77742432736264,-1.0541180167465165,3.958049233781505,8.484501960117093,43.23287377137972,3,1,10.168767256778324
2024-01-02 01:34:00,20.957662307559545,1.2969872290656674,3.2190477424259925,22.676564896089992,44.27829584110552,3,3,8.00848940934124
2024-01-02 01:35:00,35.51184353239393,-2.187486901093032,4.118408934749395,6.80110977495327,82.63877196608234,1,1,5.833621128456146
2024-01-02 01:36:00,79.65893698232702,-1.2522375167669684,4.27458244544637,16.598354675064815,43.73650313359197,1,2,8.004946522533062
2024-01-02 01:37:00,115.83632683564798,-2.1317361831808803,2.502960187967556,-3.89036733970715,65.02160566412253,1,3,10.935879798402793
2024-01-02 01:38:00,6.050012832265104,1.8673833504081472,2.4066088085298363,33.35238937712614,39.94818487253616,2,3,4.928090498804988
2024-01-02 01:39:00,106.84611850263192,-1.6641045886392878,8.862483479341938,-2.8243025819519025,85.35867046472555,1,1,8.068815584420928
2024-01-02 01:40:00,69.22574415734502,1.3044213324312617,3.008225873196104,5.09622249272943,28.8401080982152,3,1,11.15846008689624
2024-01-02 01:41:00,67.67034801067484,2.659790383473915,4.259503036207882,10.008034553146471,86.35573118093316,3,2,8.335391897939251
2024-01-02 01:42:00,60.03342422493124,0.166633254413262,-0.9954591209188308,23.13225025452317,68.21838404060814,2,1,6.36609093649916
2024-01-02 01:43:00,8.327290308502008,0.2401751535641261,8.066398012032867,27.401505950877507,34.95276278616618,3,3,6.119765274194705
2024-01-02 01:44:00,10.78522220833928,-0.2337985914131275,-4.634478610112552,-1.3797030971550512,63.36283084048945,1,2,6.041412552448736
2024-01-02 01:45:00,72.10944067909033,-1.0446591396381435,3.358401434466616,-3.044053135184433,42.59990694778723,2,2,10.371401183589002
2024-01-02 01:46:00,40.915028572267,-0.146069814450497,0.75775442797163,30.954544898320695,45.87738677843973,2,2,9.33514683260452
2024-01-02 01:47:00,110.07216798932168,0.6168451936005566,4.0585629334071545,27.047494025685687,48.122243327750425,3,1,9.559840532765778
2024-01-02 01:48:00,48.79086448313667,2.915949433023956,0.4025807465707025,32.419765941459545,25.065539757785675,1,1,7.858017552317561
2024-01-02 01:49:00,17.19377504431693,2.6265873559093453,5.765318675764704,25.444221933258238,98.8769347521134,1,3,4.785980311110585
2024-01-02 01:50:00,85.76626002024432,2.17291774975873,-4.695028355398538,28.795552166049376,22.522770250497928,1,2,10.359161744296143
2024-01-02 01:51:00,35.20241057292118,2.33478321422915,1.0883415815371444,12.056727237121514,72.99974985474228,2,2,8.559159662994668
2024-01-02 01:52:00,63.05643688270718,-0.1929049002477425,7.468953996136205,21.55829441777364,49.698211820594445,3,2,7.2087208563692515
2024-01-02 01:53:00,83.7399342606204,0.9446659630647888,-1.246989233308462,31.24265542915641,71.68082327573592,3,3,9.9985401548089
2024-01-02 01:54:00,108.03169334424844,2.3704003376172853,-4.20873682429517,2.7452890482932704,48.4998602470067,3,1,9.48455159212803
2024-01-02 01:55:00,95.06294337620112,-0.6422954100518816,2.4478611184775287,14.027033237178625,73.9000517007087,1,2,8.813591662544892
2024-01-02 01:56:00,81.16332814472689,2.770574870072813,9.64800190790185,28.32203958159376,78.33884075746886,2,1,10.80371359909671
2024-01-02 01:57:00,81.55598188741723,-0.5052836275849018,-4.03762157697295,18.968645729433344,75.24421123197158,2,1,9.852008315292508
2024-01-02 01:58:00,113.5109572838504,0.6064959923592941,-3.9491526087531,25.67458538167772,29.116958508652186,3,1,10.520435098410266
2024-01-02 01:59:00,35.49889169958433,1.2588282796342316,3.926748474200173,8.179113814411627,72.55145877237477,3,1,6.18645197851296
2024-01-02 02:00:00,0.1334513035424889,2.7035520784556297,-1.248984306828063,-3.544589690704191,42.39900395632779,2,1,6.8872917461219805
2024-01-02 02:01:00,32.63454712778384,-1.5323023556864035,1.15346850455838,-3.688439911053073,22.30410964554668,3,3,7.744815743654135
2024-01-02 02:02:00,26.14696555520928,1.476785869431854,7.457607294990861,37.42515294386565,53.18645375111632,2,1,5.423041195675574
2024-01-02 02:03:00,79.42015021367978,0.1248935168644931,-2.017269737262253,37.50430197977686,54.68344822430409,2,2,10.499955982670205
2024-01-02 02:04:00,76.04539197186348,-1.3886571562761536,5.789499054721496,4.507705297957875,57.37393066819572,3,2,10.156098681552349
2024-01-02 02:05:00,71.21536592456685,1.659641038778343,2.5672826990133446,1.6359546086924812,76.3859332312573,2,2,7.520250165313089
2024-01-02 02:06:00,1.949213185134444,0.3133336810430793,8.574365386214076,-4.183707474814061,44.70750473139673,2,3,6.438865103163671
2024-01-02 02:07:00,87.4533665340777,0.9658429238980548,9.59443000440346,5.406558534186633,45.22244104831381,3,1,9.840912555649204
2024-01-02 02:08:00,38.82364949825898,-1.062593588532594,2.2744117848009378,10.045814851955813,24.844180499300847,3,2,8.173447463016911
2024-01-02 02:09:00,79.80671868079573,-0.1123562890343699,3.769705886732004,5.855918513704651,74.94569727938368,3,2,10.01373691637688
2024-01-02 02:10:00,66.7894114202584,0.7041255059284026,6.187638111063299,30.882286313779066,65.42608731196671,2,2,9.842682714345369
2024-01-02 02:11:00,41.12771105134886,-0.5705351143809363,-0.2198878719199246,28.724372467394595,47.95400901550305,3,1,7.281339777132095
2024-01-02 02:12:00,16.14915205249293,-1.809764760913792,-1.5988947421512978,-1.3543634891356708,76.41511831338838,3,2,4.943692269159319
2024-01-02 02:13:00,11.330267719257714,2.769842953891824,9.47027758664508,26.379472364594168,62.98861993815017,2,1,5.506796457869901
2024-01-02 02:14:00,99.78219997346685,0.0688052402557044,1.4892308682936726,18.42633039495625,57.53959566964318,2,2,8.700952273116918
2024-01-02 02:15:00,110.20770504978697,1.4035222217262031,-4.976137602263394,0.9474747868686864,60.90596349289012,3,2,9.301659224553411
2024-01-02 02:16:00,77.97456561171595,-0.5337168386636515,7.565774477876253,28.27909437218421,70.90785002136452,3,1,9.288101311593204
2024-01-02 02:17:00,12.412093783258005,-0.869209415845702,3.994962419366285,-1.1279495671608837,72.80020836596796,2,2,5.280082858621186
2024-01-02 02:18:00,48.24326602658888,-0.5570142091972503,-2.4716215591954382,2.971779961061653,43.11662553125737,2,3,9.239713924104564
2024-01-02 02:19:00,87.47270401261886,-0.5448201372861012,-4.547904602343815,1.7151916698923388,31.25946907129226,1,1,9.24396245270104
2024-01-02 02:20:00,93.57850608120818,0.2650806956517213,-0.6277635343740338,37.25650318749178,32.530734495241504,2,2,9.437983790991195
2024-01-02 02:21:00,14.186234674930631,0.2608192198881789,8.91830643210497,26.417020144209197,71.15127087224013,2,3,6.079183184070743
2024-01-02 02:22:00,0.0036862614458899,-0.01707710470277,9.002367550534185,13.5078668124142,89.82986286137007,1,3,3.223422038127424
2024-01-02 02:23:00,85.4564455056726,-2.1912852904953715,-0.3349477054682275,31.99918678819609,52.759702267644144,3,1,11.34532418669369
2024-01-02 02:24:00,42.79154111834468,-0.0235471289968129,7.53896489231075,4.718173428501896,33.56161282635699,1,2,11.213532498617564
2024-01-02 02:25:00,30.53775979419123,-1.985376597476091,1.6276798488564357,36.899197557029446,80.52819986350838,2,1,7.369258919058509
2024-01-02 02:26:00,1.5476963747430528,-2.243185282225409,4.815171237048917,26.36487943955961,86.59915795355589,1,3,5.085649335760937
2024-01-02 02:27:00,64.83592881137996,2.5958743040470065,0.0166581380663508,20.18112884536595,90.44659544967732,1,3,8.89077975628293
2024-01-02 02:28:00,102.1380882511178,0.6297000788862253,2.739588944064775,30.75918019164976,68.54651431309865,1,1,11.027259190852549
2024-01-02 02:29:00,114.91579755271054,0.956940348747506,-0.5933083017451022,24.015144164132128,88.85828475104677,1,1,10.649150202775978
2024-01-02 02:30:00,67.8893940735947,-0.5892379779998174,-4.083284564653059,34.919917375471705,21.233196675872613,1,2,9.053382760045675
2024-01-02 02:31:00,61.7353593287873,2.453885351489185,-2.909327207126917,32.311869703349,28.57886414156188,1,3,10.82038614412632
2024-01-02 02:32:00,10.206766258708932,0.8275829374779926,-0.6398825829014418,3.902372726835047,27.4060853641679,3,1,5.58026415452131
2024-01-02 02:33:00,65.86473618511197,1.6150192171415243,9.643806759641947,5.78487102449658,77.00837474037864,1,3,9.63576777088513
2024-01-02 02:34:00,45.59748947584736,-0.788625185833717,9.485082253749876,-2.070616380096043,25.56654268348632,1,1,8.66311137100897
2024-01-02 02:35:00,72.85623370602923,2.760071284914753,7.414950137267967,4.908951272776111,59.70914979730456,1,2,9.580579559834351
2024-01-02 02:36:00,46.647161745185606,1.9227677409498904,-1.5124092335586965,10.45699892221606,57.81655189090313,1,3,7.791551669743408
2024-01-02 02:37:00,28.83589481404401,2.123690778087262,1.6240321081273388,-3.7027690172378094,44.85628188465928,2,2,8.390973230000057
2024-01-02 02:38:00,11.39583302740518,-1.9668343954454743,1.5967425773605646,9.173314579477626,89.63241359536798,1,2,6.045652913544016
2024-01-02 02:39:00,37.790213350667486,-1.3742207527726829,0.8045986722727578,29.71956287322852,33.63465615039968,1,3,6.984393860340023
2024-01-02 02:40:00,11.597380114530274,-1.2862404018985376,-4.326795423653816,32.81474191061268,48.19702275193919,1,1,7.470634618316621
2024-01-02 02:41:00,21.22763409887807,-1.374544660518773,3.0179106133647657,-4.60070195056595,81.93372000183433,3,2,6.404047783874528
2024-01-02 02:42:00,118.48033902954552,2.132448972625728,-3.907820118127087,-4.678383277884529,22.43378515146274,1,2,14.019675342301394
2024-01-02 02:43:00,53.29242682879424,-2.808691228748448,7.028780210769158,1.5838198712950504,73.83603201970949,2,3,6.4113472564632685
2024-01-02 02:44:00,63.82461198060199,-2.543400066115354,5.369607142671724,34.26596773302054,85.31181810892565,3,3,7.213719517239065
2024-01-02 02:45:00,104.83422344846583,-1.3565107762205777,0.2910550996530201,16.11751230095592,94.58142710705336,2,3,10.930936986912965
2024-01-02 02:46:00,119.46826805888251,-1.800762152103338,4.707045733186948,39.230593427559135,90.1037312393188,3,2,12.994026386156804
2024-01-02 02:47:00,69.92573392136178,-1.6088423167029098,-1.5044449016135286,34.92991595950606,45.550729346694816,3,1,8.271324064072349
2024-01-02 02:48:00,97.4968585253006,1.7876591355197995,-1.0212490256505142,35.05576510628679,66.90913130583621,1,1,9.329991292369469
2024-01-02 02:49:00,39.23292292040103,0.3787595633522813,-0.2879972461189259,0.7814394367946553,26.18347945203727,1,3,8.211120868548463
2024-01-02 02:50:00,36.68927489367493,-2.965376032242192,6.955173999029947,16.38532071457188,40.62960028384069,3,2,5.641533984543525
2024-01-02 02:51:00,48.32444651934723,-0.4240634057748282,-1.8396297973087328,39.71157687931085,27.53779029980059,1,2,8.847847962413226
2024-01-02 02:52:00,80.7008715208379,-0.5526904388978462,3.4417184122905784,1.7069903617188658,45.21498321231711,1,2,12.028566027520212
2024-01-02 02:53:00,81.86300271061185,-2.316328383332739,-1.9929932836777249,20.840505412818757,90.01497707669832,3,3,7.024188486334377
2024-01-02 02:54:00,37.8287321579341,1.0568507316087423,-0.7244386240637759,10.492599637888816,47.77334717394341,3,2,8.947212726143587
2024-01-02 02:55:00,15.985190896395444,1.212583130276947,-1.4677806052026297,12.453616300915986,64.95184824011412,2,2,4.366468054259353
2024-01-02 02:56:00,75.88755077586103,1.3253593143125864,4.675070066099288,35.085662681822555,54.67046784919526,3,1,10.251080021646398
2024-01-02 02:57:00,15.39910346265174,1.3708256733515525,2.900934166836705,21.455615613652736,56.713321943898826,2,3,6.42476416589181
2024-01-02 02:58:00,69.41910098751961,-2.999683038406219,5.819487188583301,29.14493752249624,97.56576414692466,2,3,7.364462410317772
2024-01-02 02:59:00,83.21065536675708,2.723524823080333,-1.7008484400052124,25.29554788728585,43.69235746110864,1,3,10.591796258878158
2024-01-02 03:00:00,84.0733795673342,1.885252602327978,-4.862771964109442,18.805706075648622,70.18595756185371,1,2,8.425370773847176
2024-01-02 03:01:00,90.4166532791516,2.423890179535712,5.207643506955023,30.62700394466692,53.605013566355765,3,2,12.741187693813682
2024-01-02 03:02:00,104.74313058787976,-2.906140228155395,-3.2771906225738605,38.68298076596728,24.89169448381489,3,1,11.790367710916144
2024-01-02 03:03:00,59.99507903577461,2.6031527747144363,-1.305421633640659,38.50687992801038,59.14646652993888,2,3,6.784429905469419
2024-01-02 03:04:00,87.62990274354854,1.8587311721286284,-0.4147077130816603,30.525340044701665,85.06746632360867,2,2,7.495793232501263
2024-01-02 03:05:00,74.30072824390041,2.023314857752192,6.202031384363021,16.929839008715305,27.90023749453507,1,1,11.099381658195234
2024-01-02 03:06:00,22.396792775721902,-2.440275691668189,4.388377159861408,2.342153163604057,25.56734779170472,3,2,8.712927080202872
2024-01-02 03:07:00,3.08275738432898,1.432668173511586,-2.2360184521125674,-2.998827096264751,32.29052163146133,3,2,6.99085654022411
2024-01-02 03:08:00,34.14496628123205,2.7595001378525463,3.9683171592961255,5.415023576467483,81.15200891114449,3,3,6.57995010395282
2024-01-02 03:09:00,53.16404476051433,1.0712840485089643,5.622219926659179,10.311609981889454,77.91963073157903,3,3,7.419652479341403
2024-01-02 03:10:00,74.05271333143875,0.423368427747639,0.8334580418525723,0.8432327163123698,65.20142151248885,1,2,11.335891083653992
2024-01-02 03:11:00,101.99511966038465,2.6737780664939823,-1.3107062895822197,5.11443983256035,57.45811232741059,1,2,9.66558790955374
2024-01-02 03:12:00,23.54948600473988,-0.342377269593384,5.184741593721839,-1.2404540947602167,91.06606517620976,2,2,4.855028115792821
2024-01-02 03:13:00,15.06597478781725,0.595761397862872,4.163368002122459,18.565463742834048,81.3358259066786,1,2,3.8877518621794978
2024-01-02 03:14:00,115.6175936969193,-0.1419702390338031,-3.831317622937698,0.6843186028096166,84.95538010414441,2,2,11.22633731031809
2024-01-02 03:15:00,12.965347125168854,2.597077328161795,5.000194603506314,28.42458834653296,85.06098410805234,1,3,4.936535632411355
2024-01-02 03:16:00,57.4189284128627,-2.543491639406956,2.32776899252948,9.969240016483722,71.41737237964463,1,3,7.767595677490086
2024-01-02 03:17:00,70.26764745519623,0.0067182049520893,6.300534354665912,25.242822139505403,56.64116994527567,3,2,7.178066012119352
2024-01-02 03:18:00,64.96493050889259,1.12171464831263,-2.1392368718025976,34.713374578617305,89.17422020685203,2,2,7.21178271337952
2024-01-02 03:19:00,10.323858843953184,1.7514392305334212,-1.1267537314793543,-1.1292555858345317,94.08059340826006,2,3,4.075504206185
2024-01-02 03:20:00,6.843229680434324,0.498111884664818,3.149691086462818,39.50503543357197,21.904483460667443,2,2,6.3317336216589535
2024-01-02 03:21:00,12.65801129532428,2.453506464728724,2.226002918382987,24.03595040650309,24.124389861300106,1,3,5.266736479624552
2024-01-02 03:22:00,70.2705220647135,2.65194868130323,0.7954805658474493,-2.598532905350484,96.699463752675,3,3,11.09922277955437
2024-01-02 03:23:00,65.32138651611854,-2.6140846608384987,6.190499716446832,9.130100436677512,42.17284910753558,1,3,8.71966101915497
2024-01-02 03:24:00,28.04889504440931,-0.5857767627517538,3.471273454424235,34.88103170236553,89.8695551719535,3,3,7.809517223555871
2024-01-02 03:25:00,76.53289702147099,-2.8592458696730736,5.654077808411779,21.830512196780404,51.10360951691221,1,1,8.95793476387575
2024-01-02 03:26:00,98.40810024667792,-1.0235000557533425,-2.701175565213264,7.92500652602118,29.528004608748446,2,2,12.062306956018348
2024-01-02 03:27:00,4.989475181591252,0.2212093078236128,5.934824427183058,37.32225629793313,26.43545601674674,1,2,6.081854862768827
2024-01-02 03:28:00,59.77559322576509,2.4647695830596934,1.9229216215043785,30.426365668351984,32.52063192643652,2,2,7.400387764112548
2024-01-02 03:29:00,82.71724945232283,2.0793259347924167,-4.493480964731194,28.099232326747654,39.991455589389176,3,3,11.9516682329248
2024-01-02 03:30:00,30.27743124836245,-2.2350016399680857,-1.4826266900525131,34.97922040030162,59.08146831446609,2,3,7.608469039052268
2024-01-02 03:31:00,36.93250863517789,-2.441817751554626,-4.61365412389133,29.64009751188771,76.11983204526268,2,3,7.335138537945543
2024-01-02 03:32:00,73.63654835872606,0.535604032540002,1.8531178298656563,7.903225893948829,98.911886118824,2,2,10.201744471214262
2024-01-02 03:33:00,107.75223521324844,0.1927078347526958,-0.111803591673719,21.27487339865236,55.32053946313368,2,3,10.337844446838234
2024-01-02 03:34:00,97.19093043634793,-1.401734151419857,9.81174339869877,32.90287754928835,61.45479538744879,3,1,10.92616944051275
2024-01-02 03:35:00,69.97562629195002,2.396718507323011,8.027561754352947,3.1381648025275712,61.74525611066045,1,2,9.704759373707828
2024-01-02 03:36:00,87.6266061308699,2.5641984567693203,7.38506290514724,2.3360475775541447,63.15474843903488,1,1,10.771828180665612
2024-01-02 03:37:00,43.778696424935845,-0.584331369959024,2.5167482354686825,2.153931140689596,61.41925256835698,1,1,9.529962509159713
2024-01-02 03:38:00,76.91586337185093,2.341815342681121,7.106312490261503,3.7414873598134353,20.701980404953424,1,2,12.341045749789432
2024-01-02 03:39:00,55.941790935306834,-0.6963066344221644,-0.9969552880586718,-0.354613297405205,20.137985768787257,2,1,8.057208119664164
2024-01-02 03:40:00,22.792336374907308,1.4209009909782004,3.409742017697873,32.693305898387486,27.813305450089835,3,1,7.3199748354190435
2024-01-02 03:41:00,84.20859286527086,-0.1443466947136551,0.8937709197911499,31.824319917886772,28.124528274334303,3,3,9.218720389563511
2024-01-02 03:42:00,66.77575648185864,-2.264501060956902,-2.4298713271590544,1.811604633659276,76.39175271638368,1,1,8.739161197135251
2024-01-02 03:43:00,43.03458983443097,2.5676052074221296,-3.91079852947394,26.74917295196557,36.39328260127998,1,3,6.673195331443191
2024-01-02 03:44:00,109.3607028094357,-0.2754204397347806,3.3732757445742223,23.213900164447733,91.57712838044904,3,1,9.64088679897551
2024-01-02 03:45:00,2.512094139207992,1.4069222419344216,-3.535412976796908,7.428741952556262,94.28850636616156,3,2,2.376385263181122
2024-01-02 03:46:00,37.89277814993952,-0.7969571134122471,5.770046450289735,5.231579516199377,98.0714670316719,2,2,5.99692180791872
2024-01-02 03:47:00,6.825767733317587,-2.886714728542592,8.822027180892336,6.276363487393965,95.1265043909616,3,2,4.57746717301514
2024-01-02 03:48:00,91.98327794659528,-2.3968178478489843,-2.568408354326586,27.87837736480904,41.75106575348197,3,2,10.915465789760304
2024-01-02 03:49:00,84.2528944936551,-0.0226831230604536,2.0640786776534235,9.36926798532029,60.782147576281,2,3,10.679419835287916
2024-01-02 03:50:00,39.762266248358046,1.139786142758174,6.081618895897378,7.508167492786303,34.03639761575528,2,1,9.276835043197224
2024-01-02 03:51:00,81.07954826484877,-0.9915880405243254,-0.6974050845045978,-3.9883505059108,84.49677241379464,2,1,10.930015992949958
2024-01-02 03:52:00,47.51246714351398,1.1729307550659025,8.811467794494058,35.87064221994347,91.07453641152767,3,2,6.64624036808948
2024-01-02 03:53:00,90.75045497069212,1.1918135365917362,8.326983383048663,28.871686501553377,88.1031071438012,3,3,9.105598521027623
2024-01-02 03:54:00,54.50203952840473,1.2236154439669846,-3.443684664054831,16.27526541130242,54.66935589574679,3,3,7.0122124985414525
2024-01-02 03:55:00,49.47356733979986,-0.0448688758769497,-4.589003427022398,37.43171141577575,80.69391077494248,2,2,6.729857195725621
2024-01-02 03:56:00,112.16758985859612,2.4893169007290243,9.646877244691028,8.208949529894,27.80633356610156,3,1,11.707181139101609
2024-01-02 03:57:00,30.105491986884022,-0.0648208921163062,9.347125371566968,25.361726943241667,23.219581649540054,3,2,9.594854451599222
2024-01-02 03:58:00,14.45368079958785,-0.2984088390201709,1.334284066989448,8.731766995542595,80.25891314470087,2,1,7.111983235681339
2024-01-02 03:59:00,70.14517359113498,-1.803715085936238,-4.241550138410414,9.155759148352669,54.0284219462947,1,2,7.444449071162415
2024-01-02 04:00:00,116.31861747410149,-1.154069475861981,4.283133291190419,33.011912502187144,99.64394117916554,1,1,11.709273280543323
2024-01-02 04:01:00,45.3407056472624,-2.74599304489018,-0.5988483891701559,30.41598790551238,27.780337268442597,3,3,9.750308596866294
2024-01-02 04:02:00,7.444411635453783,0.8012117616970214,9.050844803508314,8.234834379580695,88.4502145228187,2,2,5.95227071044936
2024-01-02 04:03:00,40.71663207714809,-1.5087855364374427,6.919928875814552,-1.337471795003279,58.39864524231934,2,1,7.535159869374566
2024-01-02 04:04:00,60.71179851834701,-1.1750684730872094,4.743906762001652,11.091286281603931,86.17201564031016,3,1,8.526226369705448
2024-01-02 04:05:00,19.430760795865645,1.624887129985927,-0.7324422872970722,29.20258909683919,85.37018257361159,3,1,7.220120668779028
2024-01-02 04:06:00,78.97226616677905,-1.0366729010312767,5.519028691625763,-0.4755037466747058,93.2793601089662,1,1,11.654850562619584
2024-01-02 04:07:00,119.72992668122409,-1.546824647921147,-0.6624759986119395,25.24453891254636,43.82800090288822,2,3,11.50497397362466
2024-01-02 04:08:00,54.20873711777326,-1.9856535051977653,-4.43553523772186,35.03934669612572,95.98394827696023,3,1,6.644904137309386
2024-01-02 04:09:00,42.56742680762552,1.6491504130917356,2.626518814304111,3.06522200222712,32.13335682860962,2,3,6.326016600378488
2024-01-02 04:10:00,48.084500020136,-2.2217624520598385,2.3302681718303644,33.799194592879175,26.55750220747924,3,1,7.074408323323678
2024-01-02 04:11:00,13.817541407424136,-0.2774774384978791,6.445089595393501,-2.6886252894399028,54.529241389787934,1,3,6.16061564379684
2024-01-02 04:12:00,105.99283217114686,0.0415806964631664,7.98510823531667,25.009611614075357,86.26583749134741,3,3,8.454353379758013
2024-01-02 04:13:00,49.77907866256224,1.1243394761142875,0.3170273304139313,30.596751416914277,57.873690450675646,1,1,8.246465132304513
2024-01-02 04:14:00,46.47292937098096,0.7997008939979731,1.7420951530550637,15.014475294669952,86.34293420244113,1,3,7.662396005244052
2024-01-02 04:15:00,79.16283275165692,1.8643240376710484,2.056006294667922,4.167791266608109,78.37494446354441,3,2,9.594749596855978
2024-01-02 04:16:00,53.044010511734825,-2.7314913964425718,-0.1366387344143094,36.61282745065776,36.754270891114686,3,1,8.510064556346439
2024-01-02 04:17:00,77.78801625694153,-1.2213556513236168,6.150803854377855,-4.101400912857403,95.9105299919571,1,2,10.379914930004038
2024-01-02 04:18:00,7.373554815694501,-1.3191952873477215,2.831517778094492,19.97820531532896,24.86249349035227,2,3,7.465084691358098
2024-01-02 04:19:00,97.6468012466673,-2.123898566447351,8.709336615829598,11.778223391726453,91.8623766035036,2,3,10.55991449888531
2024-01-02 04:20:00,112.8604743455283,-1.2649304768613412,4.75466157843379,15.747573796647057,44.35547591922992,1,2,11.211579799466922
2024-01-02 04:21:00,77.85184633912631,-1.1414081151425794,-1.8215516165904135,19.14542753255031,60.01184665315194,1,1,10.166233295373564
2024-01-02 04:22:00,114.54791146305728,0.1313067715648697,-2.5278702687944543,19.06368800199289,53.78814981605876,3,2,9.81905123385953
2024-01-02 04:23:00,18.1718777243956,0.9822268735575364,0.5857650687443812,4.163064869039442,33.746764553353295,3,3,6.259530844826536
2024-01-02 04:24:00,57.28994273764244,-0.7133969183291153,0.2038981038545984,25.586604530501948,48.65174931213545,1,1,7.927425652625898
2024-01-02 04:25:00,72.21680807345368,1.316821387880287,1.1069773729376529,-4.1383268963534245,35.434754903423624,1,2,9.31572634354894
2024-01-02 04:26:00,69.8083976905424,-0.98300796852252,-2.2461339454333684,-4.046715760421447,36.31091803684191,2,2,11.307504536501083
2024-01-02 04:27:00,48.17541349068519,-1.258297936111438,9.67334005039734,16.531930357523947,34.964546882110426,2,1,9.076613367255984
2024-01-02 04:28:00,40.57012912395137,0.247128335142146,-2.814353406969067,19.38562961216241,59.12139042772754,2,2,7.822479035902049
2024-01-02 04:29:00,15.218882706050255,-2.8577018381652564,4.789731613364815,7.370026676511717,83.83450940090525,1,1,7.490928460373909
2024-01-02 04:30:00,47.00909406747338,-2.5212652581959976,-4.803961474031153,19.82539901320751,65.51760270089929,1,1,6.891571195154585
2024-01-02 04:31:00,19.519297812658216,-0.4921827384808379,1.1044155747851967,18.22491548435156,91.45652708406736,2,2,5.938090647348584
2024-01-02 04:32:00,88.1238811790662,2.657476268350539,-0.3622490135744547,10.714924964769017,70.92355908613794,2,1,8.766967214144056
2024-01-02 04:33:00,25.0597122593508,1.3290706790605418,0.7303695660912783,24.329858644530248,75.14720925060836,3,1,7.217761213643737
2024-01-02 04:34:00,7.027836634144062,-2.471240582996653,2.471160171596704,38.10717474460461,73.40857837816026,3,3,4.057862640525475
2024-01-02 04:35:00,66.28393653806812,2.077908076685242,4.005625022864766,17.086121249131097,55.95673545469929,1,3,8.468489477605502
2024-01-02 04:36:00,71.4275679263282,1.3938046236490855,3.7526701719145006,30.37228416737411,75.14710577600663,3,3,7.669807411197299
2024-01-02 04:37:00,104.62956735366066,0.6656791542159191,4.460705051816696,6.141845360784535,25.57661971751689,1,2,12.019553992816029
2024-01-02 04:38:00,69.23779349012182,1.921757763655064,7.668215238306859,29.287776707836656,88.78811775325305,1,2,7.643906498162244
2024-01-02 04:39:00,41.457702446813485,-0.5753409135422576,8.300757334219771,24.200767952589743,82.22497147551339,1,2,8.042340086284126
2024-01-02 04:40:00,96.36142578315848,-1.6709936948768835,6.058754508411964,23.786400096773672,39.61839665853431,2,2,10.103111981089496
2024-01-02 04:41:00,64.83346718249052,0.0721403346525559,-3.81586635613394,35.18659031990024,81.44259634032659,3,1,7.967252753922676
2024-01-02 04:42:00,9.51363415574301,0.2930505335608426,9.419385872649016,5.500761472851327,21.01140811200148,3,1,6.340808751693907
2024-01-02 04:43:00,67.90206723758959,0.2299582320594724,9.210971295205692,11.580255269092394,37.37972579847043,3,3,11.031372729087469
2024-01-02 04:44:00,108.96222545059948,0.3904427488806314,5.675556918180305,-1.2619644345056424,25.210979093671675,3,1,13.384767850690482
2024-01-02 04:45:00,47.55751505978647,2.6922295094350845,2.761586071028857,27.675398954614543,82.41815332943158,2,2,9.493267210828725
2024-01-02 04:46:00,35.559096227976006,2.4134737385773883,-1.2407246249616173,32.97402783848253,80.46993209427097,3,1,5.789178558652182
2024-01-02 04:47:00,17.216334842162407,2.2543022193536366,6.345267092483141,13.262507663431135,85.09088190414646,3,3,5.095420562623207
2024-01-02 04:48:00,18.17346263224288,1.8085008654517631,8.167902680744337,11.057206831071678,20.358535466042305,2,2,9.365937338406448
2024-01-02 04:49:00,51.93257812101827,2.660568643591712,4.977814013349068,24.63933351354374,60.09861813427264,3,1,9.441438288357409
2024-01-02 04:50:00,71.48157889938355,-2.4090321499235805,4.436089492926561,-1.598429264479837,76.38689580138691,3,3,8.87819851158597
2024-01-02 04:51:00,9.67384862035221,-1.409260431325563,-2.1049294314412075,8.222885326134119,32.432090299121235,2,1,8.257355747625688
2024-01-02 04:52:00,112.74823068301988,-0.0296643260724907,0.3669478434128441,11.479575934083268,71.98325820100997,2,3,9.76359390280199
2024-01-02 04:53:00,90.61603409342352,2.079206958740431,5.847043330487683,18.33656278138384,26.728807944774857,2,3,12.640958917595052
2024-01-02 04:54:00,70.39487019403953,0.0309942691363946,-4.746518917231649,16.445614876105424,34.50606848834505,2,3,7.421819767652947
2024-01-02 04:55:00,99.4126405126789,1.488208436049533,4.618964157833291,4.390619024858207,58.06374519956808,1,2,10.828571403648244
2024-01-02 04:56:00,9.622410817453597,-2.1662405685065025,6.500054515153721,19.33545432384996,72.28521221448815,2,1,6.151658713941353
2024-01-02 04:57:00,57.22066532797493,-1.485517122140639,0.0205672940617249,36.66409108990464,31.669530156311687,3,1,10.037556040936924
2024-01-02 04:58:00,75.61117522339961,1.3906565702260345,-3.857483461988165,-3.781044936629155,34.81786646647503,3,2,8.6823613399945
2024-01-02 04:59:00,99.4383487341947,-2.011595946673656,7.286790683259978,25.613795758210266,36.35570936525304,3,2,13.76141519652734
2024-01-02 05:00:00,94.01634720591213,-0.8918643920704392,-2.8724475577246587,23.111906226803896,39.096064375918274,3,1,8.90453371829624
2024-01-02 05:01:00,33.24830996560796,-1.4108024531185714,0.5620165895466034,36.5992129620248,38.124307882103295,1,2,8.929261408613852
2024-01-02 05:02:00,112.90562034710452,-0.9008298346651288,5.6088115760167,24.04052231831868,51.61192867981094,1,2,11.907760456649571
2024-01-02 05:03:00,14.921500971704443,1.2499442944678218,7.254789814771504,23.117922061646954,72.30317206693783,1,1,6.946023801351259
2024-01-02 05:04:00,105.01603423453824,-0.7929169131431939,7.935728777327737,29.64125470442081,55.042542650757575,3,3,11.29753886711867
2024-01-02 05:05:00,116.51282995255424,0.3315799356476412,2.9562578741667336,7.051267696884711,82.07791269999106,3,2,10.791811371491905
2024-01-02 05:06:00,21.258422786715062,-2.4004087376735423,2.138075446837984,21.807951809450667,77.54148047588919,2,1,6.467719993343773
2024-01-02 05:07:00,86.64792770445423,1.8301061594077668,7.724759155270446,18.373949921283067,30.12215312392605,2,1,11.773368354114076
2024-01-02 05:08:00,4.834262253359816,-0.7806682461112509,3.4461564257120667,14.731262799473807,23.907329865659516,3,1,5.962502164196401
2024-01-02 05:09:00,48.650739016698594,0.8912049542000546,3.6797609262284654,-1.423077468374263,90.2353251199685,2,2,5.167346685933515
2024-01-02 05:10:00,61.95399590372088,1.3523376099709958,1.5096005199070106,8.16829861057786,26.386485325029877,2,3,10.440081478592402
2024-01-02 05:11:00,69.67742710915608,-1.7420344673297976,0.5922095788155941,7.599177129557626,31.867134457577045,3,3,8.437215211238088
2024-01-02 05:12:00,112.31246978982712,2.3080499097201,2.2081128593474366,27.591293072380047,21.770662044649445,1,1,12.10519264092976
2024-01-02 05:13:00,80.67008247530336,0.6973455096417176,0.4727124054419089,36.42952608446957,70.2669092238923,3,2,6.623399727111926
2024-01-02 05:14:00,57.75335414630844,-0.4276491494911112,0.1531967495385782,5.385425029458187,66.58964505266789,3,2,6.993995468796268
2024-01-02 05:15:00,97.16100435190673,-1.9059888985306828,9.90496513011841,-1.6419227498903344,98.95229331482044,2,3,11.423861772960826
2024-01-02 05:16:00,114.06393851452908,2.65380562740724,0.0432024110777211,39.99806294659466,90.95459170537376,2,3,7.996005438900919
2024-01-02 05:17:00,2.647937841874901,1.530409224789751,-1.1542437870099933,26.104239856032468,52.86745419847278,3,2,4.601765388305084
2024-01-02 05:18:00,117.90255267072465,-1.7518526236005068,0.3088613476393984,34.89118811456159,49.7268672730028,1,3,9.22530783959052
2024-01-02 05:19:00,10.33585668764164,-0.973735351654653,3.861720109541592,1.474573713870832,43.7481627423988,3,1,5.562527775786586
2024-01-02 05:20:00,97.72641351225136,1.8580455485284395,8.664857299347476,31.03456185028159,32.19255360303051,1,3,12.038869233833315
2024-01-02 05:21:00,33.6401703061695,1.1740659792920338,6.817963752966417,31.59956856946451,31.04669252816073,1,2,7.385947832071194
2024-01-02 05:22:00,15.86155893046461,1.5947057562943456,7.633617086135521,1.817001669577412,30.582696640768432,3,1,8.267954787726497
2024-01-02 05:23:00,52.782676765660185,-0.3527933867224053,7.885129160257865,2.263188104234308,29.12918057494228,3,2,10.253581192790495
2024-01-02 05:24:00,77.27478953371363,1.2988575758530017,8.80792594670301,8.295304725481046,39.24096339244295,3,3,12.087910457390093
2024-01-02 05:25:00,45.714221402817,-0.681037662816518,-1.4739315063668017,4.75543514360829,44.53349042504932,1,3,7.89739642061245
2024-01-02 05:26:00,6.547848993923875,-1.7324224983708214,1.8754904655615332,38.89344586254673,96.92631768311328,2,1,4.245970396220783
2024-01-02 05:27:00,71.935336759046,0.7960622090481597,0.7779649986466977,11.332472513639551,66.27786008015086,1,1,7.379016498974741
2024-01-02 05:28:00,108.28839313328096,2.8560835535927653,0.728154919202507,29.25878852952431,99.00766196106248,1,1,9.687330205288132
2024-01-02 05:29:00,45.9858439136702,-1.1363941716280224,4.784254775532773,31.227286156720268,49.79735582605386,1,1,8.118517786011685
2024-01-02 05:30:00,25.95993331569925,-0.2341824467247621,1.027045904766151,12.367339921960356,56.61013060715528,2,3,6.6075896665908855
2024-01-02 05:31:00,53.10928151193784,1.0440082264191215,4.244954588758056,25.716349942705097,45.96629273322233,1,2,7.288535149326162
2024-01-02 05:32:00,5.8035253258537045,0.2490376927349271,0.7341904559171173,-0.1489936596922811,34.631012071724214,1,3,5.104679103198671
2024-01-02 05:33:00,98.45851013763296,2.060566774254296,-0.3330772591336552,12.86329231668712,31.453176622206332,1,3,10.459817058709888
2024-01-02 05:34:00,99.1608973140224,1.570456238817096,0.2961576766477112,38.52897970427049,95.60633582462656,2,1,11.549161882719226
2024-01-02 05:35:00,70.56005561155541,-2.6502167768258578,7.056355840206397,2.5838794261121647,98.94485454390046,1,1,6.156944362900817
2024-01-02 05:36:00,42.37234667260674,2.990527403542644,4.015765543433364,12.357008711528408,23.592759720698524,2,2,7.173342630641425
2024-01-02 05:37:00,95.974003733494,1.5144147223168032,9.609965995249215,30.573467945141463,32.027669978541326,2,2,11.05697981243817
2024-01-02 05:38:00,66.56244297460407,2.1834198977646797,7.48984339569599,24.944046470970708,53.881927384081806,3,3,8.257386486317081
2024-01-02 05:39:00,99.11187702600196,0.907186272572078,2.286709125010617,23.418337070847933,34.90667810755259,3,2,12.65987643197619
2024-01-02 05:40:00,75.77505510996248,2.1377107682805736,-1.364354973588862,33.396585670409,49.11043149015066,3,1,9.35318759879815
2024-01-02 05:41:00,94.12865678553568,-2.325702150427744,5.108636671827178,-3.69077706393361,30.32770798877067,2,1,9.937438582139938
2024-01-02 05:42:00,71.8275591861312,-0.9135729866441062,5.899690409679035,29.70239656818965,56.520940537743215,3,1,8.084168816911422
2024-01-02 05:43:00,49.69692818587995,2.2585256616269564,1.9626396968793856,34.71470676471182,41.73556929354074,3,3,8.087585669878987
2024-01-02 05:44:00,114.9535031911365,-1.7900687323986466,-1.551168013839639,-4.272148512671143,48.152404460692864,3,2,9.408906256169868
2024-01-02 05:45:00,64.93365898546136,-2.530547408519864,3.358574767948978,20.15333279982875,27.54501211701981,2,1,7.551682929925512
2024-01-02 05:46:00,72.61074222486461,1.728713639671314,-1.1925612146083004,10.686481834478377,54.25024405681134,1,3,10.22909083293633
2024-01-02 05:47:00,26.45851672976991,2.0129169338597777,9.099974764456563,-2.715678103390577,98.66060887692558,3,3,6.37324772842219
2024-01-02 05:48:00,75.07809473127318,-2.0240866908605963,4.433263720505792,13.798665369316453,46.306643750495226,3,3,8.85600532955901
2024-01-02 05:49:00,68.59291793795326,2.1260758966962925,-0.6210355749617777,23.981356352734867,90.1143419873948,3,2,7.636951076627193
2024-01-02 05:50:00,22.180607753642995,1.1206067735830176,-1.7640396749821314,36.35561342152266,87.45593132989481,3,2,3.722838351330772
2024-01-02 05:51:00,7.150451682377246,0.1204960992995034,5.750849250776813,22.92387189232321,96.16467346377684,2,2,4.550793726637501
2024-01-02 05:52:00,72.52311836577253,1.98150115668831,5.616899203626295,33.55343867001942,83.20876098136756,1,3,7.51020737118437
2024-01-02 05:53:00,91.64307232203846,-0.484504504086205,3.956983472628624,0.4707178003554277,72.76774616470519,1,3,10.192328479707994
2024-01-02 05:54:00,62.808164510640985,-1.8360362626596167,4.21451537768832,4.473452538541039,88.52675553819661,3,2,8.054633728237233
2024-01-02 05:55:00,27.212715038357484,-1.290883940336318,4.058035042384345,38.66317888965556,26.05157445258797,1,1,7.701402383398199
2024-01-02 05:56:00,79.98263720316419,0.0309841097598888,0.4015517021577581,34.93303106153997,57.02645257590462,3,2,8.504752649374197
2024-01-02 05:57:00,9.612687193152269,0.1879847560390546,9.0612161501121,5.5852128859011465,99.14049908920472,3,3,5.293596647811561
2024-01-02 05:58:00,53.02004457623456,1.8334849586474016,2.1891769639437664,22.94382468089108,81.56801210357858,1,3,6.025271730316817
2024-01-02 05:59:00,19.60401100781042,1.7481163419140069,-4.695081497816153,11.318474133783962,96.96603024297784,1,3,4.123602240275165
2024-01-02 06:00:00,22.135086127186003,0.4881993432274489,0.2254201358248808,16.08693289279759,82.37074849067832,2,3,6.369757373954401
2024-01-02 06:01:00,24.27527389898444,1.6847129001928582,-3.045761320286007,33.73951670915305,89.99055739537154,3,3,6.268250695108344
2024-01-02 06:02:00,46.40484684527735,-1.849359250237974,0.450756865718251,28.10706745598648,76.52237058425527,1,3,6.4026182846615045
2024-01-02 06:03:00,6.138024674447715,-2.6996128374402337,4.12393727553599,5.729915277404292,80.84016035337919,2,2,5.777707476230587
2024-01-02 06:04:00,47.735212911491786,2.241802935808201,-4.660032882171138,9.21968836135971,61.85424078716005,1,3,9.543019912164803
2024-01-02 06:05:00,61.4048936537641,-2.546673037423383,8.053007968418026,8.0369706918549,93.93901606513064,1,3,9.017677030053743
2024-01-02 06:06:00,57.99531419595903,-1.5198694215360162,4.154636777022633,30.129825025333496,86.00311284986893,3,3,10.589561568383711
2024-01-02 06:07:00,45.93409204836487,1.171913697746307,-0.5694218561150786,17.053978951157408,87.51079725325057,2,3,8.902760785588923
2024-01-02 06:08:00,100.6975929684903,-0.5433123742361454,-0.3319223911357758,37.782593816097375,73.84072807704419,3,3,7.622041589098502
2024-01-02 06:09:00,17.439203090460495,2.2578838194930526,1.9850226477422612,31.75092297530729,44.36639576697992,1,1,5.833165639430169
2024-01-02 06:10:00,60.68360925376488,-1.2121212320263828,-1.2786229099730977,4.503749388456161,22.850383631211145,2,2,9.99626424629132
2024-01-02 06:11:00,7.4449700347865155,-2.928771919983844,-4.934871083585807,30.367425790954734,94.85241035276356,3,2,4.991297842394957
2024-01-02 06:12:00,8.53868146534917,-1.1960661566355353,-4.601638277311052,17.77357062462671,66.88962790443975,2,1,8.232524393967077
2024-01-02 06:13:00,68.86390196125156,0.4684502951089899,0.3661100795802978,6.416955678131725,43.85143769185122,1,1,8.292442973950239
2024-01-02 06:14:00,67.92221098653852,-0.7443697475802402,-3.136674850870876,11.349928426805054,31.930808627803025,2,3,7.845493714215217
2024-01-02 06:15:00,105.36402154133484,0.2092365345525317,-4.664544880293772,38.74567525345013,86.36185324006037,1,2,10.493709818358942
2024-01-02 06:16:00,66.94484107920879,2.259588713010112,7.889039050522605,16.778264916285618,86.92161555580631,3,2,10.196942850400742
2024-01-02 06:17:00,115.17492244858202,2.474910325382212,-0.8879402953572022,27.38226323247984,85.16063745044252,1,1,11.55474475312347
2024-01-02 06:18:00,5.843381807991572,-1.4041556120753274,2.5468386575020183,16.468838282324743,71.6066153573429,1,2,4.365146251014142
2024-01-02 06:19:00,11.760922173688927,-0.2271571603805959,-2.3088637371256526,11.720077323075364,49.28123100735007,2,2,5.711111968381929
2024-01-02 06:20:00,5.287903388445767,0.2948640914487068,-4.299125416343566,30.83890082167113,44.32562278242056,2,3,6.284431847983765
2024-01-02 06:21:00,22.233222040024803,2.6946747413294823,6.172994492328721,33.17459582987783,20.684381609453617,3,3,9.442402142606818
2024-01-02 06:22:00,64.95241331300137,2.9917039149863083,-3.125647180298249,-1.7649875450358348,86.68860469505923,2,3,10.865903761066688
2024-01-02 06:23:00,77.46866177129137,-1.5875565069508402,-4.61424646394512,7.553991510924982,26.9946157994914,3,2,10.598281627533192
2024-01-02 06:24:00,5.470218953840256,1.3618792280748924,3.808454923951148,17.85419714338963,70.46039984326141,1,2,4.284791594180146
2024-01-02 06:25:00,113.51650678147192,-0.7318136266008288,-4.797986413678256,9.242398634999493,60.32599574720707,1,3,10.47580950335614
2024-01-02 06:26:00,101.05984519804572,-2.9513508186827204,1.5442891721548238,30.261235223233903,62.13514871410809,2,3,9.360881927825831
2024-01-02 06:27:00,35.59349785885117,-2.944484865384586,-0.6674592728327573,0.1630012336990889,94.13702762462188,1,2,7.815140983200756
2024-01-02 06:28:00,9.262503627176155,-0.2366039546264655,-0.2087302259337073,30.9009228828958,22.52920090169937,1,2,6.117238867443378
2024-01-02 06:29:00,20.386448786286877,-0.0699905219739922,-4.941514353289554,22.80488877376932,81.87137797030178,3,1,5.532210391135073
2024-01-02 06:30:00,15.23332965059672,-2.8645818205593443,9.465191205741933,8.021547334186735,24.16419186938457,2,3,8.643203093219483
2024-01-02 06:31:00,14.79405351587362,1.1215645006458148,2.7544465372530693,10.50046097985306,23.052288474830178,3,3,8.633142692819407
2024-01-02 06:32:00,62.22740263988807,-1.2359796684302813,3.587681995625257,3.2304619791940645,54.38541585131056,1,3,8.023035509670702
2024-01-02 06:33:00,29.501693099208037,0.3593586092156964,4.991837273680419,6.365803013416201,25.046013947437334,1,2,6.646204174713441
2024-01-02 06:34:00,42.97676598349733,-1.1944855610074874,6.962826865746504,27.27709910421234,83.13151610343297,1,2,8.384926951565202
2024-01-02 06:35:00,118.7406400061187,-1.9971941107841569,4.118636744637637,11.914786324353685,62.365047491866974,2,1,10.05456227061201
2024-01-02 06:36:00,82.11770987104137,-0.556957568406748,6.4329715823996345,25.9367862409172,22.323102612781955,1,1,8.702046057373325
2024-01-02 06:37:00,113.87768004564016,-1.6063598112569957,1.7310294154431345,18.134839349578662,23.24005491855356,1,3,12.567128391937883
2024-01-02 06:38:00,17.106786603973873,0.2088058615150085,0.5691271060673238,1.5383987339766572,69.01348237915835,3,1,5.213286479964272
2024-01-02 06:39:00,45.85673697990831,-1.8070288182811205,7.347008612232775,17.458179150986144,84.4889454126724,2,2,8.527727336416701
2024-01-02 06:40:00,66.56781639388251,0.0504358598677621,7.979657862601945,29.04114306291848,55.023962501981885,1,1,8.7127085992723
2024-01-02 06:41:00,9.210967426648562,-2.055728910786794,-2.932899953195993,8.395397712594596,64.36645372284995,3,1,5.438405547836887
2024-01-02 06:42:00,0.5024932353549438,1.0258482569147098,3.1399028044009167,24.16367491091176,83.98635632399213,1,2,5.5010414864047945
2024-01-02 06:43:00,80.4521200556301,1.5236261066485444,5.25463645729239,3.9564694543768777,68.84049392334553,3,3,9.206364396042332
2024-01-02 06:44:00,77.01834201617224,-2.3376345945003973,-3.7460189505204977,1.106453106253796,37.98081901270556,1,3,9.592052056142265
2024-01-02 06:45:00,49.29465719995341,-0.1931855277759648,8.943952251141274,11.21017587807805,69.0441620695583,2,1,8.037963077668422
2024-01-02 06:46:00,58.75728912384392,-2.5747697960707585,2.801646590756961,12.514161716485162,70.26235672521707,2,2,8.172127877221568
2024-01-02 06:47:00,49.85316007105075,0.5890946732520144,4.681861259751283,29.24543336651961,78.72855847049013,3,2,8.0729406286098
2024-01-02 06:48:00,2.8806053813866628,-1.4135742124221278,-2.326358778644695,15.70354380705214,69.6699350045441,1,1,5.682262270117567
2024-01-02 06:49:00,40.24459274609549,0.165746741032247,-1.0334796506685908,-1.3444297101131122,97.53937043664304,2,3,6.027905687816232
2024-01-02 06:50:00,21.24987064767478,0.1047660563057473,-3.184981749781965,23.52997742599279,35.783064697365475,1,3,7.007802182081379
2024-01-02 06:51:00,11.810902692164248,2.5461260771628025,-1.0400191721916672,16.116396693972128,96.0872543653661,2,3,4.052203461403983
2024-01-02 06:52:00,114.80645206672196,0.2944993354123371,2.385951479376981,9.923944025439226,63.0671592280013,3,2,11.88878052888778
2024-01-02 06:53:00,71.92316700505987,0.4979908783098938,7.504443991859443,31.09984638749437,73.75649123959296,2,2,8.961075992809807
2024-01-02 06:54:00,87.43875410839232,-0.5900812454137183,3.0058512253054523,1.9473155602413,27.956927796175187,1,2,10.717200297291898
2024-01-02 06:55:00,37.8436491919341,2.694477619096901,-1.3330460265335589,36.09455547900835,50.44607531024856,1,3,8.544546844158976
2024-01-02 06:56:00,47.17765553928182,1.6631154566376578,-4.33068387663908,10.03276706427,81.55033171705381,1,1,4.803762031997522
2024-01-02 06:57:00,28.430879267606816,-1.2875682581829506,4.329547538605068,15.742365017918246,76.55288120791923,3,2,4.537616515995136
2024-01-02 06:58:00,11.63588051585097,2.065257514657392,1.3023984604997203,36.81548480020862,23.21115105323281,3,2,6.0415082517569125
2024-01-02 06:59:00,21.483796492990056,-0.4056218388894601,9.76530800225605,29.25579242819684,63.72754107977957,1,1,6.706963057466857
2024-01-02 07:00:00,95.7016854355783,1.9720028612015632,6.696398281175394,-1.656390478783118,27.06225543747276,1,3,11.278899938089827
2024-01-02 07:01:00,81.3054966220531,1.937328409761012,7.1254422891005404,21.02335864399168,99.668514334253,2,2,9.885100506778718
2024-01-02 07:02:00,65.63146511825722,-1.8667788794228737,-4.816474656794048,8.966329225293775,91.78372708266356,2,3,8.457139075556082
2024-01-02 07:03:00,57.01078474401217,1.206846788301462,6.666929993560856,17.881971242832403,21.68645283428296,2,2,9.851653607108917
2024-01-02 07:04:00,110.69211403873491,-1.2561421841608134,-2.080800339867608,28.433606873537254,88.69196631221047,1,2,11.749348641000497
2024-01-02 07:05:00,8.728193733440207,-1.2150439800439907,3.786938084324588,17.32778112633925,93.5543680446726,2,1,4.297093352614426
2024-01-02 07:06:00,33.67209758854992,-1.2219115387165156,1.71132358473578,-1.804015537472969,48.28385780507641,1,1,7.396906670171553
2024-01-02 07:07:00,41.992542428485685,1.3534094853596894,3.574057758665198,18.84912333743577,77.56013240382127,3,1,8.418364049919722
2024-01-02 07:08:00,93.89109746553454,-1.6210437492447836,-2.998347058655057,-3.914165004793533,55.36829969662232,2,1,8.389943942256897
2024-01-02 07:09:00,119.10175441943656,-2.994564988523458,1.8533752211671943,10.678421081197357,72.41859876610752,1,3,12.646002677075009
2024-01-02 07:10:00,28.880461770858368,1.2914211208957989,-4.445829710725054,16.51137353155443,47.22539234385532,1,3,6.591366590940115
2024-01-02 07:11:00,104.91688009644967,-1.9728915369892484,-4.385009777605538,24.01031035194824,45.80473893066147,3,3,12.849326970047018
2024-01-02 07:12:00,99.67473125181496,-2.373105628152992,4.866071961611048,17.779305442975613,53.954711108606325,3,1,10.66137834839234
2024-01-02 07:13:00,26.958887717011997,-1.5749032764356392,9.2754756020827,1.8376064746225984,31.64542069220009,3,2,6.668157764175994
2024-01-02 07:14:00,47.91990962390671,-0.7205968660637758,6.660893780571747,36.94979037824688,86.4911171548306,3,3,4.942836278688068
2024-01-02 07:15:00,49.16074431510229,-0.1445620351607957,2.037336708564656,24.26348527380139,47.895831628930935,2,1,9.191120469397305
2024-01-02 07:16:00,117.386480223187,-2.732579755724215,-4.161938898614406,9.26355033062084,52.01196431246761,3,1,11.5729264172029
2024-01-02 07:17:00,21.7070281654678,2.823439995764163,-4.324697758143437,38.46728628089687,91.52436901617156,1,1,4.79334455798911
2024-01-02 07:18:00,95.89895653257383,1.2963783205173485,-2.6316160833791287,34.71599240990454,59.729905125053705,1,3,10.626460322034474
2024-01-02 07:19:00,40.10312570077319,-1.0608356080539831,9.6371575590104,1.4570539905173767,63.54031274806904,1,2,8.952023206549384
2024-01-02 07:20:00,87.70444149313924,-1.087816456287616,0.9799159966174472,24.49430927979536,96.51984998216788,1,3,8.166490034472854
2024-01-02 07:21:00,50.40132051547954,-0.3087447037892437,7.651109378089677,20.203125343894687,90.93811065159912,1,1,5.703580604314727
2024-01-02 07:22:00,69.4031715739848,0.7574689365781975,5.577136584228954,3.67640152987874,33.55733671107516,3,1,6.47978623977172
2024-01-02 07:23:00,99.91341279913571,-2.121761600466193,4.081429888240994,5.506381322006304,57.8572023934484,1,1,10.46508083827518
2024-01-02 07:24:00,96.49986779806608,-1.866421117410286,9.217391674806125,20.36981980979364,97.70369819428365,3,3,10.601752825073778
2024-01-02 07:25:00,103.97078202476402,2.156607497001305,-1.543826440714671,9.457972795028969,49.78930385828821,3,2,10.035238252620442
2024-01-02 07:26:00,7.154079041359083,-1.4624704566655646,1.8233449370373045,32.56741439928199,49.72584868129601,3,3,4.828002458906044
2024-01-02 07:27:00,83.04606636476937,-0.7188300121489348,7.970844485118931,-0.601734411217663,35.602418543132345,3,1,10.413662011788064
2024-01-02 07:28:00,16.798485206611545,2.227631105700702,3.2764196146336566,36.13138479409506,29.145849129530017,2,1,5.97123863392984
2024-01-02 07:29:00,49.89822816220932,0.9788869763989352,-1.3033229056083346,32.82486470807304,79.22438326047853,2,1,9.610303164823112
2024-01-02 07:30:00,65.83060980656262,-0.9497287239498702,-1.866253747365848,28.2380567401186,81.60243749612133,2,3,8.669674274666159
2024-01-02 07:31:00,48.32873816961969,1.1021972743477244,6.293215015634516,6.815526292082364,97.52103708024,2,3,8.658581627432296
2024-01-02 07:32:00,62.3534010963609,-2.8819007077115177,-4.808166586218669,27.17310352189535,81.87345687242905,2,3,10.19220971687616
2024-01-02 07:33:00,119.58315705583428,1.413855960068192,8.712881161043246,14.744640082838451,39.4681995226879,1,1,10.896748693532365
2024-01-02 07:34:00,16.226077645542567,-0.0779037569025629,-4.723730178271955,23.51910537531248,23.20932626308124,2,3,5.9016642696624855
2024-01-02 07:35:00,81.05472544037107,1.8790928837067675,4.464835703210563,9.064948774150954,98.83499074957282,1,2,11.360065385559947
2024-01-02 07:36:00,47.52011596627383,2.72782591203881,4.07121942163011,32.61360342136129,47.236055643488456,1,2,9.28049299498904
2024-01-02 07:37:00,15.961175868879454,2.55473129696741,3.676167265821716,-3.174075530650487,44.95772339459366,3,2,7.296221457381898
2024-01-02 07:38:00,19.048411604917145,2.455590260732045,2.1151457630013333,26.115688601316258,92.4764167799506,3,3,5.555427440676478
2024-01-02 07:39:00,113.91277274947404,0.0730197356033226,7.786454990329167,32.28840581724915,66.80799188359889,3,1,10.76063355800299
2024-01-02 07:40:00,105.55217960541144,-0.8391473151663718,4.889993054357264,24.089265182375463,37.18969390793077,2,1,12.055051833273444
2024-01-02 07:41:00,108.84503524980262,-0.2097880516159636,6.727934222490903,3.639630195819061,91.12769941729916,1,1,11.042373330229424
2024-01-02 07:42:00,118.9839330992864,1.1393760198801646,-3.2671729103121527,7.824135090111836,99.46886840437946,2,1,10.279639618148527
2024-01-02 07:43:00,24.99784680102216,2.3039866612271203,-4.251520438138364,18.17073825262377,26.934284892066454,3,1,7.5434454324342575
2024-01-02 07:44:00,42.65272048368741,-1.758082181999283,-4.5720723660533205,9.82520811725094,88.98013026419898,3,3,5.07655885353574
2024-01-02 07:45:00,80.30628359098401,2.5091589507702183,-2.791910217896109,-4.778761023176076,51.24125581475152,1,2,10.082712151716356
2024-01-02 07:46:00,58.05630478327767,1.891081391819334,5.005118353816236,-3.169484939995355,61.92579572053635,1,3,6.388585149566278
2024-01-02 07:47:00,50.20674400540002,2.873136091069408,2.4103263361175618,29.549579395450387,93.18527806119846,3,1,6.537167889892768
2024-01-02 07:48:00,42.93734992027117,2.281510639690123,6.283783842431063,-1.2331768243386083,97.87033566200938,2,3,6.211877007193994
2024-01-02 07:49:00,71.25367583321426,-1.32037602184856,-2.124044948868388,36.76098350372043,40.97311283270395,2,3,7.894795659307646
2024-01-02 07:50:00,69.07121143680985,-2.3642645319357136,0.5044456295569235,14.923140065334888,37.0280616767931,1,3,9.812035153114556
2024-01-02 07:51:00,19.374940087708808,-2.3265535680504685,8.327463228243175,29.11839872639652,26.44132468732095,3,1,6.599518898747238
2024-01-02 07:52:00,56.60878050221269,-1.2526600885303434,9.035718190428,0.6477068230873186,64.94382821297104,2,1,9.352604081006575
2024-01-02 07:53:00,66.41661314518198,0.6851023439072357,8.825937324837575,36.69283390346672,21.08835163605346,1,1,8.700858033601582
2024-01-02 07:54:00,68.43443264776685,1.8259219565830351,7.274575663011438,-3.4786026571030377,52.951863808794926,1,3,10.54943466028892
2024-01-02 07:55:00,25.212863149482217,2.395501841889388,5.323538178968379,-3.103827767169971,25.870721332160684,1,3,8.289697743246798
2024-01-02 07:56:00,89.07256707027442,0.7425203062153969,8.705168410411956,-2.543639890413947,52.41806263434672,2,2,12.4745801798007
2024-01-02 07:57:00,3.023891378528356,-2.966212123511678,5.712723877489585,-0.3466327566432827,23.19457514124874,1,2,7.730578109920919
2024-01-02 07:58:00,42.57982266517952,-1.882099340888799,9.309043730882406,16.907423974866003,86.8173808487015,2,1,6.7724112676489625
2024-01-02 07:59:00,93.62551782427605,-2.4016427768797923,-4.628175019446673,30.47243989517358,36.77911951508527,1,2,12.794258554719162
2024-01-02 08:00:00,67.66715052664829,-0.8200531465859395,8.824631288418656,7.822652415534899,46.26469682863296,2,1,8.66692269462744
2024-01-02 08:01:00,31.33949190130323,0.0081059618024754,3.336108042090622,28.5599569762118,89.60383972851135,3,1,9.382848322454567
2024-01-02 08:02:00,83.39437432116573,-2.739616928528635,-3.3230337226931264,29.83274386458354,79.7012849065764,2,3,7.9129512907553075
2024-01-02 08:03:00,68.0869132987288,-0.909132145226068,-1.7763309539405796,35.87247984332907,37.52306893136468,3,2,8.523481068630458
2024-01-02 08:04:00,95.54923313476648,-1.9249219522480645,7.782389258723704,1.7208364066495596,25.75195349259968,1,1,11.74293271865264
2024-01-02 08:05:00,88.20302234277881,0.8824209975532433,2.5917543226977395,1.0990529065454329,77.25390214842716,2,1,10.828358589366184
2024-01-02 08:06:00,73.21295064434815,-0.2143657840539599,9.742265852428549,0.4942774990353067,51.25620405504875,1,2,7.923096201308915
2024-01-02 08:07:00,58.58132103729768,-0.028094118396547,-3.2370333574254344,11.168977407435564,81.2863999294577,3,2,8.306169591048748
2024-01-02 08:08:00,15.98185508010281,-0.4338492717992332,1.1875519585019374,17.023569888639088,55.62358179001684,1,2,5.011134099824871
2024-01-02 08:09:00,31.35996214624605,2.736118262919402,-0.0218833537885991,15.772420975702758,47.68019303778211,1,2,5.910012792141988
2024-01-02 08:10:00,50.29193675005023,-1.7115892492706206,2.7420315409738265,6.567192912990755,56.09643265699172,1,2,8.48436791566078
2024-01-02 08:11:00,71.91591444076664,0.0999855590632456,4.501567283045777,22.98908314585749,79.88471885365414,3,2,7.150985794848522
2024-01-02 08:12:00,61.64494262583658,1.4161042101920156,4.924442040724816,10.222313381524485,92.17762292322992,3,2,7.872350793385741
2024-01-02 08:13:00,34.58214311514354,0.3410664788073756,-4.980561801323329,11.473734463578396,23.981375727086043,2,1,9.81029821790372
2024-01-02 08:14:00,0.7757229347652661,2.5741253143008063,-3.665593493276481,-0.2511471738833286,61.92892329815641,2,3,6.122334591150322
2024-01-02 08:15:00,59.54870662809767,-0.7321898661522948,-4.474042495160722,21.650410079098403,22.62683432671021,2,1,8.683785025314563
2024-01-02 08:16:00,34.27511862746917,-0.2179451653609319,7.96898719597416,24.487616885273106,57.4727636019487,2,1,7.601930021429863
2024-01-02 08:17:00,88.1529960852642,-2.4688661087116293,-0.3006162026051662,29.107759920771656,90.82262632775203,1,3,8.708341453709972
2024-01-02 08:18:00,2.873551832458019,0.6539946663115712,0.5059516281454641,35.68041459072297,48.92722131362477,3,3,6.562191054913204
2024-01-02 08:19:00,70.1793373566949,-1.2707281893113638,1.7555687342003896,29.47020050456573,94.59603368645146,3,3,10.29333165485466
2024-01-02 08:20:00,112.97690850072784,-2.038145762906587,7.739565958803636,5.608464976753082,70.44867773204875,1,2,12.625013757427745
2024-01-02 08:21:00,20.929112053379946,0.2671877574270485,-4.787506085567976,5.60448217589664,94.7324275034405,2,2,3.794028816786774
2024-01-02 08:22:00,56.59793889007145,0.1938615802794636,-3.220725884302244,36.17892380028536,80.57333003300158,3,2,7.810073782485971
2024-01-02 08:23:00,10.97063901805658,-2.5447701526557145,5.277446832113505,30.556010623682774,28.274813331900983,1,1,6.885730501616039
2024-01-02 08:24:00,75.08182947136231,1.1892927209668365,9.458387840613955,30.20108936399072,38.49210940501416,1,3,9.13613253648871
2024-01-02 08:25:00,66.06380167154707,0.7426331439051173,4.641796319455114,27.38711470497412,51.5336363666805,2,3,8.077652299607799
2024-01-02 08:26:00,48.88386290553988,-1.8658963035210168,-1.0831479729871516,7.024089606420159,33.60855056096608,2,1,9.097571620063423
2024-01-02 08:27:00,62.56524257684895,-0.1833908270757369,2.79796643179926,33.13346540831705,59.59292838213284,3,2,7.506718787490305
2024-01-02 08:28:00,107.58895901628122,1.3219374988713597,9.624707133721516,1.4298105136056725,57.70945245611925,3,3,10.720309494191802
2024-01-02 08:29:00,23.555316277328046,0.1766144432476588,2.921148198516864,10.750792418405656,96.5007358421905,2,1,4.256848194739228
2024-01-02 08:30:00,2.707741404641668,-0.6270655428985785,0.6026144459230363,10.591354297139327,54.69823063167822,3,2,7.174982175652501
2024-01-02 08:31:00,103.39978616389212,-1.0659692515143382,0.7513833225808044,20.20594637686156,82.85014434303983,2,1,7.646781311156796
2024-01-02 08:32:00,69.25404988654878,0.6623631998643216,9.50550262887596,15.854960019800988,95.3528435881184,1,2,10.30073265985551
2024-01-02 08:33:00,106.87901465542107,2.634652189861443,5.783747900975587,15.691365989494177,90.15910647791884,1,1,12.61548517447485
2024-01-02 08:34:00,71.63342680958071,1.0304690428649002,5.307592834330709,19.910759407581622,36.69340996092735,1,2,9.53866870155111
2024-01-02 08:35:00,97.2193307951643,-2.551524578182107,-1.519185174638798,13.693830471045796,59.68239154028354,3,1,10.891553003313891
2024-01-02 08:36:00,51.56080360261775,-0.2358901591071971,3.3922695664536158,6.249245409298101,47.819182583674056,2,1,6.399180470352497
2024-01-02 08:37:00,89.98319175459226,2.3449447890637654,0.3511779778347019,24.885432299530176,51.98869561097724,1,1,8.9948974325036
2024-01-02 08:38:00,109.56497602678272,-2.4332254451934787,-1.3969771121907524,30.578502047728108,48.864546099660096,1,1,9.7004619798156
2024-01-02 08:39:00,68.65475564666475,2.93325427282526,8.433284290211567,16.554814548006522,86.10873681400034,3,3,8.916700631444735
2024-01-02 08:40:00,21.694218067485544,2.694416361872528,0.7473371314392017,24.226743402152824,56.171124409795794,3,3,5.207609221813197
2024-01-02 08:41:00,32.25571380362378,-2.530353115620745,-0.7581925629290334,19.091347682036623,61.895546579575054,1,3,8.933527567834226
2024-01-02 08:42:00,23.83734922768869,2.60047992269733,8.97580594912552,-2.3451602658303896,98.59578856376598,3,3,8.49542125273396
2024-01-02 08:43:00,29.622843311487948,-0.8212044584432268,-2.039804053158119,14.038809770386129,24.798341775321315,3,1,6.772818109130372
2024-01-02 08:44:00,36.76985392212436,2.068255002455176,6.18257177074784,-4.556637521521822,59.03661118325991,3,3,7.341726181895562
2024-01-02 08:45:00,66.61605441038262,-0.4896999737203709,4.791207166963941,24.78456751741411,81.92493655568929,3,3,8.70413696691999
2024-01-02 08:46:00,70.55899553565993,-0.3548693237849045,8.807266425584283,17.867266144807065,32.092956655058124,2,1,7.331619007578251
2024-01-02 08:47:00,51.179969669023336,0.8054585458652559,7.480707063509174,0.7074190830863616,68.92252756918191,3,3,9.444373884887352
2024-01-02 08:48:00,73.85049357850025,1.6468645156559,5.579428269094622,19.39861894354772,39.15718236275734,3,3,9.583351965404148
2024-01-02 08:49:00,9.78899107336391,-2.797265094310508,-0.2814250895435659,35.42917013625952,89.39232905796541,2,2,4.074468160028596
2024-01-02 08:50:00,10.534588446979196,0.5589359731628054,2.4335351690582376,10.32208441499282,46.16797323200635,3,3,6.022625961242617
2024-01-02 08:51:00,20.619535242919014,-1.879602035415774,9.167436420207697,39.20659448048349,46.32502535207277,3,2,6.738030293607908
2024-01-02 08:52:00,62.16929976484137,-0.9243028928207826,-4.651960541277597,38.17209580339753,67.85551028143148,1,3,10.01959538532778
2024-01-02 08:53:00,25.679361443797628,-0.9121880030687012,6.914977357300584,30.33894291054198,34.6850326495927,1,1,7.706959442088675
2024-01-02 08:54:00,33.99412841910928,-0.1856379586730785,-1.2228447431918097,31.620999001852997,42.791091112244885,1,3,6.693582460419045
2024-01-02 08:55:00,48.037540340759286,-0.9951815287429596,-2.2247458505931244,13.474541208992903,53.33054800955292,2,1,8.705625428146547
2024-01-02 08:56:00,97.4239348812456,-2.355833289295993,-1.5166307836652066,13.114349288369056,48.29102905120883,3,3,12.49056077662667
2024-01-02 08:57:00,1.6634563095432142,-2.126227568847291,-4.103735127547293,37.94788112201467,61.990177440446594,2,3,5.533765145229083
2024-01-02 08:58:00,77.92545842839469,-2.799372086633414,9.879697364292518,11.478831229913894,67.9712115255173,2,1,10.539529764244964
2024-01-02 08:59:00,80.26518372488223,-0.1785054880274739,8.048037148377174,-0.6407199917130537,65.33339630001316,3,1,10.132185083681897
2024-01-02 09:00:00,95.8386936427964,2.726686169117931,2.8158395294834104,1.8715489686069269,72.33346495935459,3,1,9.456129324588908
2024-01-02 09:01:00,111.9303526872376,-2.3059486581113005,5.726547678356379,26.96795343368149,44.61996132862562,1,1,10.948715750753498
2024-01-02 09:02:00,2.4165418739147797,2.677586958018492,3.3489304438526144,12.234142079033996,30.114098172402244,3,2,6.617609865483844
2024-01-02 09:03:00,18.454044661585943,1.4001690883925608,7.173684166762484,3.970427787048671,80.86460331448617,2,2,7.333620591600839
2024-01-02 09:04:00,106.34055528671917,0.8249928176049792,7.671477873355171,31.620375790737867,88.06243061045456,1,1,9.896607684693718
2024-01-02 09:05:00,55.02222746244185,0.8716665319413774,-1.508143577701981,16.99030708029815,40.560498577794576,2,2,9.372411478876744
2024-01-02 09:06:00,67.75087667201562,1.9603658903776928,1.896216559753686,20.54385421464029,52.56735649264158,3,3,6.353451004598715
2024-01-02 09:07:00,79.56326444677768,-2.358480813721072,4.522716012843565,1.9277209592547877,59.88553735708442,1,3,10.57743235175287
2024-01-02 09:08:00,81.48799253947648,0.0285259413932505,9.676612459124126,3.673939063717265,62.666147420234914,3,3,8.926295742452913
2024-01-02 09:09:00,111.80884839798098,1.1825468295645507,5.240340686442471,0.6635216638212595,72.75921368701215,1,2,12.06332568500795
2024-01-02 09:10:00,119.63393008940037,0.5209226704413821,8.46452516116236,18.1544259655494,23.328258668425708,1,2,11.884421902500272
2024-01-02 09:11:00,86.41889531171283,1.9966744261397675,7.691680764806314,29.904565527726447,77.71816661872137,1,3,12.638539748878406
2024-01-02 09:12:00,34.4665451046181,-2.5663697459318917,3.730945955178461,27.952835974666343,24.95768055835282,3,1,8.389513284067581
2024-01-02 09:13:00,105.57028827532125,1.1442062369949957,8.404830400928335,6.755386923499536,57.46308541382943,1,3,10.566563369604271
2024-01-02 09:14:00,5.906509744891393,0.2041663823083066,0.661325917378516,33.319758455753686,86.21369084553552,1,2,3.7793581460491934
2024-01-02 09:15:00,27.729702344939543,-0.7250348161203393,0.6892529567246717,-0.2452618336813952,56.0972250622717,3,3,7.078301079933352
2024-01-02 09:16:00,107.68628609564578,-0.9583501065958152,6.714484648640035,0.1322486537400058,31.927179901459823,2,3,9.50181711570298
2024-01-02 09:17:00,30.742981732722598,0.7249957966451572,-2.9818450154748355,33.21869271718825,98.80270760047678,3,2,6.877342192946423
2024-01-02 09:18:00,26.478127154609812,2.345972247865589,-0.4126217381237156,5.998880252915361,91.14283696594106,3,2,5.520706136141141
2024-01-02 09:19:00,16.57503517682967,-0.0229444433933085,4.128586763100135,26.86521300880427,81.70509065800113,1,2,5.373953711898684
2024-01-02 09:20:00,103.09341091762998,1.9483389844615209,1.3009839830042296,-4.591418363524582,52.920928231936834,3,2,10.232100296922836
2024-01-02 09:21:00,60.00699110293041,-0.5870617089361949,9.110855648323428,-0.7879510121381124,34.707658151143825,3,3,7.901258920398739
2024-01-02 09:22:00,80.98718436649858,-2.3856332232409407,9.377591044287048,22.41799189250274,95.3128945134801,3,2,8.385161680651546
2024-01-02 09:23:00,28.68796608900356,-2.6309655812481685,2.538719632206837,3.2087179695057024,62.58809012137112,1,1,5.632258323734958
2024-01-02 09:24:00,90.96485052134598,-2.6919937720579346,3.085928355485219,-3.7303841159257,88.18843683099881,3,2,11.467643939927704
2024-01-02 09:25:00,91.20066539545182,-0.7190991482539806,5.869406377356567,16.012604050749538,47.36760046075406,1,2,11.049264646761838
2024-01-02 09:26:00,37.51176298899602,-0.9765734949849474,1.8589738785126029,9.87342246753334,46.823065366357646,3,3,9.040159419983716
2024-01-02 09:27:00,49.28191596123394,1.3076221417354166,-2.148522980892848,31.101561763741486,98.84323845392314,1,1,7.835641453591688
2024-01-02 09:28:00,25.162833291624104,1.456929009509195,6.204537529343961,31.847304599648687,61.74664387958799,1,1,8.931362368591925
2024-01-02 09:29:00,117.18732279874853,-2.6948761869975613,6.066788340294973,22.649040454413942,31.255633908859703,3,1,12.29620089986298
2024-01-02 09:30:00,77.47230924700939,-1.6732604226659102,-1.325283449123308,8.186518585590363,37.57397423957659,2,2,8.27488069350651
2024-01-02 09:31:00,112.14526568586186,-1.3544288990466018,7.493747796715112,15.773199306810271,58.555542351417664,3,3,10.217481766536888
2024-01-02 09:32:00,36.40626523549598,0.2856719048568568,4.204737946302412,26.601521219707426,23.397672839072907,2,3,6.427802931306467
2024-01-02 09:33:00,93.82690955962676,-2.1329086565582984,-1.4554758452695182,-1.8811151080114232,57.00271883026404,1,2,9.453167869665968
2024-01-02 09:34:00,91.90303726616904,-2.196352683599998,4.780587162530564,9.962368974765628,53.51526736641021,2,1,11.630858613791172
2024-01-02 09:35:00,82.99867822398498,2.662733335247748,-1.4958571056415888,32.00663654091273,82.34690122555895,2,1,9.985498056503562
2024-01-02 09:36:00,115.87667703201603,1.825217443786686,-1.0215056887997331,13.2712844011158,48.39535715913934,1,3,11.53591130282923
2024-01-02 09:37:00,47.22664033275787,-1.9160705874529784,7.720139602047341,23.110060509195964,98.60390092316794,2,2,7.864098166996178
2024-01-02 09:38:00,15.686078830770876,-0.560593152567054,8.942373538597284,-0.6649533889128332,34.46159354407225,3,1,6.752375128274742
2024-01-02 09:39:00,80.60506310928729,-0.8662680044546067,-1.1467601246268333,29.967068883282344,67.27893479745079,2,2,9.77369985774156
2024-01-02 09:40:00,87.51717605726473,1.746024444392444,8.920765556277786,-0.4790529528241141,27.17594376066037,1,3,11.182333465382934
2024-01-02 09:41:00,69.00726881505776,0.0612774988687325,-1.4180173024646976,33.768636452624065,78.70911871951856,2,2,9.943508551617734
2024-01-02 09:42:00,24.818147176007557,-2.232901578039198,-3.240989516861215,-0.2029529799640341,99.58029504495772,1,2,6.460711717317799
2024-01-02 09:43:00,60.53471300032265,1.4339523789374633,-4.126641828931082,35.09017434263545,85.53109102013057,1,2,7.019260157761237
2024-01-02 09:44:00,37.46276838829553,-0.6186721306504861,-1.3683013875105003,11.36964434022168,64.45628325762411,3,2,7.92037682258097
2024-01-02 09:45:00,51.29598338000269,-1.4224545142071177,0.7786981101585297,23.10388292984389,58.779308591975365,1,1,6.289507945547526
2024-01-02 09:46:00,77.42622910135967,-0.7470082678756791,8.913225701639572,33.0947748237306,86.80239690134775,2,3,9.830951700575024
2024-01-02 09:47:00,89.42576912290015,-0.0134606183586218,-1.3676300044095695,-4.539136055424504,94.87792677685796,3,1,8.481776650429953
2024-01-02 09:48:00,27.86696290816117,-0.9413069014979434,0.4819801742634002,6.956192263283707,99.13652206384744,3,1,7.222287410607742
2024-01-02 09:49:00,48.6390432776344,-1.548565364449453,6.012338121153581,35.87522445816366,51.72313820515873,2,1,9.679845696453626
2024-01-02 09:50:00,32.2993885189955,-0.6089878271761178,-0.4688886801907772,12.46792272631654,99.27339798356098,2,1,5.507936146699541
2024-01-02 09:51:00,23.83579366342429,-2.8849625355006108,5.2655222751937085,26.786916660893105,32.47410017390652,3,3,7.788716082174724
2024-01-02 09:52:00,94.0064663995006,1.6349870765778831,1.4811672887275362,1.3005425269076092,40.28398207455274,1,3,10.33880151433617
2024-01-02 09:53:00,109.1103233324391,-1.9743306385944848,-2.053325710112416,25.526722063506828,27.12128997871169,3,1,13.396866007113909
2024-01-02 09:54:00,44.427862282149206,-2.7365723182161767,6.01088351453704,-1.7077552013280526,41.73908131875854,3,2,7.620364507685532
2024-01-02 09:55:00,90.15347092485204,0.9221921574304752,-4.594417499649738,27.27963128941002,81.4350041294409,3,2,11.200731234417262
2024-01-02 09:56:00,107.63943472372932,1.6436167729420337,-0.6149776239053164,9.571222947405042,88.23394865427598,1,2,9.503440056366966
2024-01-02 09:57:00,101.5349052636278,1.8829747895570588,0.3427230875256803,15.963144517896986,82.31141160820573,2,2,8.810435716213311
2024-01-02 09:58:00,21.937606624707108,-0.0389449040364002,1.8732738248145404,2.4817081435175083,70.4852622534157,2,2,6.55557041098306
2024-01-02 09:59:00,114.75502578160336,-1.7677908918600882,5.19803847964209,23.253205798039478,61.117321001811646,2,3,11.629970784835937
2024-01-02 10:00:00,45.201172851535496,1.4233660634989604,1.891074912790553,10.190543295143812,76.69634313709172,1,2,8.807124314888569
2024-01-02 10:01:00,40.70887934086036,1.198278462926023,3.914861684293245,12.251875272221042,51.26668394137774,1,3,7.451019511382901
2024-01-02 10:02:00,7.49175927333364,-1.5223755953809606,3.93668617626726,24.34868162293613,87.30466811997614,2,2,5.736296256229374
2024-01-02 10:03:00,58.34083849258596,2.420446535176758,0.5990747484401151,3.0487747550147795,74.17520751814283,2,2,6.905089536708351
2024-01-02 10:04:00,13.081633876911445,-2.373771251503026,9.009568986320478,33.340400210750964,75.82437587955269,2,1,6.660763916375798
2024-01-02 10:05:00,29.82477851129112,2.8961294375479536,9.33780746314664,28.267888250929936,62.8748794503257,2,1,7.108023537028404
2024-01-02 10:06:00,38.03311461207377,2.161486865864788,3.727763261416987,20.99785014121732,90.8183187368938,1,1,7.760022063129806
2024-01-02 10:07:00,97.05915881900208,1.1273918728744512,-3.924636795568521,0.774988018710193,40.1611786943242,2,3,9.50610974195747
2024-01-02 10:08:00,105.0586380475076,2.632499329678997,2.366913463839036,25.919936248011066,50.49181226888406,3,3,11.90630359545334
2024-01-02 10:09:00,36.29595809537636,1.3338670099422467,-2.233710098089892,-4.185528255971327,82.21140557421512,2,1,5.612658968179821
2024-01-02 10:10:00,103.04377454934888,-1.8572580178197244,2.248217828093556,31.197811069027477,59.41991169034701,1,1,10.323952240953194
2024-01-02 10:11:00,102.86771248437492,-0.3470631713231293,-2.172752682521873,8.670896356274136,91.13712107393526,3,2,10.1930422456978
2024-01-02 10:12:00,91.75811404618484,-2.570981854010188,5.5578286847332645,0.274519773865582,47.71194558102819,3,3,12.993808808802674
2024-01-02 10:13:00,17.603413681821785,-0.6620554662713074,-3.793563199004862,2.4020029325288554,49.54641350557158,3,2,8.507995696151687
2024-01-02 10:14:00,82.83874162808748,1.4496181184232515,9.299561145938862,38.34104793287803,91.09886315093004,1,2,8.267262710768897
2024-01-02 10:15:00,113.40288774966824,-0.6813398944150957,-2.069361658499709,29.822368803287382,57.14962561456328,2,1,10.667289202407533
2024-01-02 10:16:00,81.90485745205885,-1.0182349471911951,4.909845040738682,5.704238800138009,61.28996673619894,1,2,9.776245970400495
2024-01-02 10:17:00,39.79402189294007,0.5721343350618713,8.75443526094234,38.3559809558325,46.62109722685435,1,2,4.483673789085673
2024-01-02 10:18:00,60.06951809169976,2.2332271739933702,-1.281705290239063,1.3052951798144594,42.13359537432655,3,1,8.712561322977841
2024-01-02 10:19:00,77.48700520212644,-2.714500844723325,9.014453485556947,28.00872453556486,72.47589686707136,3,1,9.3877138838596
2024-01-02 10:20:00,61.268449047420425,-0.6871773918015878,0.8301199849040897,24.55328320835561,29.58725292329631,1,2,8.298091389438857
2024-01-02 10:21:00,14.39435300771638,-2.050555549108424,9.407962258788851,31.966454757350952,90.34181129463276,3,2,5.920465127005766
2024-01-02 10:22:00,37.44768535824248,1.172125504391218,9.570457872017885,12.176442430294266,82.33625094120863,1,2,7.171237614269718
2024-01-02 10:23:00,96.2875236664359,-2.3656526374131905,-2.1788014239614037,13.082595623984936,35.25986109646422,3,3,11.021693909145752
2024-01-02 10:24:00,103.37016553146208,0.9888465514814672,7.466310053965817,23.105515829925544,75.52159566596524,2,2,9.643675140007163
2024-01-02 10:25:00,16.476003925868426,-1.282914775212556,-2.098684807496745,12.919259063434977,68.21063370285079,2,1,5.015484618485909
2024-01-02 10:26:00,114.28641028784696,-1.806499117576652,-1.6033906950337764,-3.1392098284004684,34.76280405893153,2,2,11.848131842480996
2024-01-02 10:27:00,39.45871414183312,2.618115346949912,-3.738102439649026,27.83686143152832,41.8562804840186,3,3,8.36486895899663
2024-01-02 10:28:00,79.4776486476864,-2.888852539524265,-2.651945802527331,23.84257283748072,52.71892029870675,3,2,10.388002406755446
2024-01-02 10:29:00,90.21901751480172,-0.3733363686625863,4.483284523706619,14.067076574019149,75.93941881963791,2,3,11.257389227059887
2024-01-02 10:30:00,97.433548156546,-2.8702380452292373,1.738790950776797,8.627330239605376,71.09787270536047,1,3,11.039100871360164
2024-01-02 10:31:00,113.48996426711162,-0.0984417113740256,6.864163557532526,9.432662724731577,62.57878781413584,1,1,9.920101447054696
2024-01-02 10:32:00,37.55034576345872,0.0062842667665092,-0.0200477776006682,28.346288067030848,81.47284344912273,2,2,8.178718800007648
2024-01-02 10:33:00,103.02077454618654,-1.070025171631518,9.529368509515882,27.812239554079422,80.63501916849327,3,3,11.4771733058999
2024-01-02 10:34:00,15.802428412344844,-2.207029334849858,-4.2519118877093804,31.85132891535625,69.42873232498047,1,2,5.514694880309152
2024-01-02 10:35:00,84.60490876243112,-0.7416747735931484,-4.055960683963377,29.298119270624905,82.95920667078602,1,3,8.597452227912445
2024-01-02 10:36:00,89.03732754167831,1.0335776395953964,5.5206234822720415,29.10748909477293,46.74106998233674,1,1,9.30209443524942
2024-01-02 10:37:00,81.32678894415845,1.6943748518667547,8.313083274592895,6.329795532494423,90.49996226580843,3,1,8.603852589762447
2024-01-02 10:38:00,30.27776833621836,0.1845036143288538,6.932502874512242,-0.4274350430556275,69.19280686415526,1,2,6.346612948677129
2024-01-02 10:39:00,104.7651776418244,0.5390063666385334,2.347256318003705,29.27885197162077,85.78908110499444,1,2,9.408814730028311
2024-01-02 10:40:00,20.2630156044474,-1.7963017732520838,-0.9553795804246992,-0.5621891154911198,63.70232838322272,2,2,4.530609897912085
2024-01-02 10:41:00,6.4361749824997005,-1.2760180006341033,-4.798227060429276,39.19501323827409,37.47505959909443,3,2,6.56481936236573
2024-01-02 10:42:00,86.09579887342946,-2.0286263396858493,2.6417718087966344,34.379017035250314,63.39281029426469,2,2,8.35439335019778
2024-01-02 10:43:00,57.05708582792804,-1.504227899972332,2.1345429596391483,19.005772086453423,49.68893310212705,1,3,7.07748544951077
2024-01-02 10:44:00,101.89176239504113,-1.6506793186468094,0.1636884920535983,10.848260429597264,75.79992288296756,3,2,10.2007735376455
2024-01-02 10:45:00,46.00765692699108,0.1166927183474255,3.671091819587275,18.707936617634303,58.06350333877887,3,3,6.9573655441269535
2024-01-02 10:46:00,20.19343062092554,0.3761325347443764,5.932220460719099,28.043582489651683,86.88902439421501,2,3,6.43173137231564
2024-01-02 10:47:00,100.37306309638436,2.669684524929026,5.5133235434236365,29.03484903522765,74.24580098575333,2,3,10.00251495997432
2024-01-02 10:48:00,65.8691557968086,-1.8265761173908617,-1.0512073732367675,-1.6850300607537068,74.76355464250591,3,2,7.599922251117216
2024-01-02 10:49:00,22.703495086842587,0.8500542609689754,3.7795553292188977,31.218434270266776,37.3724266792852,3,1,6.686501300561649
2024-01-02 10:50:00,86.44607983037349,1.9035556139251373,-2.7683828212400243,23.867368676732,98.73998131930324,2,1,9.436505918762766
2024-01-02 10:51:00,61.33363661874007,0.3614487826983152,-3.175972341674681,-3.1739173742658733,87.3340167417191,1,2,6.451229350640184
2024-01-02 10:52:00,72.51755786883838,-1.4699780849935458,6.787837543886768,9.092254261620562,83.12039076485557,3,2,10.63763996607608
2024-01-02 10:53:00,55.307800584789824,-1.424698619879999,5.406188531433038,17.978861591244215,46.4172180128022,1,2,9.89757754675541
2024-01-02 10:54:00,99.44507805816076,-2.7644816815740008,6.518933509474429,3.480317149246373,62.85053222777855,2,3,11.00232644993484
2024-01-02 10:55:00,99.54752588196598,-1.16733464070911,-2.713065886936687,1.9858237993549637,30.968255045946293,3,1,9.130068750281753
2024-01-02 10:56:00,85.12665861892634,1.46762207402028,8.7192788405569,-4.357347593120206,63.07807813301648,2,1,9.523456202954804
2024-01-02 10:57:00,12.648165287575472,-2.7148934567573377,-3.0033258016646185,36.01977850530663,31.67113971866298,3,1,7.909852931672255
2024-01-02 10:58:00,100.66246342848828,-1.684228304971016,8.050554522965932,-2.475142023641572,64.2430275191681,3,1,10.79294634747735
2024-01-02 10:59:00,80.52155766394918,1.2373949911906914,0.2856893695889688,11.470513965881306,71.89775041239244,2,3,8.953880394208495
2024-01-02 11:00:00,83.64289992051594,1.6959093769372595,-3.4184886044879104,4.259723677217048,51.21567737999219,2,2,10.407170818404268
2024-01-02 11:01:00,43.5579408484646,-0.2680895396284297,-0.6984655915171114,28.346489599331257,59.88359026650346,1,3,7.845375636654317
2024-01-02 11:02:00,105.5135467388408,1.1884460308718934,-2.278279786791755,26.823309586669048,90.05227101396687,2,2,10.177508009038378
2024-01-02 11:03:00,87.04459202818289,-0.6722869880706481,2.360045780375712,31.280008538289145,28.68505157622475,2,2,9.482976579911467
2024-01-02 11:04:00,13.510855983503337,-2.040520529855235,9.246180220596528,22.756373556024315,83.33863143997223,1,1,4.2442757910643785
2024-01-02 11:05:00,48.93336412873952,-0.6111030388625611,-0.081932576262222,21.62439221500008,33.66036407969571,2,1,8.325826765297819
2024-01-02 11:06:00,106.365643435217,0.4798069212188571,4.1814847852317065,13.3199821962348,22.93663862437027,1,2,10.561456329512694
2024-01-02 11:07:00,5.66360420368548,2.688319691117342,8.375813136099454,23.63614150489907,34.84596821960382,1,2,5.217275925811919
2024-01-02 11:08:00,115.36999435704594,-2.587494287467936,4.45110894544348,0.1842513235038865,81.20345519763917,2,1,12.00085013708568
2024-01-02 11:09:00,81.49950819834754,0.0443645630697635,0.4329871130464653,25.80307821409831,52.410085866948805,1,1,10.381956046113949
2024-01-02 11:10:00,75.7651173172052,-1.0264813307356535,9.862586907638187,-0.3246008961610416,89.80164134769456,1,1,9.900560886222763
2024-01-02 11:11:00,32.46711077855897,0.0498701656601672,-2.1887959783919952,33.77829561396998,61.97660329458127,1,1,6.702511613124552
2024-01-02 11:12:00,29.85501464870125,-2.85614731574081,2.84884022343262,17.755726262217486,21.780028154106475,2,1,8.441100159052642
2024-01-02 11:13:00,113.04698633863146,-1.121847871790512,6.95058248105196,18.866060704103823,77.33708876815413,2,3,10.011625704771047
2024-01-02 11:14:00,35.792694508094726,1.91920888516203,-4.990266956341635,21.31859209923561,28.818632697698614,1,3,9.06332186492669
2024-01-02 11:15:00,93.06063560627992,0.3236504031278251,5.530648782136556,29.922362454048567,83.15037067695395,2,3,9.305761659928912
2024-01-02 11:16:00,47.1746157848495,-0.2965050431032958,-1.0025165494109207,16.531177939247534,33.448203984414405,3,1,5.990401797651019
2024-01-02 11:17:00,16.710488494164476,-1.2868495697079625,-2.4540991596218427,14.24146331412949,47.63571086444108,1,2,5.663016400055838
2024-01-02 11:18:00,1.285835723443074,-1.2117448632518646,-0.8870830494756285,7.9750055547806,80.90171437002883,3,2,2.730559110772991
2024-01-02 11:19:00,65.3108804418301,-0.7013913984564932,9.50224638759676,0.7617707822916095,96.33850859811372,2,1,9.462702098959635
2024-01-02 11:20:00,117.09345822587191,2.013424259787362,8.379028888595283,3.565414348421489,49.71471605173859,3,3,11.967865852355288
2024-01-02 11:21:00,44.29634325710454,2.8032792408496103,-1.7936831530444626,-4.976247034137543,86.35201761591486,2,2,7.016713177258568
2024-01-02 11:22:00,42.86308007916538,-0.3680677118977531,-3.2445984032233315,34.12397415035503,35.2633812380671,2,1,7.54519646983659
2024-01-02 11:23:00,41.29099414193305,-0.639882967513429,0.4622890677170144,29.42312777044968,84.57438161619929,1,3,6.247150791098245
2024-01-02 11:24:00,62.46526047658301,2.079304654919177,3.885047201501102,4.840709296853037,72.59952474050009,3,3,10.437662082532944
2024-01-02 11:25:00,52.879786010915225,-0.4385680761821784,8.007169428716809,-4.892445923202261,35.41948057698947,1,3,8.149350012705419
2024-01-02 11:26:00,105.58975520724174,0.3121090337739072,9.491351875601168,17.14523371879176,44.200316828112925,3,3,10.593857506216054
2024-01-02 11:27:00,60.66249500681884,-1.6143500124075334,6.26730052259648,13.565793969178172,30.54167108776288,2,3,9.065796194123172
2024-01-02 11:28:00,60.93094058262825,1.4610152146744513,3.985108190524837,29.92029796039264,50.63736088514506,2,3,7.099489484599589
2024-01-02 11:29:00,16.604591366466792,0.1919299096246911,-2.8650196080347463,13.130297801388302,36.29189128986219,1,3,7.491568859190146
2024-01-02 11:30:00,117.92874490924632,1.8542073014420497,-3.889574354400334,33.88507633856913,71.51983629043788,3,3,11.22158627741841
2024-01-02 11:31:00,29.99674690425956,1.684396380172018,3.940403177938016,-0.6872796920636217,99.5604083376447,3,3,7.665562691814078
2024-01-02 11:32:00,8.80368809515232,-1.7099713903798286,3.085961586503906,11.463613881364662,20.960733046741133,2,3,6.968782742800627
2024-01-02 11:33:00,79.57754987702505,1.2938133033465746,7.691321616011532,37.02734044009288,63.27358506298389,1,1,7.169609516259863
2024-01-02 11:34:00,71.44396441882472,1.800326447708228,-0.1609122371734423,-4.472166995290454,65.89332780392078,2,2,10.223945638847669
2024-01-02 11:35:00,49.81747847912949,-0.9233565553056295,-4.404637139752848,12.585524080311608,93.13670317446496,2,1,7.817011380041354
2024-01-02 11:36:00,50.663068065681365,-1.9643453225863527,1.355624036365498,6.68664670299389,60.48042678135501,1,2,5.716157653466554
2024-01-02 11:37:00,94.20767052557174,-2.9842070665224707,9.53773455906609,18.933732509938515,63.4961135715934,3,1,9.178900890676433
2024-01-02 11:38:00,23.485516811957886,-0.2945780814411112,6.933623574047847,7.54450601253826,57.73222410627109,3,2,6.901899372986314
2024-01-02 11:39:00,98.43039827338676,-0.8854036107669505,-4.493417395365903,34.14586204576626,41.51234436491851,2,2,9.26182760763376
2024-01-02 11:40:00,77.84965366740218,0.3294590029524533,8.12018355847263,37.17122137839734,24.482330659913096,3,2,9.391979294701594
2024-01-02 11:41:00,50.27637285354293,-1.8717534444672852,2.075342344319761,33.211043368327324,52.69261457678689,1,1,9.222843356118252
2024-01-02 11:42:00,54.96343399006423,2.1579932859988507,0.4715204772693369,12.93555303525772,24.207317699254283,3,2,5.716669175326153
2024-01-02 11:43:00,30.79766486233149,-1.453468706231342,0.2010931120418737,39.54701944912894,64.03939755727342,3,3,7.322550711421432
2024-01-02 11:44:00,90.25371992363698,-1.6414223694741,3.927163795582967,28.076634248088624,44.58349145938345,2,2,11.209283017640985
2024-01-02 11:45:00,61.54496907663213,-0.1157156610938643,2.958991276611438,11.002402148287857,62.68819212203422,3,1,5.744521348113564
2024-01-02 11:46:00,38.50254512998123,-0.0068938575343544,4.849408662523945,-0.7838230460542217,30.743757151614936,1,1,5.8955560883259714
2024-01-02 11:47:00,71.52601389131402,-1.709488627289443,3.604621975600701,25.0170887371778,94.61039725914875,2,3,7.705245601607119
2024-01-02 11:48:00,119.48813424615876,-1.3688356396445054,-2.840831377374222,27.78553499043258,91.5616994839948,1,2,12.09498502384479
2024-01-02 11:49:00,52.23147355878646,-1.9817685650685304,-1.141459868625227,0.5106609799807451,35.19972073618276,3,1,8.138043033054307
2024-01-02 11:50:00,110.48296809343437,1.3107610699390009,7.615443581527511,19.7381358308316,47.47554266352079,3,2,10.041388412555849
2024-01-02 11:51:00,41.40202079094793,1.6205341875244912,4.948877720434449,39.41895928242192,69.07942174815837,2,3,5.896559898845877
2024-01-02 11:52:00,6.567924830998306,-0.226029015244304,1.7260093812211172,9.68089461246116,27.654896584472503,1,3,6.18382596369636
2024-01-02 11:53:00,24.509052764211464,1.2845221361101045,-2.26097852249202,8.585276009478871,48.36542568929207,3,1,7.136853621510038
2024-01-02 11:54:00,50.2434171993221,1.4156123516246728,-4.884634460340322,35.6485974741834,40.088982945520485,3,2,7.5185078610582945
2024-01-02 11:55:00,26.35619143134828,-2.1703468339331486,-0.3216889521707289,0.2837220099275033,93.24133829733572,2,3,7.090569836542285
2024-01-02 11:56:00,0.0272445861906645,2.79706814900722,-4.177295646099969,37.00873765188552,88.20085090313641,3,3,4.253352259298064
2024-01-02 11:57:00,109.80018452970327,1.9261916825785856,2.234261996311827,30.076917712307026,66.3866193013491,3,1,10.168051898886867
2024-01-02 11:58:00,101.26552934771148,-1.773099232825059,7.327021791373127,12.58781840198139,61.62770694972593,3,3,10.204108008547502
2024-01-02 11:59:00,89.07506777843365,-1.8830097855235783,-0.7190200792655403,-1.240357084153174,94.45806356363175,1,1,11.077017583607478
2024-01-02 12:00:00,20.13775147752344,-2.2460331265225038,7.716312423325743,-4.137145643579698,94.59422263830524,1,3,6.000986185325408
2024-01-02 12:01:00,14.443629145198326,-2.169728624748489,5.568465941298841,11.912403839700136,97.54641002813284,1,3,6.507805345004242
2024-01-02 12:02:00,8.11256993668598,1.488970794172177,-3.1210650596770195,26.740911301458,30.03031072865501,3,1,7.1364019060254655
2024-01-02 12:03:00,86.88350265275055,-0.1820744582902587,4.668428369043749,16.938814606100596,32.84462486105362,2,1,12.03599293404469
2024-01-02 12:04:00,111.45695528254625,1.697605036439203,-2.724802890416852,28.23933517647655,74.13893589439093,2,2,10.345794126593107
2024-01-02 12:05:00,51.66429850956444,1.4775293661012323,4.82186380412378,25.17568819267493,63.31475812878759,2,3,8.469697084956758
2024-01-02 12:06:00,14.29688063952578,0.6276762810313299,-2.8592827290784086,20.780823521576487,21.477272391458875,1,2,7.766581637862628
2024-01-02 12:07:00,61.48713848785279,1.1181996394720777,0.8876704902334902,38.53745863261845,24.958002879161548,1,2,8.275024926169
2024-01-02 12:08:00,41.85982889503562,-2.889865653725149,3.4989140535729053,27.777299545906157,91.0464305807044,1,1,6.103522611488581
2024-01-02 12:09:00,44.97899092199973,-1.1293341191698685,-4.244387428640874,36.1576052131649,89.5096636431509,1,3,4.61019033018994
2024-01-02 12:10:00,74.55967489868488,0.826933075556461,-2.700374827182089,5.897225394401279,48.58167375968361,3,1,10.711869833450136
2024-01-02 12:11:00,86.24617359146428,-2.943930279082535,-0.1938676242163035,27.11378320497405,91.28404935444276,2,3,10.541979255450885
2024-01-02 12:12:00,13.272431864779302,-2.80213833790444,1.93480128657792,21.90112885368217,67.49400595183215,2,1,6.989931972150579
2024-01-02 12:13:00,4.270827696777166,2.111327894822299,7.877309408821516,36.59332435774839,84.47245176151215,1,3,3.678272217899008
2024-01-02 12:14:00,119.3196363222858,1.1041491701524304,-2.190903674690268,17.970385793096796,54.19448569281714,2,2,10.677683441334214
2024-01-02 12:15:00,27.92740186986622,-1.4077816012779365,0.2120642575378841,7.583862056311824,29.071866187592697,2,3,7.549745116196341
2024-01-02 12:16:00,6.459662989015089,1.127777040712254,2.136643544202709,12.317753217034385,54.6981650116813,1,3,7.019544745219728
2024-01-02 12:17:00,22.7850394915104,1.7547400148355798,-0.5633216601594686,4.847341244181752,56.58398383975183,1,1,7.385041846373376
2024-01-02 12:18:00,4.674941561815706,-1.1592343013393924,4.386216680813062,4.898784972468402,64.07553550724825,1,3,6.288896120363011
2024-01-02 12:19:00,47.0173073540606,-2.783775735004875,-1.150963478360448,16.168971371199742,28.44661703235424,1,3,7.560542226344043
2024-01-02 12:20:00,96.2882141341589,2.596674748126407,6.585256316698651,35.16559758818371,99.31214904396892,3,3,8.139470951458138
2024-01-02 12:21:00,40.94933397092648,-0.9289209702262172,2.5773114227677505,3.634120428756521,39.530945664552505,2,3,5.66149252490034
2024-01-02 12:22:00,53.30200882540399,-2.3611094202917617,-3.705426748083347,7.9541505455852,35.88419228296743,3,2,6.371404681074951
2024-01-02 12:23:00,81.07041282809266,-0.0488587716411155,4.404983428479364,33.38446576231924,62.144233508474926,2,1,9.9421835417196
2024-01-02 12:24:00,61.06728840838562,1.6108067739848029,3.53865255698136,10.266532490223192,62.97665435159109,3,3,6.826305895827447
2024-01-02 12:25:00,103.3734823225589,-1.670116112294645,0.0789603131000902,38.30860308953714,55.18565902665954,1,1,12.122618208049465
2024-01-02 12:26:00,103.92428100549078,-1.38305969919982,-4.83264382416468,7.101412440859354,81.75137170602036,3,2,10.40735674974012
2024-01-02 12:27:00,1.1892834589384371,-1.543710079208501,-1.989476867384412,14.896453976436,61.332352058288215,1,2,6.583737227038998
2024-01-02 12:28:00,93.3655567779839,2.950038316990069,1.0856429332352882,-0.6975527363266618,68.77563641159873,1,3,10.025859682664496
2024-01-02 12:29:00,55.28803202900087,-1.8155775976167448,-2.001289493100539,39.64791078843707,77.89971083262284,3,1,8.210840748284076
2024-01-02 12:30:00,118.66086495643955,0.4531213017967439,3.662366814095167,35.05639201940287,22.002008125109327,2,1,11.88044382583821
2024-01-02 12:31:00,57.98784910505222,2.551587849941786,5.684873408893852,31.79030137942561,65.65153460360358,3,1,9.09869748346347
2024-01-02 12:32:00,118.4275134465957,-2.1186205867333245,7.840264851262534,2.080411175242329,90.73555769826956,1,2,11.596506402154404
2024-01-02 12:33:00,90.54832334468838,2.825125187206201,4.704739280256231,38.621112603156114,21.391099434034714,1,2,8.901902559242721
2024-01-02 12:34:00,29.83258615359676,2.684863406373747,5.335138318822191,36.8118078555966,52.41456830407689,2,3,6.034799922599957
2024-01-02 12:35:00,64.60739751443492,2.307431922349576,4.126627978457867,14.60521488988837,94.0981960164664,2,1,9.066754375527768
2024-01-02 12:36:00,119.05627673742993,-1.7126608720199863,9.782290864190555,25.6736663365633,48.25235218260303,2,1,12.930114562633891
2024-01-02 12:37:00,102.90367293023084,0.8043303360658998,-1.084991463801377,39.66062924614212,56.69830593601927,1,2,9.912641433986597
2024-01-02 12:38:00,11.684027254946532,1.5653488377674414,-1.0061197923086245,13.438534877481183,98.52331144354504,3,3,5.479860093235079
2024-01-02 12:39:00,84.76463961719953,2.916167569178578,-3.104995378672105,0.0870560074337332,35.945908716045906,2,3,8.916766892363947
2024-01-02 12:40:00,41.46955030449757,-1.9174570675117772,2.2852648880429856,34.050056566854856,25.220415130000475,1,3,7.686702534138814
2024-01-02 12:41:00,0.8378714256417741,1.596155397115779,-3.5575744455361717,16.441830329912353,88.75380726890435,3,2,7.184750423000289
2024-01-02 12:42:00,48.41771628323996,-0.9671929804373224,-0.9478010465284444,39.41362547766709,89.47722729698948,2,1,5.61914569531786
2024-01-02 12:43:00,28.17053060699656,-1.946241206591986,2.2402139315708736,19.79017871821634,57.766226774401055,3,3,6.244037699262121
2024-01-02 12:44:00,98.2643124624566,-0.4717383527168701,9.36393423895026,-3.673507838485893,61.1365739581829,3,3,9.645978728245892
2024-01-02 12:45:00,40.47967306149186,1.7630154728916985,9.45719490760251,17.127713362197106,86.86450956942689,1,1,8.564136845269463
2024-01-02 12:46:00,99.30284327445806,-0.2109011777756873,6.156103512048336,27.31279581980322,79.0847598492636,1,3,11.28321435969914
2024-01-02 12:47:00,0.071752660175437,0.225138601218291,0.8387524236352739,-3.828648730861416,41.21192017736085,1,2,5.939725826820397
2024-01-02 12:48:00,36.9382980031343,2.9709564612007275,7.977419100648191,13.605192146309292,21.35146840572148,3,3,8.605405929272315
2024-01-02 12:49:00,28.939825716931438,-0.6053442026554441,8.131837028614605,2.0002090203209315,58.37601300268366,2,1,8.624833290626928
2024-01-02 12:50:00,28.02808332823332,0.6924045282554392,8.652960711948285,23.939356945961137,88.71298608765132,2,2,7.552644875019277
2024-01-02 12:51:00,8.182394371855523,-0.8085347903077689,4.600375723228195,38.080563195011855,91.66677413521298,2,3,5.119558062660042
2024-01-02 12:52:00,22.45491244926021,-0.6432861220277704,-1.9731080658817928,23.106320704988185,96.4980957660923,1,1,4.859554689410623
2024-01-02 12:53:00,66.66594838627438,1.1738445206724482,-3.6337884084397754,26.269496787365007,90.3650590090225,2,1,6.2880035084792985
2024-01-02 12:54:00,34.963328740529334,2.627321856569301,8.72163256060195,12.845330519152428,66.40348442384787,2,1,7.701836401982672
2024-01-02 12:55:00,50.08737387949776,0.2541537029539285,-4.166808378175955,20.34133910283624,55.56844793888807,1,1,7.217612546681886
2024-01-02 12:56:00,45.22402564166262,1.6103995736926793,-0.5616491084300774,19.47359693586369,81.98798772272792,2,3,8.662468680120261
2024-01-02 12:57:00,105.10859099998736,-2.464760647098217,2.304426505566056,29.18228553705748,79.18573074924771,2,3,10.801425645777258
2024-01-02 12:58:00,108.63587988126186,-1.7330517754084382,-4.670349606897863,33.561024115913284,63.05147440651635,2,2,10.731352502665896
2024-01-02 12:59:00,59.154836598703206,0.0127898455171946,8.603683880173659,24.82986749273949,26.98618980467753,3,2,9.177400106736362
2024-01-02 13:00:00,39.61871403787253,-2.8799296582273515,-0.6931850769164756,39.09139608658207,94.0865077429535,3,1,5.889928314679611
2024-01-02 13:01:00,12.816084480283635,-1.4828701274246472,-4.572428016191371,32.27297766360248,56.44820300013297,1,1,4.742918554530298
2024-01-02 13:02:00,114.4083455258514,0.1044077389497966,9.903849958397776,0.6091037012616276,49.06670255330114,1,2,10.630219414240726
2024-01-02 13:03:00,7.227233388035694,-2.910232810462196,-0.3291022877372702,17.8363929273777,70.36539161350174,3,3,4.301362961894695
2024-01-02 13:04:00,35.718033308193654,-1.4127222826437498,8.151473612280592,35.645623541219656,73.90703689335815,1,3,6.053478864922457
2024-01-02 13:05:00,35.7679441404005,0.0841849168552171,1.8021168088132136,37.47706909290462,36.85503336242412,1,3,8.180727687534475
2024-01-02 13:06:00,38.44815433682579,0.438895487887474,4.946888515824986,12.10926722945791,86.9551075847965,2,1,6.099122231796354
2024-01-02 13:07:00,19.714421192689112,2.5545101583318326,-1.3836477569396788,27.65668276824361,43.19496749299023,1,2,7.019503676436338
2024-01-02 13:08:00,93.97937171084368,0.8720737395036471,2.5431299046553297,13.474546763907025,34.93471407314534,1,2,11.53814725132974
2024-01-02 13:09:00,14.699743435918704,-0.5115851848200377,-1.1352321136245953,0.5646874980744352,52.5119882283598,2,2,6.728339934223911
2024-01-02 13:10:00,76.18879909837953,2.582107062798407,9.266258218976551,34.80750872150882,78.44480647179722,2,3,8.16764419015607
2024-01-02 13:11:00,14.861523204698097,1.7092979003267654,-4.085818813756306,36.93789052205385,97.23665427518428,3,2,4.0708537675111565
2024-01-02 13:12:00,8.464276511154786,-1.7999464733235144,-0.8798910874272883,17.713773906961297,84.74250114971466,1,2,4.746940785957765
2024-01-02 13:13:00,109.13154044230518,-2.214945831907081,8.396633148248181,-4.176165613093532,95.22787021361536,2,3,9.65067198386694
2024-01-02 13:14:00,22.81545195824468,1.0548698144563975,2.2005393626092564,31.72163128133169,31.248464326122143,1,1,7.443364367726659
2024-01-02 13:15:00,98.55001854716453,0.3592989934619028,4.00126167856255,16.46321648038559,25.694143909094144,1,1,9.784665367218723
2024-01-02 13:16:00,65.3557045328563,1.738041682756534,4.775400572434638,-1.623723910629415,64.61638095253369,3,3,10.011627976178124
2024-01-02 13:17:00,9.342782353052351,1.4328303004721192,-3.936087323396549,3.522616729217269,43.22379864352275,3,2,6.452943797920459
2024-01-02 13:18:00,114.6537829725681,0.7512692031450903,-4.733918886371224,1.8453703103692776,86.24439783754183,3,1,8.622712762517343
2024-01-02 13:19:00,29.635340039027103,2.918293029773353,9.0676157756696,25.882548984387142,73.75902971218608,3,1,6.188184499603797
2024-01-02 13:20:00,103.15744144231276,0.201538380662452,-0.9274573205467886,8.473427179036515,97.65825311886356,3,1,8.290401645905296
2024-01-02 13:21:00,20.257200694147706,-2.321365460989681,0.7046966565329331,0.7460732790149445,40.383388458504335,2,3,6.780296349425487
2024-01-02 13:22:00,102.47314585702236,1.9696413888959297,5.231397560853244,36.29419718061296,58.8627291484186,3,1,10.367168651686432
2024-01-02 13:23:00,1.5874575486352782,-1.488879825925746,-1.4554418439091812,38.04389765571114,60.09923819402826,2,2,2.9870465308215643
2024-01-02 13:24:00,61.41365478833768,1.66381288886351,5.996070552512773,1.2359142745137517,39.13414358859009,3,3,9.620209174647336
2024-01-02 13:25:00,92.3331095305868,2.742642576000309,1.8736327324490496,5.360613398944357,67.20747195904062,2,3,11.496127794078632
2024-01-02 13:26:00,112.175462099134,1.1807730837860475,7.849147079310866,21.645432382288718,55.46287888633916,1,1,12.807450610355389
2024-01-02 13:27:00,109.10425634477843,0.5761809656988066,-0.8218904635177644,1.772853227431333,55.73772447918989,3,2,8.42409667498647
2024-01-02 13:28:00,98.35498434571738,-0.2376829459497562,-1.942662793050522,2.136626180662533,49.01893183779869,2,3,10.323229496323266
2024-01-02 13:29:00,106.5829619593565,-0.8135408040275802,7.475325308123081,10.145921878182554,21.354348194042807,3,1,12.359406582661112
2024-01-02 13:30:00,23.90636230044918,-0.8819714941689822,-0.1051090251074953,37.71266497906023,61.76761895318312,2,2,6.169107725452157
2024-01-02 13:31:00,34.10211548540745,0.8182362342575438,1.178029690007575,38.30989883603208,46.81982685602649,2,2,6.574939779105342
2024-01-02 13:32:00,34.67622299052702,1.5076387016264752,6.905617490319896,32.88047124214165,20.10558951874637,3,3,8.997799731054952
2024-01-02 13:33:00,45.24647172020386,1.071102416906486,4.533648060618624,26.307081306807277,44.63549661295456,2,1,6.450589299700004
2024-01-02 13:34:00,47.198480446222646,-1.809539392838624,1.6258883564840358,27.430301463553867,42.29026664718056,1,2,8.716491628794602
2024-01-02 13:35:00,65.34663895856106,-0.0360769191390528,-1.2516423664316303,16.13077793893304,51.475852257890864,3,3,7.119430950739548
2024-01-02 13:36:00,19.185571603972967,1.7498404330983774,6.463014532776464,18.8569582669997,30.54815917147176,1,3,6.237101958831598
2024-01-02 13:37:00,82.94959965431872,-0.1457755308656625,-2.2935344826491444,23.550369700269464,60.61470597080675,2,3,10.7299143228506
2024-01-02 13:38:00,20.107984716540777,0.2197396784129628,8.924194008796421,27.907898687256512,75.3952282014504,2,3,6.906302473669863
2024-01-02 13:39:00,37.237017852545705,1.6268162890249327,-2.7452589631550417,-0.6419222370251925,70.4148455243658,3,3,10.23612211657865
2024-01-02 13:40:00,60.40141567273849,0.967591837590549,7.074005379209442,5.11991543557998,84.30039580553525,1,2,7.639648489398596
2024-01-02 13:41:00,95.57286738281728,-0.5439304747056442,1.3637330009220063,38.33244360862055,56.16066303896649,1,3,10.443342038733537
2024-01-02 13:42:00,88.73630798864727,2.3724762671653137,-2.2099065059973197,10.08140194572605,61.52733842717826,3,1,10.224075948009446
2024-01-02 13:43:00,77.46412276926267,-2.0245975880191285,1.035684073551567,7.08133948636913,84.83215526871867,1,1,8.516363929815245
2024-01-02 13:44:00,18.692791269620415,2.9730986915419484,-1.6767227570009964,13.986009045594542,54.21609366553909,3,2,6.502636013753846
2024-01-02 13:45:00,65.64544147386933,-2.286884529142577,-2.9600952374622898,8.091433769496792,76.12794799196776,3,3,7.339941059809352
2024-01-02 13:46:00,10.493580215986253,-2.9103001733745666,-1.4126690160416229,-0.8968913351665178,54.76818949743935,2,3,4.363935954376766
2024-01-02 13:47:00,45.28358121559809,2.340113406892588,8.01097708807379,4.358250935689148,53.41889556092501,2,2,7.538393029888175
2024-01-02 13:48:00,49.6219836347951,-1.5302789498042637,-3.4108641878026367,23.807190891205,80.81644996233283,1,3,7.6301243962470675
2024-01-02 13:49:00,4.777372733490459,1.3781977646803254,9.58809381651836,5.043215067372971,33.986953237296895,3,3,5.616615186523922
2024-01-02 13:50:00,32.87857193639662,1.866092249592416,-4.925023194684847,24.145023851267595,47.08687775532589,3,1,8.447021620723776
2024-01-02 13:51:00,114.67793607197872,2.153918346192701,4.873572315868646,-0.4963597293438475,37.93378213975214,3,3,10.84403116288
2024-01-02 13:52:00,114.43591293956274,2.9495654139850007,7.84767977257129,-3.1155642683385905,48.72879543740777,3,2,12.250278055492233
2024-01-02 13:53:00,42.27924651030472,-1.2357617397600056,9.009364721901465,33.770545719663644,38.42998578928192,2,1,6.833043921409951
2024-01-02 13:54:00,5.172013073798887,1.2614600515635548,-2.840216098148682,29.201178799376187,66.35245048693237,1,2,5.802545573804876
2024-01-02 13:55:00,21.491392719381786,-2.3076008503150307,5.473127446785101,24.9712457280868,83.85366420942762,2,2,5.360349152413589
2024-01-02 13:56:00,47.06613521202482,-0.5591442518589034,-3.3897617576652905,-3.6095345178410736,82.92904489743215,3,3,7.259262486975059
2024-01-02 13:57:00,113.73356375630756,2.0878301598755424,0.2891724081165039,5.770927081918266,49.1600771639034,1,3,9.775242885251174
2024-01-02 13:58:00,16.943887624462192,-0.7940517236453499,5.978895362604904,31.554144721851728,99.10083247154094,1,1,6.114713102716379
2024-01-02 13:59:00,91.62190124018548,0.5465722832136843,0.1895983924460038,1.510044927634505,67.50834917646407,3,2,10.778606830396578
2024-01-02 14:00:00,13.04190472496305,0.0226406623478041,-0.2993790757839827,31.578404795219363,51.95202414226358,3,2,8.399547222213702
2024-01-02 14:01:00,117.75090928695322,0.8757091866722702,-3.259180717963877,21.29050973691311,86.84314233931404,2,3,12.004216318342738
2024-01-02 14:02:00,45.7939798930962,2.83736633632617,-4.00342858507868,28.316576550864063,78.38992101141127,2,2,7.884058081989451
2024-01-02 14:03:00,93.02814466788672,-2.6655868409915877,-3.270830130773644,24.002818530302783,79.94202694592835,3,2,12.354761696894798
2024-01-02 14:04:00,41.11092993733582,0.4437691050097783,8.132121624178366,13.764531103768952,35.69114797870973,3,2,6.436696924319357
2024-01-02 14:05:00,75.32026525905704,2.178172675501709,-4.832022119286121,8.138980700361598,57.46594458948441,2,2,9.527550916065444
2024-01-02 14:06:00,23.04193016880441,-0.1117037295094349,5.392988043029336,25.27281303658812,88.94625046596822,1,2,5.28155888647613
2024-01-02 14:07:00,17.522522315635506,-2.528836884350563,6.529363448324467,31.31107968122024,60.32304061030058,1,1,7.949232242157074
2024-01-02 14:08:00,112.56769674817576,0.3632361145006255,3.5183245619114327,-2.987031372716222,74.67621947368403,1,2,9.915106101632809
2024-01-02 14:09:00,110.117673348532,-1.0075566550570774,5.961630417747228,12.095902017572378,67.03469864274116,2,2,10.04124085946681
2024-01-02 14:10:00,106.49627282554589,-2.070349287972385,4.784045035376504,10.782840288093835,87.38854301747057,3,1,9.949255317934202
2024-01-02 14:11:00,75.05201401999122,2.094207079700838,1.8333773364203896,20.176187820630364,42.764867180928206,1,3,9.489714993336332
2024-01-02 14:12:00,96.9921853459534,0.1295970779467294,0.7406564181440061,0.1266275374509868,66.03802223090919,3,3,7.933605879359034
2024-01-02 14:13:00,8.28443242936499,2.5996584742744,9.119979826077603,37.00387345626757,29.85877344078432,2,1,8.374622810734444
2024-01-02 14:14:00,40.1746850268815,1.836099027618414,9.57906988855702,19.682962079522014,75.21686213595743,2,1,7.014722526365761
2024-01-02 14:15:00,37.64437497085875,1.1578307626420044,4.769071054375445,36.56887619277005,78.55742706821697,3,3,5.707729912739865
2024-01-02 14:16:00,76.2774386343136,-2.9698469798081284,-2.040517401522924,31.76234155577428,23.426985695119875,3,2,8.668316890165508
2024-01-02 14:17:00,42.71493281647686,-0.4330592601705003,1.7184874365668126,3.62374880418316,74.06327709023881,3,2,5.637758142054818
2024-01-02 14:18:00,17.820813797241698,-1.8150823100878064,2.448062351239105,0.9552555531830738,53.175212333262905,3,1,6.992775718515223
2024-01-02 14:19:00,71.57604904962524,2.464787466293206,6.369550786909924,33.75626080004177,29.927750088774587,1,2,7.981925942180053
2024-01-02 14:20:00,97.72607048028978,-1.9524960919418384,5.01665696983479,19.124510016289857,53.59260381587741,3,1,11.614336939147426
2024-01-02 14:21:00,45.85481933519678,-1.283639690044287,2.7222164414184267,-4.111576344594571,35.53863437564654,1,3,9.96464161112366
2024-01-02 14:22:00,15.872245811817804,0.1010206064069949,5.205468366807354,37.04020367977119,53.24476256986532,2,2,4.950316680711133
2024-01-02 14:23:00,23.602583677538767,-1.4198182860115245,-4.63914729899339,16.2862779726879,50.747122236682216,1,3,6.957990345435571
2024-01-02 14:24:00,28.49799662032608,-1.740811936325273,6.649529828265457,8.542133578857808,79.0713309548846,3,2,5.414699653559657
2024-01-02 14:25:00,35.98771115934434,0.5945959506165144,-1.8255164898958356,18.24690420267913,81.93724465330871,1,2,7.842198806114473
2024-01-02 14:26:00,77.13540846075709,-2.466422863469857,4.846137093417237,32.031327569536984,68.56229235076373,2,2,9.463662199217891
2024-01-02 14:27:00,72.11345814452628,-2.650993447674452,-3.2904012179448627,-0.036826923389432,21.814947374595803,3,1,10.923677968115438
2024-01-02 14:28:00,83.5295833880447,-0.7665282288835717,-3.283087461129478,11.151980645688962,94.48178232567952,2,3,7.262896343960786
2024-01-02 14:29:00,43.50023814378158,1.323986727047174,-4.46513534244947,9.349000296050129,74.89866240771582,2,1,7.442347935900225
2024-01-02 14:30:00,98.8797182255974,0.3288405496436879,8.653492152302677,32.784228401266645,22.735635993695105,3,1,10.452815728014158
2024-01-02 14:31:00,24.490519338691232,-0.4627411891993267,4.06838136537718,30.031027418974556,85.50663193712943,1,3,7.364180423601858
2024-01-02 14:32:00,56.28488970217848,0.3945093853474946,0.4294290434372243,13.004681555961945,36.02129237743969,2,3,9.100625489758803
2024-01-02 14:33:00,96.11264658497164,-0.8072910920803587,6.816666115289632,24.901973934905197,66.33769516568854,3,1,11.22153065499752
2024-01-02 14:34:00,21.61903772791431,2.616878012592677,4.391233009369982,12.75004670326518,57.33074959601497,2,1,5.169632571934189
2024-01-02 14:35:00,13.183573648893956,-2.670570654535354,4.3012077686941055,20.70912272423052,53.58710258840613,1,1,4.71361149204458
2024-01-02 14:36:00,106.04207612255875,1.0403488741790117,2.3056419154451016,39.604688258130366,91.1770976099518,2,3,8.6986283780872
2024-01-02 14:37:00,41.15155953110351,2.3476959889665032,-4.88109831997687,19.10085102560086,54.988903325009176,2,1,9.216246384882018
2024-01-02 14:38:00,82.06441498908384,1.82330825241152,-1.1230624036259025,39.4858629773728,26.027529405852057,2,3,7.137644916838047
2024-01-02 14:39:00,3.041832511672617,-1.89575379107132,-3.363849580998756,28.623959781913463,95.7310981771962,2,1,5.025768319426749
2024-01-02 14:40:00,82.80562660913395,-1.22444190611827,4.9361477852916416,0.4325030618412881,93.6428184991702,1,3,8.497091859004344
2024-01-02 14:41:00,37.93215738563647,1.3022876322426278,-1.270687673195034,30.8184775870156,74.7546151665279,3,1,5.854192859344416
2024-01-02 14:42:00,6.688902430493009,-2.494376644915407,1.7524999607681044,2.2578538661416827,57.431402250562,2,2,5.4848910791397
2024-01-02 14:43:00,73.17753138577405,1.871170198995504,0.3014544743482439,18.95478737739757,27.4287578354817,1,2,10.841690382685176
2024-01-02 14:44:00,28.89645792878079,1.3134416676287417,-2.8520189311195403,22.59603555095285,83.25984948619809,2,3,5.260985507592983
2024-01-02 14:45:00,46.4168690462256,1.377639895412056,9.375553493240789,35.15037048487121,26.03823315392232,2,3,7.092407224133392
2024-01-02 14:46:00,9.669697474381632,-2.3985517783944514,9.00128967440824,4.4690894615701655,25.48807879161165,2,2,4.443808064280819
2024-01-02 14:47:00,17.65959013139344,1.306563268897385,-3.730877209450392,34.41739325637382,62.99070739514945,1,3,6.330286341001448
2024-01-02 14:48:00,35.75726825950125,1.07890875131982,7.410480302919947,37.05221991812355,32.81025921477122,2,3,8.298531498679486
2024-01-02 14:49:00,10.771140067218855,1.9855349449311035,2.325605240745597,-0.973069193319426,20.61842138722792,2,2,7.254284476066571
2024-01-02 14:50:00,109.29915176235782,-2.750424262461183,6.606038268712769,34.83783031054101,53.8490744796629,3,1,10.78264472010631
2024-01-02 14:51:00,0.7256451820774101,-2.861335989193247,-2.732643036293496,6.663102187348615,30.977378528805275,1,3,8.52478279737131
2024-01-02 14:52:00,58.06322626371737,-0.7619574007286358,-3.0158879333368445,-1.3549572778038108,32.8412332224553,3,3,8.990731689482406
2024-01-02 14:53:00,14.789694975906173,-2.1072702969050825,8.361362513428062,38.13584601632459,26.152851098826773,3,1,8.818547179603799
2024-01-02 14:54:00,36.92149073735382,0.3503068654213317,8.467292377615912,12.64915692623159,36.4075002978888,3,1,5.805829746038284
2024-01-02 14:55:00,111.12714717819186,2.504093409040493,1.988682441304132,23.034257731163635,77.23873438195115,3,3,11.052089960769152
2024-01-02 14:56:00,19.403346392878426,-0.6511216179959058,8.05236696422347,19.879290390789183,84.71418457742331,2,3,4.939155041990965
2024-01-02 14:57:00,115.89987836619991,2.069702263635625,5.011884272554454,4.593186609692459,56.20269152234405,3,1,10.798363269081348
2024-01-02 14:58:00,24.695325238730604,-2.998554752892801,-2.22485386083512,25.13045776751793,60.524305270513416,1,3,6.7334961097041965
2024-01-02 14:59:00,88.98793301601955,-1.9889121392448947,-0.065686029767769,-2.924825494673077,22.61240276753621,2,1,12.156124992739691
2024-01-02 15:00:00,65.6012717876774,-2.8174587620754865,-2.9590902423699514,4.1392716840397,25.545300909705347,3,1,8.503185775334824
2024-01-02 15:01:00,106.1374473116111,-1.0311169169095882,6.609230033963996,37.509868792027504,40.60541805196135,3,3,12.21516445371039
2024-01-02 15:02:00,66.4791906603757,2.4491375741790167,9.778760870436246,37.9078386065845,63.5118736570518,1,3,10.01792339829211
2024-01-02 15:03:00,64.14710629875704,-2.4182872584060737,3.1956748984901733,16.719483631605407,79.16409189879943,1,1,7.191528502965571
2024-01-02 15:04:00,23.454960044207983,0.6384586604628022,4.837966211723391,2.6082282511200363,68.40024490704265,3,3,5.305062445408107
2024-01-02 15:05:00,19.94752344619905,-0.2910243652833348,6.19138852200455,13.9729027465729,51.37022839894306,3,1,6.442487318233518
2024-01-02 15:06:00,109.97869813386173,2.630809274194875,-1.6361134635426438,34.468187498135464,29.465925840251053,3,2,10.422088573310688
2024-01-02 15:07:00,39.34058386200409,-2.2648851447774367,0.0400187145015129,-1.837667550378137,82.46185879097516,3,2,8.431364596305082
2024-01-02 15:08:00,44.64987059554751,-1.7278328969866263,1.1848181698635205,0.754085972358113,49.10288412792457,3,1,5.9047284596112215
2024-01-02 15:09:00,91.1788390114066,-2.8227481883310404,3.918824682182082,35.304378063522734,78.88432115862317,1,1,8.780877184180447
2024-01-02 15:10:00,40.65881789073688,-0.3963885022117575,7.757388672231634,13.692253031173529,61.03830735314735,1,3,7.585283195581519
2024-01-02 15:11:00,114.24749359668031,-1.3330026026120745,-1.186946831151408,-1.244362768593069,79.09296428494602,2,1,13.535676797823148
2024-01-02 15:12:00,88.55133227985604,2.2194356033419256,2.0633320109168345,1.264408472829171,92.58316491620576,2,1,7.5450973039305
2024-01-02 15:13:00,71.69150910881041,0.6296448791865306,6.273008668070675,34.71016800823571,93.68236128430416,1,3,8.713884508952745
2024-01-02 15:14:00,105.70741926537028,0.6845444278542101,-3.689225007430635,17.054651723103024,62.80854240004828,2,3,11.917137326341049
2024-01-02 15:15:00,5.95270900193793,0.1914641812878148,2.693401874892677,2.334743853756001,60.9206691812511,3,2,5.9569108537750886
2024-01-02 15:16:00,30.84752306270505,-2.448897976624794,-2.8343044495141245,35.23268897176519,41.25427724022698,2,1,7.292274808374429
2024-01-02 15:17:00,55.80436010650919,-0.3298878976478683,3.08723345091024,33.03755001304408,94.86398652234332,3,1,8.182747538502618
2024-01-02 15:18:00,27.23742473658252,2.9970311382510992,6.517341419731553,-3.963949214526321,56.63353337596967,3,2,6.523812852333475
2024-01-02 15:19:00,89.26862247625823,2.011375745076089,-1.445788834325903,21.14455484872624,30.207299142990173,2,1,11.42040182481922
2024-01-02 15:20:00,110.30496372644704,2.360754325002695,7.742176682270573,5.995149267131849,54.61639317012399,2,3,13.160517471691238
2024-01-02 15:21:00,50.85241439171081,1.9393581554789967,0.0220616512262505,18.991111539125395,30.16426001904032,3,1,10.031758546057532
2024-01-02 15:22:00,41.0559120134274,-2.381749839414104,-2.138227046633448,7.567074949239879,60.20253474056601,1,3,9.473437070439296
2024-01-02 15:23:00,115.38608785650796,-1.6353104756112022,1.979850926062781,9.214432640138698,64.90204118849698,2,1,11.492667089356033
2024-01-02 15:24:00,53.3822919393049,-2.9812700918615422,8.14112623157808,22.08336395946612,47.02046091948682,2,2,9.0193601798567
2024-01-02 15:25:00,58.68580805391399,-1.1789392507313312,-3.966004082388456,19.24866299954773,25.73204913851877,1,3,10.831662823286075
2024-01-02 15:26:00,42.19798468102864,-2.3483555859210448,-0.08642800675032,12.783657900136326,95.48028285065912,2,3,7.619403719157429
2024-01-02 15:27:00,109.1458167614566,-0.1632399281905021,4.797447534536698,-0.1594412676942997,81.86824907867437,3,2,12.32165994035963
2024-01-02 15:28:00,68.27465799382209,1.0627649314434118,0.3637130304337823,38.62407543608271,87.11048644040969,1,3,8.718571078992323
2024-01-02 15:29:00,91.46095046179737,2.247031770228462,-3.9376400790107664,2.857249771152305,49.34947154289836,1,2,10.531115610513432
2024-01-02 15:30:00,97.41680620210636,1.4953029905453894,-0.0200154682928941,23.490276023037545,80.86648240155604,3,1,10.596918774735252
2024-01-02 15:31:00,41.02188503007098,2.6315135746710308,7.314390792047954,-1.2764856783170977,58.82983161353554,3,2,9.008992837119091
2024-01-02 15:32:00,52.043319758445605,-2.6766102576372672,9.520562837575389,25.97407746455284,36.08667907248368,3,1,10.050418491217226
2024-01-02 15:33:00,101.81661292875177,-2.926920987500752,-4.403312039034224,-0.7322097477243759,29.95387015257706,1,3,8.838192822759222
2024-01-02 15:34:00,43.59064220109723,0.968028683017276,3.5392572645260394,5.327875367769179,47.60406954576455,3,3,10.467851560674829
2024-01-02 15:35:00,95.27221601422217,-1.2638855386665226,-3.420448504597279,24.114333972011703,31.00416891801117,2,2,8.359661047293153
2024-01-02 15:36:00,112.91907870893245,-1.4789939033653612,5.205947937340088,7.732083637495906,99.86151809632548,2,1,10.748178644972985
2024-01-02 15:37:00,74.78524476816084,-1.0146774738372344,-4.881616609879236,18.97828668165656,23.935119218561766,3,2,11.441884899298888
2024-01-02 15:38:00,88.99527449422666,-1.381223652645815,-4.778875614389401,0.602742700183418,55.29148794952612,2,3,11.32599330602986
2024-01-02 15:39:00,96.6116774449362,0.0686184378095235,6.653197396458609,4.1080242669791325,56.16748179123073,2,3,11.49105683316966
2024-01-02 15:40:00,101.4047578675971,-0.3591093166552053,-3.8834701595405328,28.01991587145774,44.050554286534044,1,1,10.849729972784266
2024-01-02 15:41:00,47.40640054281552,0.0745713082599381,-0.422274885694037,-3.4187512872995245,65.70812525655563,3,1,5.633999334986125
2024-01-02 15:42:00,6.151615101119781,1.0362816690026175,9.370606361557464,0.0310094435673233,31.998161932123573,2,3,7.357125930979188
2024-01-02 15:43:00,48.22515254840874,-0.6772169461731101,9.778706761712067,4.673020837478783,82.7129904469787,3,3,8.979496353991065
2024-01-02 15:44:00,80.85074757409078,-1.4921538771470593,-2.5789570717089982,-4.091424840307354,46.595817459811066,3,1,9.857432176028537
2024-01-02 15:45:00,54.04204629369514,-2.002796779147527,3.413528821537753,-0.7079585672216613,67.30740718389134,2,2,7.936210607042485
2024-01-02 15:46:00,89.87557810324783,-0.9031552828042466,3.3872324273544976,7.662616493630344,77.25113888535674,2,2,10.72658442603124
2024-01-02 15:47:00,42.83789153623967,1.450838851477032,1.7857103579892,-0.8187146787585942,91.12336941521288,1,1,6.42020250829372
2024-01-02 15:48:00,76.16929693248355,1.540229460668817,8.870502373959935,33.97537435134399,86.862994916176,1,1,9.490839726115455
2024-01-02 15:49:00,22.37037658247695,1.0014323201052615,6.310508636862405,-2.0266794269980286,68.66472224828476,1,1,6.170755294819044
2024-01-02 15:50:00,89.92433239739483,-1.5958309481587525,6.467904035229157,33.74426646302078,51.07145443071096,2,3,10.207322391625254
2024-01-02 15:51:00,65.4835162575631,0.5285174751281865,-0.9564585234598528,32.02870387271198,60.25637360599711,1,2,7.25031812815855
2024-01-02 15:52:00,24.48772662559207,0.4241379694610878,1.514796583024581,-0.4657282446475772,81.4987834703042,3,1,8.221399367316797
2024-01-02 15:53:00,35.02934081973687,-0.0944028113416468,2.311355477131796,-3.866390857763984,90.20364340475784,1,2,5.735103457397583
2024-01-02 15:54:00,89.83304502981989,0.2998739183031853,-0.5163193819337524,-2.750359329710874,28.30255425413375,1,3,10.86068529973195
2024-01-02 15:55:00,57.912148279382485,-0.0492562042579916,-3.5777333725691296,21.567012905819062,50.78850099944428,1,3,8.09422126745719
2024-01-02 15:56:00,25.923772847168664,0.3927381964446494,-3.1046116254167604,25.165913101985858,82.08932787308004,3,1,7.794292310090896
2024-01-02 15:57:00,116.07254284443572,1.2930357277267728,-2.289933077286173,22.929402606080405,54.53214100751688,3,1,8.390892425845099
2024-01-02 15:58:00,85.81500237802655,-2.342230833579362,-1.9451999845257744,19.36645833963541,46.578221125302704,2,1,11.86802169930436
2024-01-02 15:59:00,114.85617990477552,1.497754512894142,-1.3660728618418387,2.8607840783270087,52.90581574586157,1,1,12.669487526318674
2024-01-02 16:00:00,51.25260544324119,-2.1846830992344346,-1.168099565547584,32.842925258587215,68.22757974290806,3,2,7.947155202663314
2024-01-02 16:01:00,57.012040883006456,-2.600232009537752,1.8357451823130384,9.739972136211186,99.98441153070412,3,1,6.8304241055073724
2024-01-02 16:02:00,107.7546259422023,2.8564781173288054,2.643597862390619,39.37801882507984,59.43939432836254,3,2,11.995184896783574
2024-01-02 16:03:00,63.00592082944616,2.7419506132226488,-0.3668118781046612,12.318600905238572,36.67955799634085,2,3,9.413492336706687
2024-01-02 16:04:00,84.87346942868005,-2.6373807303566155,8.609446298810923,6.835217978846444,33.02772602232758,2,3,10.685147235323306
2024-01-02 16:05:00,30.2607452994636,-0.3404793511502273,3.297095850084318,35.24128662017819,23.387979798113143,2,2,9.099517535617784
2024-01-02 16:06:00,53.60717624431687,-1.882530370201352,6.8121539205011015,20.533637343596496,64.70537879346571,1,2,8.331727880297871
2024-01-02 16:07:00,14.813983897242611,-0.0879306171934914,8.86356748631265,27.483269807863287,63.56576731910674,3,1,4.402360985264683
2024-01-02 16:08:00,24.7176043052354,1.981063457997524,-2.552973281362922,13.377945249726016,36.41871414242473,2,1,6.839437669814896
2024-01-02 16:09:00,0.1132098321157304,2.703670648457342,1.4181172557345176,34.91119776746156,75.62635251620536,2,1,4.571961789552185
2024-01-02 16:10:00,4.711806197839228,0.8055159207092242,1.4981560257191315,36.29763458429473,79.28856333037446,3,3,6.937721222169732
2024-01-02 16:11:00,117.27405878123152,-0.8765659967290977,0.3170837565753128,14.654601900261165,40.7278564305689,3,2,13.442560687129964
2024-01-02 16:12:00,29.08244341641148,0.6199533938675903,-4.866412001725401,5.832572591594223,47.52798112237892,1,2,8.954684820160072
2024-01-02 16:13:00,79.59728514048024,-1.127992163349298,7.239581616671426,24.14521229950696,99.23773378778051,1,2,7.865359979833926
2024-01-02 16:14:00,100.6919638559534,2.4589418449923617,-3.326610176691458,37.9562950219232,49.94115742805874,1,2,10.65045342760527
2024-01-02 16:15:00,66.07925510838771,2.222402778635022,9.932208968826384,23.01009068078236,80.86413374048814,2,1,8.408680647364713
2024-01-02 16:16:00,18.377340010074743,0.3493905016779659,6.594377378667724,37.940009728348144,56.2180341303952,2,1,6.269024458573788
2024-01-02 16:17:00,87.37397248033997,-1.0512065077178367,3.700150264097717,10.471358423767656,83.46758622887808,3,2,8.914164534372198
2024-01-02 16:18:00,72.03016921194997,-1.23966194650213,-2.6809037338760384,36.178558185994376,81.52185910261183,1,1,7.0584555892834855
2024-01-02 16:19:00,87.750070721685,-2.7994920317696432,2.7308945708987054,0.0655074587467314,73.42048201588284,3,3,10.408834109752789
2024-01-02 16:20:00,92.36959474285048,1.894925106151772,-1.0833688871328668,11.147548852195698,88.38226770364633,1,1,8.81630052378818
2024-01-02 16:21:00,117.0492441221694,-0.2977007217659522,-1.2151621318539578,17.251205552074488,95.1374795902148,1,3,10.0670417696262
2024-01-02 16:22:00,68.8275936032052,-1.0492024295984137,7.442938740737281,24.389965221353137,66.39866563616671,1,3,8.433154518256577
2024-01-02 16:23:00,40.99693352287222,-0.1733378700134764,0.7096663593915196,8.236266022692691,38.997512577819656,1,2,7.91033007315041
2024-01-02 16:24:00,77.81574682802845,1.912427942727912,1.760857050862061,36.5907685195178,51.890316931526,3,2,8.981753999514005
2024-01-02 16:25:00,8.212885109115135,-2.252314753754873,7.644471066701774,35.657329413737195,80.66445708106346,3,1,6.1623497904910645
2024-01-02 16:26:00,107.68767819859036,2.145935929450964,-3.6831406142173617,30.970147583450306,72.07067880990957,2,2,8.448365078771282
2024-01-02 16:27:00,14.325721360583614,2.3850530106501235,3.919267796365743,0.1463136246279468,34.2238670852199,1,3,6.164018116605741
2024-01-02 16:28:00,39.34114054629819,2.680247490203329,3.673235220595567,-1.4769071987771856,24.099163291713975,3,3,9.682333419805266
2024-01-02 16:29:00,97.88944567513452,-0.6150720454642333,1.3782185390001285,17.41591548037038,74.63692748336518,1,1,8.671266432788265
2024-01-02 16:30:00,71.67748539968542,-1.6971575757739688,7.446619621361394,29.440469006316263,40.08632192234763,1,3,11.089740559213134
2024-01-02 16:31:00,47.23626243329305,-0.7581550891998088,9.14335092003539,0.545615181006756,59.97361949832428,2,2,4.820561821610454
2024-01-02 16:32:00,56.81227912500257,-1.0025274226115803,1.9800379287041616,23.86468601212084,79.73974180100754,2,1,8.032368289033284
2024-01-02 16:33:00,102.54568718426164,-1.94307652498284,1.8422057649759955,18.753492599603813,65.01334245250665,3,1,8.55196745265975
2024-01-02 16:34:00,40.80052632718706,0.6436000206089276,2.530955945061171,27.669523888046758,26.66420664894371,3,1,7.2875841498356255
2024-01-02 16:35:00,104.35796217746056,-0.1402550369482265,5.846860462495924,14.591885177482055,34.84641894268443,2,2,11.855581398148432
2024-01-02 16:36:00,10.57613171720298,2.1942059539440217,5.020904360484435,26.198346874900405,37.546254722473535,3,3,6.787737372408292
2024-01-02 16:37:00,93.21581246503568,-2.8073425171076503,-1.657475761896694,2.182390216782874,40.62914029158759,3,2,10.35955491986923
2024-01-02 16:38:00,101.70571596656836,0.8632075653307583,-4.041569771009851,4.656742295423298,65.23227135604034,2,1,9.012582952367374
2024-01-02 16:39:00,21.81811834048065,1.577693271069367,9.23881194725184,35.650032871630195,60.31726238603148,1,3,5.877717386371857
2024-01-02 16:40:00,51.64158388466405,1.5569194151298422,-1.083953603994436,9.821878388385535,36.25280306913672,1,1,8.022733634432656
2024-01-02 16:41:00,19.859972959638675,2.31644380257315,4.578950270358876,39.34776166764478,25.404387476454964,2,2,10.193440207864588
2024-01-02 16:42:00,84.79249547930613,1.3742024569769642,7.426570041155836,-2.920793105745805,33.71457635797745,1,1,9.74384427376419
2024-01-02 16:43:00,64.24173216739881,2.566860369886178,-0.4958487417922059,17.314411672880816,98.75050500948826,1,2,5.795863356563294
2024-01-02 16:44:00,76.23880160499853,-1.0040604010746512,4.531501204853932,9.62442240008587,57.48375598331778,2,1,9.545418224614552
2024-01-02 16:45:00,23.578436034745337,0.0192565005092584,-3.3814963827616262,39.81842666729151,89.387640376169,3,1,4.876059493609812
2024-01-02 16:46:00,25.409503446290344,-2.915522020302656,9.54897166563491,39.5515640364079,87.90019733350746,2,1,8.359414444317771
2024-01-02 16:47:00,4.979679061188764,-2.9582544761802527,-4.127625874240612,5.585948133381946,60.9215645970299,2,2,5.25820527649662
2024-01-02 16:48:00,38.648104223487564,-1.5592402772908809,1.5726201076146449,7.026559585696118,76.53501667684348,1,2,4.83241636010836
2024-01-02 16:49:00,67.169359360041,-2.395156817165488,3.0522886309003496,28.73524984226711,35.42016083301698,2,2,9.202521427043845
2024-01-02 16:50:00,102.95218967967944,-1.4387317923854783,6.857226679950459,35.03534941274309,75.07173639415267,1,2,11.280966169954896
2024-01-02 16:51:00,80.03129369504168,-1.937740232829616,-3.1830722439136814,24.86636445347133,41.79076634106316,2,2,9.128898052200547
2024-01-02 16:52:00,52.24755880797017,-2.828879850968111,1.6121196078276483,33.91190297776134,86.56496774033207,3,3,6.443294447508039
2024-01-02 16:53:00,114.37441372729654,2.455824878436296,-0.5043264568482151,-2.151839507192234,26.69793064871279,1,1,12.635307831455728
2024-01-02 16:54:00,86.30942406909982,-2.95066121166665,-0.3198392645998993,23.82378166284671,81.85109383082221,2,2,8.313641958856204
2024-01-02 16:55:00,111.619824343506,1.4164928660225122,6.681818740978763,26.50769001268133,27.994952525489563,1,3,12.942320027156732
2024-01-02 16:56:00,63.31055679265988,-2.087112678482901,-4.918085824522503,3.564357837912061,90.49513895154472,2,3,8.448653315628398
2024-01-02 16:57:00,31.068512975176752,2.4733777319976,6.236254620039494,30.00865941960725,44.3363614508003,2,1,6.705081786452619
2024-01-02 16:58:00,6.339202363766638,2.3567756375393145,7.155976451846593,37.49193263656102,72.35146918644598,2,1,5.40257683640603
2024-01-02 16:59:00,87.13018217806206,0.9234068782155438,8.520433657631035,35.40849215251296,59.00018228962239,1,1,10.334510468760316
2024-01-02 17:00:00,14.556359760664094,1.0334048988036306,4.403227048457252,6.023533806100254,49.30425162098712,1,2,7.2819157793477
2024-01-02 17:01:00,36.333015392636064,-2.967965148181869,0.0018299240836183,9.579668708748375,71.63534665467972,3,1,6.230066301468179
2024-01-02 17:02:00,63.89650894606768,2.909229396681612,1.40852098823306,17.48251160258108,95.80183844409903,3,1,7.967341484394185
2024-01-02 17:03:00,67.72999053356972,2.2669956214548863,9.546041234311438,2.126253292625635,23.30157978996975,3,1,8.54494237614603
2024-01-02 17:04:00,72.06998363845632,2.370637354380552,8.217802396537783,37.9278923402324,93.50822847064836,3,3,10.40008934249081
2024-01-02 17:05:00,19.95063964196408,0.9554672223052316,1.9528886364916307,2.27184833698724,68.72653240168108,2,2,5.080410586902677
2024-01-02 17:06:00,45.56848857859785,-0.9312784280727806,9.145945106663836,29.264033109565112,84.58514406152419,1,1,6.924262790808084
2024-01-02 17:07:00,74.063307254036,2.361891894542885,7.344323131096884,10.364266802691787,50.70999627474221,2,3,7.910864153022075
2024-01-02 17:08:00,116.37826375605415,-1.250898431092846,8.516347924896921,20.81743589634685,57.7474379870091,1,2,11.28438399882391
2024-01-02 17:09:00,87.31573652396264,0.3762692600532169,5.244658518638815,-2.877177902253729,89.50806014409312,1,1,9.940903033591953
2024-01-02 17:10:00,110.71245085127494,-2.4016141659367056,7.864810651929925,4.225533589179575,53.187837584785846,2,3,12.110009726199628
2024-01-02 17:11:00,91.46544699770124,2.531733780796501,8.376492120014886,14.997605724454557,62.7727653399268,2,2,9.814933351267683
2024-01-02 17:12:00,71.00603626708805,-2.15537725337272,-3.619751231889929,25.47360477582263,21.615593846746638,1,1,8.200537273688479
2024-01-02 17:13:00,23.042804296361343,-1.6506191656175564,9.47825464990988,29.990286679489586,32.68784046704339,3,1,8.291288918150462
2024-01-02 17:14:00,80.00227822710157,0.3488049487692901,0.0041964814609496,-3.643676700651397,71.33492063798398,3,3,9.455218927728842
2024-01-02 17:15:00,74.80554791518885,1.5845580012778893,1.5984926437503315,1.862059723545534,77.35815208511016,1,1,8.2084136346227
2024-01-02 17:16:00,72.29630045487197,0.7161078356177937,6.87855638789223,27.840628241016415,66.60807494275996,2,3,7.396636630488031
2024-01-02 17:17:00,58.77430415858889,-1.607196523199063,4.973444583587465,31.58749416154073,31.46480290204885,2,3,6.188393983265516
2024-01-02 17:18:00,63.43879247871308,-2.994341744835058,8.39589868654086,5.645718727860375,55.63243428622678,1,3,9.49660017975731
2024-01-02 17:19:00,40.13310325417249,1.5429034818446352,1.0086062616515823,5.334387115273627,48.40758130905519,2,2,9.21887502982282
2024-01-02 17:20:00,62.317523117076384,2.9112439554665626,0.5993224551423788,-1.0386752237075352,59.65290752280707,1,3,8.228263385775374
2024-01-02 17:21:00,23.70670868141739,1.8594787218365427,-4.524667256880205,1.763228901865304,89.62632276432754,1,2,8.085509529012091
2024-01-02 17:22:00,96.6209276832452,-0.2387602910603079,1.9408806500448712,-4.639284865298922,82.06891509269215,1,1,8.223003802882076
2024-01-02 17:23:00,22.293234563844937,2.4226035683946394,5.861061554936631,21.542405790005247,26.71916011113272,2,2,6.242686785449518
2024-01-02 17:24:00,10.195954786735973,-0.5409139612898999,-0.4823192356067594,35.67511048402443,91.22473582196514,3,3,4.45986552837625
2024-01-02 17:25:00,52.34952316285889,0.1496045054608052,1.9408977051076215,1.7309244792180485,57.74137209198589,1,1,6.70952215304013
2024-01-02 17:26:00,78.99689274072742,-0.1372213956259003,-1.7090334727208294,28.81496485484696,79.50897159087987,2,3,8.211501140656146
2024-01-02 17:27:00,52.526018992024966,-0.3142567640068501,6.59181708807191,20.814640884512347,31.20313850114817,3,3,9.440951719095883
2024-01-02 17:28:00,33.21049583415703,1.6511446157634344,-4.092326579882793,37.29648516759275,73.65756205656385,1,1,5.031338564274842
2024-01-02 17:29:00,66.98054206685289,0.1606134436169517,5.580745825007474,30.91551351116161,38.90608140875664,3,3,7.192180221430714
2024-01-02 17:30:00,41.64028024946399,-1.0996972678487036,0.684100176174752,33.37280602416079,55.070471771274526,2,2,6.893629240112508
2024-01-02 17:31:00,111.94412281519595,-1.45105099404913,-4.376058959193188,23.761396856765504,21.34902960656835,3,1,9.408919223758634
2024-01-02 17:32:00,110.71741675242863,-2.7735160981954,7.802043809376787,31.510125379114143,32.128851034438085,3,1,11.013970725908134
2024-01-02 17:33:00,60.28461839665145,0.4991709712982759,2.315827947717477,10.78912765659374,27.366439449889583,2,1,8.662838451212053
2024-01-02 17:34:00,39.34607928219102,-1.6202315075937948,3.9897845442419353,4.405791767674888,39.179533835060674,1,3,6.130136394813912
2024-01-02 17:35:00,88.4558896747967,-2.111196467901701,5.980460372866853,36.063398705483394,28.00144720194578,2,3,11.9457306414655
2024-01-02 17:36:00,4.405553217967997,0.922979782966066,4.82611649501783,28.045114513258923,75.35280212956495,2,1,5.108915030494537
2024-01-02 17:37:00,56.97228072523815,1.0872555469292928,5.962853062219175,-0.9183696377859416,22.32319217673755,1,2,9.459884624008543
2024-01-02 17:38:00,40.35880731244002,1.5129293535459958,6.434225268667866,34.010928748815424,69.41924004999984,1,3,8.941393970862942
2024-01-02 17:39:00,110.46430621230655,0.0214613780315486,3.837272958469164,10.700677299031266,31.25662646604594,2,3,12.986817667458922
2024-01-02 17:40:00,1.4403632727219051,2.3643276312233192,0.4845674636163508,8.422500574379958,95.61291657423176,1,3,3.495398486617921
2024-01-02 17:41:00,66.33778508620189,2.6180565203893664,-1.3528677542548606,23.049110527887454,94.64752584878836,1,2,7.81754900734866
2024-01-02 17:42:00,88.87962972799512,1.8442256387549367,8.543548549791808,20.58693862479086,38.04024820167701,2,3,9.76621242205588
2024-01-02 17:43:00,58.20215850288495,0.8135608920491233,9.548872669573305,19.22155245244697,69.15370385784236,2,3,8.946733657556289
2024-01-02 17:44:00,10.2483636195266,-1.177674278452868,0.3649413264731329,6.469473253091211,22.24042555779668,2,2,6.642935218476396
2024-01-02 17:45:00,116.69536680334826,2.897669529721327,-3.3153390639154967,38.18981880652989,94.54308344409392,2,2,8.69937819051201
2024-01-02 17:46:00,62.16125176513175,-1.35518299684837,-1.661940093253531,37.75544157232899,61.83898465533677,3,3,8.66795725729248
2024-01-02 17:47:00,73.70234931828136,-1.7840584680574136,5.060010189807844,-4.812701453487508,23.45785211342232,3,1,10.202984769940024
2024-01-02 17:48:00,28.39317392490088,-0.3470753172805034,-2.4059994506250386,10.202243312546882,47.39999944065099,1,1,7.669177363566147
2024-01-02 17:49:00,58.01977021281645,-2.658956575725669,6.701834095914823,-2.9503101172078976,26.147956948898734,3,2,7.958188544771922
2024-01-02 17:50:00,51.49793903499862,2.870966788030745,8.845453598120704,33.26119448394584,51.43555514986879,3,3,9.995385531975586
2024-01-02 17:51:00,8.987501040238048,0.5306013384985491,9.454772726182709,34.89332072334776,73.59410737290585,3,2,7.211201116094338
2024-01-02 17:52:00,12.739242425696066,0.3417125499850515,-4.86011741037664,18.323422765880974,57.59119264331517,1,2,5.123434176048549
2024-01-02 17:53:00,100.49670235425296,0.9347776793983192,9.37231247431625,32.785511550732195,50.69777397755636,3,1,12.852283539675453
2024-01-02 17:54:00,28.77839426479083,-0.0178581133367599,6.102916286944266,26.651214213420637,29.532563643237182,2,2,7.728789442136841
2024-01-02 17:55:00,23.394992579835662,-2.8076188974327505,-3.739246516042966,17.480827431779087,39.59512365549251,2,2,9.358331894324609
2024-01-02 17:56:00,60.58937415001671,0.6738677330423806,1.2286070316808964,11.371512954506231,28.01146301906809,1,3,7.120740933569596
2024-01-02 17:57:00,92.24965576350156,1.297043261738584,5.500682118692636,6.980126139695191,84.59989853253286,1,3,11.06046584478305
2024-01-02 17:58:00,7.43358222947855,-0.4995056362556811,9.35028238991574,6.674311184037338,30.819186238777803,1,2,6.115528805520173
2024-01-02 17:59:00,69.2169503565907,1.543773432427157,-2.5378790958291115,20.292897290691613,67.62986932391148,3,2,8.32223730724655
2024-01-02 18:00:00,14.305253140868803,-1.6379922039694763,-3.08400077109569,2.5063971920655552,47.41923308710767,1,3,6.02353358455543
2024-01-02 18:01:00,4.375326099074215,-1.6723404536028958,2.085205798928178,2.8656344277830144,38.07827077241468,1,1,6.028428183549445
2024-01-02 18:02:00,6.329274259466087,-2.0314980738745563,9.52148340607734,-4.532299685283576,71.1574751593683,1,3,6.605667763539906
2024-01-02 18:03:00,100.09969298501296,-0.7680314412650286,9.570688228870155,22.59976268016057,56.56018475015525,2,3,11.731782911675962
2024-01-02 18:04:00,14.156698035367388,2.082072212334501,-1.5812788842063603,39.745488354702346,52.01163738276473,1,3,6.638206117622104
2024-01-02 18:05:00,5.418163729475034,1.9674723728943864,-0.2097927804281401,35.014871894256565,67.42816039137773,2,3,5.732688596285732
2024-01-02 18:06:00,52.54798645714948,-0.7030547522189772,8.620479784669817,26.75604119921956,59.301410279200056,2,3,8.258102152852029
2024-01-02 18:07:00,101.27921663304298,0.5347124158814194,6.022622362780963,30.348638399495783,44.27873668412487,1,1,12.13623732569097
2024-01-02 18:08:00,31.489005178716237,1.3248978988494935,9.584746429864271,13.75837223186857,64.72490302122013,1,3,7.242429461984817
2024-01-02 18:09:00,50.60551410310997,-1.552759352231862,8.397225445233316,8.413579971223099,73.55988612405557,3,3,7.128540874714332
2024-01-02 18:10:00,4.790703907650147,-1.991153484631517,-1.7735592452938498,11.58827268481076,22.13545268694834,1,1,8.16711029237433
2024-01-02 18:11:00,53.8894216961851,2.832575959273866,6.39590289119025,-1.3360063221478224,57.26973831261403,1,2,7.236289421370132
2024-01-02 18:12:00,69.31356967645604,0.7053438792577111,-4.271521526598251,23.52078391133346,24.6146627666835,1,1,10.181782925425884
2024-01-02 18:13:00,68.50884645025738,2.888494331001983,7.267491681122109,2.868925999570324,34.912433125448885,1,3,9.480417785245251
2024-01-02 18:14:00,39.89120306092382,-0.9734640772066254,4.023351436669122,29.32951950220173,64.84069872623785,1,2,8.32579608886985
2024-01-02 18:15:00,37.86398167957626,1.2181901998447895,9.341514439546923,3.548940801871572,89.29511322124645,1,1,7.40629210944547
2024-01-02 18:16:00,12.794834272391746,-1.6643781807525737,9.400486832036176,5.265581137030145,90.62445433507878,3,2,7.276492709371856
2024-01-02 18:17:00,44.01579847755221,-1.4327989723565224,-4.237773364634671,38.07875377192756,25.595520811090505,3,1,6.238076499656421
2024-01-02 18:18:00,11.93936026475576,0.0714127276177438,-2.5921777166634823,-0.2571839589322602,53.52840690293653,1,1,5.576910075768205
2024-01-02 18:19:00,91.9915133654462,-1.0822912469515726,2.263105709780373,17.447914266071344,66.64051864036409,3,2,9.723804682072569
2024-01-02 18:20:00,115.9529157297823,-1.9942706169564928,8.192402874192238,-2.1791071669281257,31.765592364027476,2,2,11.390865147230905
2024-01-02 18:21:00,116.40893480000484,-1.422715788064044,7.216677134440845,-0.9324053563007144,81.23457733958173,3,2,13.224923277570063
2024-01-02 18:22:00,103.80853192504726,-2.7855096332048124,9.46555039527668,23.507516296229213,79.5388206749791,2,2,12.305549541110876
2024-01-02 18:23:00,72.0950579207543,1.2265417288649196,4.271261756670112,23.382726837636348,92.26728109654356,1,3,5.904457067617708
2024-01-02 18:24:00,84.10388366926558,-0.0473000574848301,-1.151547206575691,3.690412659587162,20.678880966675443,2,1,9.348352483924613
2024-01-02 18:25:00,34.22469632164969,-2.434541601572846,-4.62340040742234,34.26189318662767,37.33473951912021,1,3,6.337997911405433
2024-01-02 18:26:00,75.69245042071448,-1.9698360412290528,-1.656102639191766,26.59841480573398,86.17493713962574,3,1,8.613331053478106
2024-01-02 18:27:00,54.67794593278529,-2.384792771324136,5.12909796930437,8.527476229202406,73.64640406615483,2,3,7.32951917700527
2024-01-02 18:28:00,57.8420807732319,0.6755568496552589,8.894122350145198,6.177395110401768,91.55118829587926,2,3,9.239370358877872
2024-01-02 18:29:00,90.93318724501896,-2.434737818325037,-0.1864449903760281,28.94283639088729,24.57437236242132,2,1,11.77159165134604
2024-01-02 18:30:00,33.8302026716702,1.5256939982112965,8.135564954339431,28.01307658596717,67.75711725731543,1,3,7.248379421633426
2024-01-02 18:31:00,38.16475340334239,-2.876934484077653,0.923473725117347,1.697436018914697,65.52372599149393,1,2,7.199360397214879
2024-01-02 18:32:00,110.9570149354364,-1.5037452720246474,-0.375931259471745,10.713453190162074,22.85395330884259,3,2,12.01468840819394
2024-01-02 18:33:00,6.746915382116669,2.344000055351443,2.6326636420872718,4.750476099629831,61.08176615299868,3,3,4.7012140722134825
2024-01-02 18:34:00,58.276115809600846,1.3111879087334763,1.634102386144228,8.236488823864292,68.76162490479393,1,3,8.482870500123147
2024-01-02 18:35:00,109.5360960489434,-2.562190002445874,8.706998027755272,7.940378312269251,35.30345393616858,3,1,11.42574307795742
2024-01-02 18:36:00,73.24356093817885,1.9267566269110787,2.023854211121898,38.92106649834837,41.86636664997303,2,1,11.59583462959766
2024-01-02 18:37:00,65.56884890545585,-0.0417892707587714,-0.8399691916538679,28.759511789975583,71.22778770381896,2,3,10.144894810403546
2024-01-02 18:38:00,29.969301507522623,2.0806981630129755,7.638483662528554,30.10234220211438,57.46407580799666,2,1,7.545386544927842
2024-01-02 18:39:00,41.1930586877338,0.6044386467023601,9.9812426748935,7.484042436952953,88.64109260546614,3,2,6.428580342613187
2024-01-02 18:40:00,102.24580989656316,1.0909981921971523,4.722571287719859,-4.97628117291342,47.39054128073506,2,2,9.956297507774767
2024-01-02 18:41:00,67.10617581221497,2.9610093623742486,-1.2430794659546205,-2.3829347785104726,41.33277267105609,2,2,9.009368597813143
2024-01-02 18:42:00,61.76906325081359,-1.605986724455891,-1.4177738448023107,19.884989499555807,98.78927522758742,1,1,9.661016153189008
2024-01-02 18:43:00,11.949565624803473,0.7436734485683303,-4.134399556771103,7.84665125042739,92.89086161040667,1,1,7.420326192948454
2024-01-02 18:44:00,1.9233787746147744,-0.2380716596556098,-3.840604422288727,3.682957029168477,22.31941959991839,3,1,5.525782824393981
2024-01-02 18:45:00,115.64222264244589,-2.763288282463852,8.724746427741437,-2.7661585272656577,81.65828922452528,1,1,9.913353785501684
2024-01-02 18:46:00,45.238340074421,-2.91317615098281,-3.5526933942567416,34.4146782743382,28.82678190601624,3,3,8.952513243728976
2024-01-02 18:47:00,72.38556745194052,-2.284628533092848,2.265157724151682,22.005730617608915,22.198815586349674,3,3,11.661824703336826
2024-01-02 18:48:00,9.5658087824742,0.8945504432312887,5.471826695397674,-0.1682053498284208,41.89564127730791,1,3,8.809774698287296
2024-01-02 18:49:00,81.97371428676558,0.4029785274803532,7.755321741604046,29.488180724346712,41.54767032488834,1,3,8.499831556053842
2024-01-02 18:50:00,111.90800504471532,0.3205773669823646,-2.4309357461940904,29.01215159845596,85.54550098775718,3,2,10.786371012083864
2024-01-02 18:51:00,69.07983035969036,-2.8088594248304397,1.5666801868803528,8.023163845686513,76.85337967542681,3,1,8.48194828561863
2024-01-02 18:52:00,15.133838685049268,-0.1841820218399577,-1.2277970747933376,3.479210120053498,98.52875418656114,3,2,5.7420840786821605
2024-01-02 18:53:00,69.80658329681721,2.547736907055171,-1.1626536505009757,31.629184426271934,76.92103202494548,2,1,9.13075273440384
2024-01-02 18:54:00,91.96166557255827,-0.6144487841361204,-0.4424103876998622,9.830412969301102,53.46044426048383,2,3,11.140772921272134
2024-01-02 18:55:00,48.76998438888224,0.749534818730738,3.8067432162770096,33.13426364864306,75.91421287561735,1,2,6.410126441401874
2024-01-02 18:56:00,105.58052975297616,1.6789120537388609,-4.751337924716177,-3.035677412849711,99.95672537491215,2,1,6.903130548093059
2024-01-02 18:57:00,77.84195440288374,1.703551674851326,1.131494294732919,17.46800270101975,76.81135060500225,2,3,7.924279913984495
2024-01-02 18:58:00,107.9098701947043,0.1156804943716283,-2.1975479715081114,3.0817876629828955,80.93450847842547,3,1,11.84270942132974
2024-01-02 18:59:00,74.82063734968047,2.147711672414018,9.506777627689525,25.242016595266115,95.06920121522074,2,1,8.010966288125184
2024-01-02 19:00:00,15.754556640578908,-0.6517314398175182,3.740937388754656,39.87461926610711,29.092100904934668,1,3,7.351069193491256
2024-01-02 19:01:00,37.163005332622696,2.33215928870879,8.02143203245484,13.562996441212054,76.38274347581815,2,2,6.470513742791211
2024-01-02 19:02:00,24.21539379029483,-1.558637001626728,-2.06465019845582,-0.486025389861922,88.06447663739591,2,1,5.727368978825767
2024-01-02 19:03:00,109.05917972602349,-1.3187015580565735,7.150235489856817,9.295290376279077,96.35028801767145,2,3,12.734530632621771
2024-01-02 19:04:00,91.24800807449792,-2.6812762548059936,1.2217369195785004,35.1177924804287,36.87754317693595,1,1,12.120664796801831
2024-01-02 19:05:00,81.16780426920073,1.7734910192536972,-2.334579667258964,29.459246084676455,60.314320617939536,1,1,9.213875778972604
2024-01-02 19:06:00,36.11595835579461,-0.4976685826037665,6.418678035823492,5.449524785151583,74.44438781155854,3,1,7.792894220795022
2024-01-02 19:07:00,22.085372646025625,-1.6253003165316058,6.430166464229215,37.91194237143964,39.797418360107,2,2,7.052062908407783
2024-01-02 19:08:00,90.7741305586694,-1.609258334300522,9.938318602960916,22.99845706118972,68.03782906002192,3,2,11.009411349363027
2024-01-02 19:09:00,56.89895350548956,2.408399647375399,6.714058926972461,2.5622230142885662,40.60630259983995,3,2,8.471914758073176
2024-01-02 19:10:00,27.094746258075496,2.003499602766221,-2.820991281093082,20.754496410080765,46.67656164253178,1,2,8.333187142123482
2024-01-02 19:11:00,73.99463737983301,0.3211853121430996,-0.1618288732140769,15.307459044879725,55.32149572086921,3,3,9.058194985102393
2024-01-02 19:12:00,4.840062256614237,0.6966648024943263,1.77590375936719,31.886395364810376,62.33520789972536,2,2,7.055502186977575
2024-01-02 19:13:00,39.14043049539042,-0.1540465766982537,-3.1002079143530734,10.487201332536037,55.94926973001205,3,1,8.278789156313543
2024-01-02 19:14:00,56.22683935093616,-0.6500007427271468,6.820584616717211,34.37402439266259,59.455641583034335,1,3,9.949976655794869
2024-01-02 19:15:00,17.7550000931287,2.4928612873099887,2.900478068688797,31.538667389724004,43.88710050306341,1,1,6.726135640330284
2024-01-02 19:16:00,118.15853731090075,-2.246323778878188,9.166743536436302,25.357155302199995,32.71720752181045,1,2,12.151989678516484
2024-01-02 19:17:00,25.09168375075371,-0.489319261702632,3.839622167887304,6.637325005577802,23.78799818614716,2,1,8.577751382035263
2024-01-02 19:18:00,15.642375605191866,-0.9326285520727478,2.843486256073808,38.66483093259001,35.678297799333414,3,1,4.829566135060039
2024-01-02 19:19:00,24.424184866427566,-0.0110956784931097,-3.928622706007035,19.690005113596914,66.55549132046264,2,1,4.978377751302643
2024-01-02 19:20:00,92.28733597916693,-0.2542087527289496,-2.7598114258313333,35.83812902633631,82.88923582425059,1,1,6.321253350992519
2024-01-02 19:21:00,51.06067911262114,0.1133371899064883,7.742891151462267,4.707845466258826,33.539807795431564,2,2,6.915452525433368
2024-01-02 19:22:00,67.84991277030456,-2.160486136638036,9.860139667387124,39.25202359385014,28.684428621811875,1,1,9.190567019724506
2024-01-02 19:23:00,2.5210988383632893,0.0788490090796623,1.227687038474042,31.72266530251443,79.94322884394002,2,1,5.337230299364069
2024-01-02 19:24:00,4.131757028797747,-1.5454871166767348,7.151291255873936,37.71520975422016,44.41266644298317,2,1,5.888640417112356
2024-01-02 19:25:00,53.49906597924194,-1.8940119060708525,4.413786494959776,4.55645795237443,96.1199551381882,3,1,8.804860049538963
2024-01-02 19:26:00,97.99862918419484,-2.6109946872828527,9.385889105075703,14.37961353621466,77.14543764882984,3,2,10.54465795989377
2024-01-02 19:27:00,106.22866544490785,1.5759153525368452,-1.427941468338601,-0.6064735174876565,46.14048377944247,1,1,12.253912213853608
2024-01-02 19:28:00,10.404788111476826,-0.43534847486064,3.172536145119146,1.163632295160447,43.1634198234964,3,3,5.970794382528924
2024-01-02 19:29:00,64.60357225212273,0.7598620998705501,1.1319372751389336,7.778139861415067,61.895870901704725,3,3,9.349496811857067
2024-01-02 19:30:00,109.58756235351244,1.3655600598284598,3.125739639145229,37.82315472129654,26.33157346225676,2,1,10.101588353833495
2024-01-02 19:31:00,46.55673052774637,1.0758999918813208,-0.9671287487171724,25.023625650398976,29.41412101162392,1,1,7.261995840194006
2024-01-02 19:32:00,99.54789977140425,-0.1769956854619065,2.46619244073616,9.158453818009985,34.0686305052954,2,2,11.734389276238248
2024-01-02 19:33:00,16.043478527932344,-0.672608826289621,4.372062200871477,37.95579934770887,81.97788746436481,2,3,5.912866314904371
2024-01-02 19:34:00,112.24733876013585,-0.7442405421560174,-3.7817617400076182,28.28791329776943,61.1085887415298,3,2,9.535496892529109
2024-01-02 19:35:00,90.17079810375633,0.840292781580338,6.144808822114348,35.81405559599401,20.84536982195544,3,1,11.156150204533184
2024-01-02 19:36:00,112.9601271344282,-0.0312338703487595,5.59784444740626,36.72493572275943,73.88132219776872,1,3,11.934346549182068
2024-01-02 19:37:00,81.19406802630078,2.094793487931064,8.206864021772278,28.78463874604367,53.89521429283977,3,3,10.791151406910808
2024-01-02 19:38:00,43.60847183993124,2.2482119059602725,1.3878482771488834,5.941004340621371,60.86818919710383,2,2,7.844869554504281
2024-01-02 19:39:00,112.5817407029667,-1.9766377319608888,-4.074963010779234,39.84650298035383,37.12929947303485,3,1,12.504164846751396
2024-01-02 19:40:00,33.06801315710142,-2.182598090725646,1.921916935325304,9.629087802773642,64.1425782715283,1,3,9.02019442059253
2024-01-02 19:41:00,39.86070264740791,0.7824055562159971,-2.9358624190705784,25.22675873054733,98.33225918011908,1,2,6.787626953868028
2024-01-02 19:42:00,84.09701016020884,-1.1926455116263237,4.711702202827267,33.01652627310104,25.875575280460914,2,3,9.336475620957762
2024-01-02 19:43:00,91.83795594304635,-2.888575687409407,-4.293027138030412,2.8817947491095346,42.71339197315445,2,1,8.428232045633312
2024-01-02 19:44:00,111.52841806189846,2.3318560161777304,0.6099460934154273,22.40687559751639,39.43980742886638,3,1,8.821802905907548
2024-01-02 19:45:00,24.576289086745145,-1.6385953965371505,-3.75735652268757,11.882774961771606,39.88394486009437,1,1,4.481541486347713
2024-01-02 19:46:00,95.75976422630688,2.5756839101148543,-4.94950348892595,5.993008133762364,50.29650860523019,2,2,9.888749733988472
2024-01-02 19:47:00,88.62552640763562,1.3046067052695216,9.408358358523875,-4.47026842596596,85.4487827795334,3,1,11.413390208083005
2024-01-02 19:48:00,7.655346750431744,1.5759209394689062,9.941910220394202,34.23883287090871,93.028695197151,3,2,5.413616315166163
2024-01-02 19:49:00,46.46677694522484,-1.7912310252410375,3.332544272977195,1.114669625208494,36.17720699671786,3,3,7.804579487411059
2024-01-02 19:50:00,33.93185484721183,-1.5948334462991225,-1.4156622508177414,34.51527223081845,63.43599503584902,2,1,7.701289656282188
2024-01-02 19:51:00,36.53885092248365,0.1276065229443945,8.666485552129862,22.031076946380164,70.95191777323842,2,2,6.924864967541744
2024-01-02 19:52:00,117.9536255465641,-1.967400884100827,8.845548956141599,22.94749995317685,61.7461979491076,3,2,12.67216083574484
2024-01-02 19:53:00,77.13328961759134,-1.1674098439018064,7.817633367560589,32.28933074158953,54.72611153575357,3,2,12.05484818263712
2024-01-02 19:54:00,86.12113893521995,-1.0712251323131732,3.165549768510731,17.924851600365127,35.35804046873903,2,1,10.484916085506107
2024-01-02 19:55:00,117.1941164778011,-2.042220400483416,-3.879467586559589,11.0778055660454,59.05754873593908,1,2,11.009921868805105
2024-01-02 19:56:00,45.26421389491664,-1.7689029996290355,-3.673416086948032,1.246300779663413,52.09718621690631,3,1,7.316905993353743
2024-01-02 19:57:00,96.22082021433673,1.7313110520495396,8.449296815689827,20.668692154365043,83.64506900018156,1,1,10.730143328377435
2024-01-02 19:58:00,52.14371559653944,-1.9968248727163895,8.13740271185844,19.89251744129855,81.08834873303962,1,3,5.642813732191348
2024-01-02 19:59:00,104.34404061779756,-2.8292556489364653,1.5159587377182655,8.22534185502786,30.71989449645365,2,3,10.695045214292772
2024-01-02 20:00:00,21.67890495735638,0.7761296557736306,-0.0776807078536201,22.00256165440665,27.081524205045405,2,1,6.805208252814122
2024-01-02 20:01:00,113.72234124771356,2.8558987163547,4.661858802161532,14.77150986857633,92.65231545820023,1,3,11.503410322457444
2024-01-02 20:02:00,26.25260500930556,-1.0127171122612717,7.104819223832873,31.248856926106196,62.840671117159815,2,2,4.048013055698535
2024-01-02 20:03:00,39.146460837711786,-2.2880657808224862,5.975274130777315,20.176881593193013,88.62407498260725,1,1,5.369023397441974
2024-01-02 20:04:00,90.74306809281366,0.4223239522051845,4.234044070760595,37.01553638560729,24.65208964531209,1,3,11.392975126657044
2024-01-02 20:05:00,47.2506169878488,2.438125266573877,-1.5273343333275289,18.309233577324022,62.12124932173042,2,2,6.3159027467548245
2024-01-02 20:06:00,72.9853652119736,1.7043706789708732,-1.062426961689273,34.93728864207563,63.15412116609891,2,1,9.272109274161828
2024-01-02 20:07:00,53.34882012833142,0.7350952104762962,5.8610122209655255,18.4236312106346,88.856162603372,3,2,8.773759898890205
2024-01-02 20:08:00,89.08439245077382,-1.1096610203544035,7.0392977867654665,20.111566163814988,27.8087998583766,2,1,10.821982050102948
2024-01-02 20:09:00,27.399750284233303,0.2512810396573197,-3.257972178506152,11.506359795501403,39.23564509407274,3,3,7.533229286960478
2024-01-02 20:10:00,7.014958468425241,-2.452530952174468,-2.190544284330409,13.0076105557253,52.52306511096105,2,2,3.3558383977132253
2024-01-02 20:11:00,35.991527696767946,1.07367254568402,5.207053932660571,36.98956692812255,89.26731803359537,2,3,6.656544653966425
2024-01-02 20:12:00,56.91703978421163,1.350576113385905,0.8347988120710168,5.047708089124187,95.11066520564536,2,2,8.452339552801142
2024-01-02 20:13:00,20.16240626312143,2.790189737459513,3.44939300906546,0.4655974752771241,99.41796956749025,2,2,4.868133193163444
2024-01-02 20:14:00,42.57567475876664,-1.4376158475295702,4.222224289834543,32.35949103117734,96.73547891668171,1,2,6.399534819936403
2024-01-02 20:15:00,47.99796219522823,-2.889261485741864,6.643052009009979,20.960985988519585,20.475340467548357,2,2,9.156525836950635
2024-01-02 20:16:00,6.887021242592826,0.2736507865629036,7.085754260753612,7.809129150766273,23.81666731630976,1,3,7.80554222197547
2024-01-02 20:17:00,69.99686978210454,1.240743026380887,-0.798556321078153,14.458009913036182,31.80854553260709,2,2,8.708824508578626
2024-01-02 20:18:00,106.1212113565545,1.7424448552979277,3.119450933832569,18.62073520497701,47.90896774162185,2,3,10.649085674807845
2024-01-02 20:19:00,18.20914955436629,-1.8375664018511364,-3.147140920671796,21.64631155763956,86.3934424789567,1,2,6.590947362913672
2024-01-02 20:20:00,71.73696160818169,-1.429482785777858,7.63022753046323,31.947296032231307,91.41249562683844,2,1,9.227356322168642
2024-01-02 20:21:00,79.76870458930155,0.0755455516037777,7.681719074997934,12.745854735520696,34.94675250356664,3,1,9.75096111645268
2024-01-02 20:22:00,50.3201616503146,-1.0163951401799889,-0.5074142150081533,25.442640095189425,69.57313212957669,3,2,8.774791064784669
2024-01-02 20:23:00,84.1317104837124,2.1630689195246706,-2.590696888669362,32.56451381938633,93.38895880522212,2,1,6.961387390448931
2024-01-02 20:24:00,49.28778521892144,-0.1574390775676786,-3.9486233269960014,32.96980551811131,57.098538874505664,3,2,5.198887282186655
2024-01-02 20:25:00,60.55647455729219,1.7974718646120174,3.624646628673789,6.44103422663909,28.28348575622272,3,3,8.714166321402999
2024-01-02 20:26:00,0.8823653465312375,0.4837185628941225,-3.628578494001803,10.75778699125554,56.62509200677,3,1,4.291818418749407
2024-01-02 20:27:00,83.00641369616265,1.6385408497026717,5.208922669308999,21.770771541799647,50.06359218304458,3,2,6.892336390199338
2024-01-02 20:28:00,79.36112147336694,-1.003962080818057,5.1718960155121945,34.85975760611258,66.21263968528055,1,2,10.87509049941728
2024-01-02 20:29:00,4.608105279161348,1.988499731581867,4.209811106974369,30.570073901135306,55.09269475256829,1,3,6.231920760758265
2024-01-02 20:30:00,44.19001288741597,-1.3525661066938706,8.148407527946416,21.27833056372997,21.387674148297435,1,3,7.929063407832409
2024-01-02 20:31:00,117.4838208950001,0.276592848019745,0.6742103909369765,39.26801337807297,99.5198186730937,3,2,9.834333080992034
2024-01-02 20:32:00,50.48838750823401,-1.715957320956755,8.534043739368663,14.754425324054871,63.48321901844567,3,2,10.836201066040427
2024-01-02 20:33:00,60.23344861582101,-0.1468408702428396,-4.446119467308037,32.91027570338111,57.89046043876876,1,2,5.840263281815508
2024-01-02 20:34:00,109.19161897916622,-1.090948742947781,-3.308645181178887,31.828917098782583,96.36938972032432,3,2,9.94477890576728
2024-01-02 20:35:00,86.07142510389077,-1.3997794161767143,1.1830834377766497,35.86172402516269,32.468829406966165,1,2,7.0592624498657415
2024-01-02 20:36:00,69.84841573490682,2.801910108168225,3.909895280328602,39.44552597613456,35.13900820361986,1,2,8.78197873579209
2024-01-02 20:37:00,95.73656176092872,-2.0395553670796165,-4.514365450409516,17.306351391092303,84.64117992502268,1,3,9.031446475800536
2024-01-02 20:38:00,103.72395197471678,1.723955024744372,3.5115170713639614,3.803334191652672,40.8664864020007,3,1,10.98220781163926
2024-01-02 20:39:00,54.82656860847202,2.904989756899289,-0.3890252527545286,15.740291057266802,83.93816850332215,1,2,7.757416947074746
2024-01-02 20:40:00,57.013003791820246,-2.880591097559533,8.307202117177438,33.42481946434444,41.7226786326802,2,2,10.190944382801987
2024-01-02 20:41:00,46.32611227822029,1.1941644842525705,2.999268875030963,32.624798541494414,22.65501041800012,1,3,5.904647102725382
2024-01-02 20:42:00,116.00473680221526,-1.4825291666622773,3.818408623261506,10.118645841406437,61.36117791093728,1,1,11.245962688570913
2024-01-02 20:43:00,83.65995051484205,-2.7570730540301733,9.18432716672325,-2.871193686859682,35.73491473014891,2,3,8.528752110393835
2024-01-02 20:44:00,9.986767944968676,-0.582662526260215,6.462565399818903,17.94289440218096,80.62770343459769,3,3,5.815172818983489
2024-01-02 20:45:00,103.5551547975622,2.61130686102525,1.5740989922014847,16.334541808546543,71.29597065857185,1,2,10.403205294048384
2024-01-02 20:46:00,57.66719290035217,-2.929409433798014,2.1531942243402904,-1.1406210000290766,93.88821343823342,2,2,8.671890300353613
2024-01-02 20:47:00,8.250468770698497,0.5273141515786901,4.718858028390983,30.77004800756176,82.63906858125887,3,3,6.599449390809184
2024-01-02 20:48:00,65.96607061959733,0.0083788715719457,-1.9970117502423037,7.761562327234799,34.46207638725815,2,2,9.75638080155276
2024-01-02 20:49:00,50.05971347708425,2.2403049862262847,-3.67023739258816,24.058844147835124,84.0126589331837,1,2,8.927466979727226
2024-01-02 20:50:00,105.32992858351498,-2.495989712876246,-0.3314522608157242,-0.4330461805250154,71.33896358512186,2,2,10.295627530691863
2024-01-02 20:51:00,24.479352433126486,1.089156179319902,6.675741969043456,33.73164278093213,73.51613134085,3,1,9.354460277619392
2024-01-02 20:52:00,99.17575313906195,1.0806581905996635,-1.1401430184507344,28.26735264198234,86.5810308776119,1,1,9.368515958892514
2024-01-02 20:53:00,66.92264294225433,1.0144801011736997,-3.0386119949612045,12.479021904039955,65.90592553511522,2,2,5.677676602479961
2024-01-02 20:54:00,6.553236385616286,2.654006969610222,-1.714661023066096,23.32700271954556,57.28028114824103,3,3,5.932101847749509
2024-01-02 20:55:00,116.62143615905816,1.938525174041283,5.1845936800855945,3.4354251708508645,70.93128282869824,3,1,13.281312808005884
2024-01-02 20:56:00,61.51382929238399,-2.748163642538964,4.209220850402783,39.34401209315253,43.83659431666872,1,3,7.964096372997876
2024-01-02 20:57:00,34.9052225077899,-0.1735028957729207,5.324724959446543,30.824861894217342,34.607770486967944,1,2,8.916670189482659
2024-01-02 20:58:00,56.32882103871097,-0.6122816627919994,-0.1706281597942691,30.50230013810621,69.32702704569971,1,3,6.207374998360281
2024-01-02 20:59:00,102.94293402209868,-1.1391166734551876,8.512841903999075,1.9021097910044256,38.707869526838216,1,3,10.69706014867117
2024-01-02 21:00:00,36.58837492620762,-0.291979649075416,1.776555359922181,-4.201991379776203,26.393208747728536,2,1,6.270140043029329
2024-01-02 21:01:00,23.12116757840404,-0.6948348904441355,2.705695478904154,21.341711549633494,20.044334766820317,3,3,7.053372133290801
2024-01-02 21:02:00,15.488549631705776,-0.4059966007280078,9.232119640031907,1.4854275327914932,68.66555211200537,1,3,7.941753377731543
2024-01-02 21:03:00,35.74312780682535,2.8755711936518544,9.689159019174634,30.119505541998024,48.97190267841894,1,1,5.020077885369887
2024-01-02 21:04:00,93.60577044480522,-2.468202151502515,4.923140888748275,13.723426308021082,80.18487765387647,1,2,10.454276120238816
2024-01-02 21:05:00,56.595163823431406,2.533385219032379,9.172197888636866,10.236741204434429,50.01411186504819,2,3,9.735826024623549
2024-01-02 21:06:00,27.2977924432248,-0.11857971917384,3.122610795106649,-1.685783189223025,58.88027585905814,3,2,9.094822802127526
2024-01-02 21:07:00,19.942199953169904,0.742453472997247,-0.3907558164984239,39.82292859750797,52.56679782523079,3,2,5.135404616374291
2024-01-02 21:08:00,39.92753718124549,1.9810977997061627,-0.2736071605018795,38.02048511740959,72.04598328874769,1,2,6.006659440719553
2024-01-02 21:09:00,112.79092474628506,-0.837221825104467,3.384108848235183,0.9218608513082982,48.49113296119746,3,1,10.710157405447184
2024-01-02 21:10:00,41.163205510802925,-0.4174685514721989,4.0755418098279765,9.97652218816713,97.10141199538472,2,2,7.58340894471471
2024-01-02 21:11:00,118.57488911455624,-0.5428891183277162,1.5942560487962334,12.5854392111073,94.8917589278824,3,3,10.155675119580494
2024-01-02 21:12:00,58.22765469184274,-0.7516138647854409,8.256572252677659,8.356048515201794,87.8422322125825,1,2,9.841969196711537
2024-01-02 21:13:00,21.499670194818105,2.5531759298813697,1.4004417807032574,37.05108518446801,93.62402164581984,3,2,5.617415150944122
2024-01-02 21:14:00,106.93681101522112,1.973579347158072,-0.8986452950349824,27.460382305993814,55.93117507675128,2,2,10.04267130450524
2024-01-02 21:15:00,55.242644776179226,-2.3460000608221434,-4.880271824846903,38.01623825173292,62.91443174315937,2,3,8.011040479386748
2024-01-02 21:16:00,85.16056122054293,-2.351259885137424,9.558539172364553,34.35274311358441,79.36740740465956,3,2,9.161507255674996
2024-01-02 21:17:00,118.0453899850982,-0.4327829108820529,7.364699247144166,28.954368376112782,75.69167399508329,3,2,10.45407117961992
2024-01-02 21:18:00,6.02104203839688,-2.408055739603146,4.233393770279935,26.36351981859452,91.25428764843768,1,2,4.877724843715802
2024-01-02 21:19:00,11.603347174508055,0.7145585716267178,7.458133808551921,33.97731209407666,77.30648218053562,1,1,4.005569757666349
2024-01-02 21:20:00,86.45480897553074,-2.1378503564295963,7.154338453764158,25.786745355615484,99.83077665827685,1,3,9.415219278236812
2024-01-02 21:21:00,33.81900039545664,0.1342395838008063,8.977761703387376,3.4923909541517943,47.88046398652728,3,1,6.322315524653985
2024-01-02 21:22:00,22.116167634011887,-2.956680317977693,0.7910152504056231,24.165693239264414,86.63981937915344,2,3,7.238638444891887
2024-01-02 21:23:00,4.723425578367539,-1.1004219095241197,3.322783631289111,18.1750737976858,75.81078582661314,2,2,5.606039947301939
2024-01-02 21:24:00,2.6216054383442167,1.0631443420359323,-3.520579644196311,39.1852604692897,75.31091561720149,3,3,5.4453447569243165
2024-01-02 21:25:00,92.9382723743749,-0.0957663586329093,9.479731385784596,17.948449617964133,46.06684758759991,2,3,8.895610784306683
2024-01-02 21:26:00,16.132011284346,2.8696169159939284,9.776906039237495,-3.2695257582030344,82.84814339384181,2,3,4.63924032599295
2024-01-02 21:27:00,56.1264739165381,2.2446227763972644,6.836263718968025,6.888527984453955,92.03008178780792,3,3,8.176262871826095
2024-01-02 21:28:00,72.70761782153797,-0.845575325741093,1.8118147472250523,36.28217922046445,37.48387692164504,2,1,10.479565433050691
2024-01-02 21:29:00,51.40221606826155,-2.727080751166352,2.4485012637153645,38.30603487009864,70.03974696933633,3,3,6.234165230444897
2024-01-02 21:30:00,3.2527982803479727,2.073757800690113,1.5305039948178552,27.78243594883471,51.37078632822202,1,1,8.00267859544341
2024-01-02 21:31:00,94.02018031054908,2.467405861888029,-0.6003404521665434,-2.441124554586332,99.16384954359016,2,1,7.033648084478792
2024-01-02 21:32:00,1.2615869449984185,1.9237643605142205,2.9168710832314986,-3.940637551418039,58.306625266534525,3,2,5.079535689723016
2024-01-02 21:33:00,91.42678732529808,-2.232300354481411,-4.198323957491498,16.581775125959506,38.265613903755415,2,3,8.98077016289203
2024-01-02 21:34:00,107.19653925457472,2.9874908064737262,9.878305929057523,39.98525379523983,50.54861001774661,2,2,11.561543491013913
2024-01-02 21:35:00,51.940790526860674,-1.448494670683357,1.3607520274621123,34.11835318747323,72.3070711853301,1,3,10.398012919991997
2024-01-02 21:36:00,64.26509677173578,1.3452294768502204,8.910498760556594,36.98984293968991,26.087149707966105,3,1,9.187295279251677
2024-01-02 21:37:00,57.23800711411845,2.4482092580143293,5.864071909900053,23.059367724681376,68.28815361769901,1,1,8.633949897662546
2024-01-02 21:38:00,46.70503423481266,-1.5858773140157434,-0.6508562470409895,33.66061277131756,94.49798073431184,2,1,8.497234999098536
2024-01-02 21:39:00,106.49094424444324,2.4495513280623964,-1.6692107273809635,9.386426847873665,88.02902301262803,2,3,9.182002979722244
2024-01-02 21:40:00,107.27202128039886,-1.1431105248307982,9.935131506435344,-3.768619844703587,25.41388293263867,2,3,11.923554763774634
2024-01-02 21:41:00,40.29796375698415,2.858479334304337,6.581895325810535,36.32127827001821,99.47119029912544,3,3,6.717451190155609
2024-01-02 21:42:00,73.80837048176376,-1.3124398777171524,-1.255077887759886,4.829378109201961,75.89815389631033,1,3,7.3879670980848
2024-01-02 21:43:00,111.2289074575037,2.720614948547011,-3.988324277341091,27.78188597235534,32.982465945121895,3,3,12.190639082038402
2024-01-02 21:44:00,115.4470198729622,-2.6787320946439506,5.45374817952068,24.65352916947192,20.99328713355388,2,2,13.6137711920588
2024-01-02 21:45:00,61.0750848506457,1.255632070018878,-0.4547531478338547,2.117359678884573,33.702610903372104,1,3,9.232242735252024
2024-01-02 21:46:00,54.33897663411921,0.1926668030220222,-1.6800378105842393,3.810054843901593,87.05407365485908,2,2,5.405511782874699
2024-01-02 21:47:00,33.443317911423094,-0.1327375372636163,6.024061227240042,9.808261664340812,21.731145995613097,1,3,6.34546114412562
2024-01-02 21:48:00,115.0646247828492,-1.65903411446496,5.188919839815213,29.061879382686307,38.65178428944692,3,3,12.998398725206725
2024-01-02 21:49:00,17.137716536744083,1.2335747386589515,2.2211901214028664,-3.234008988654497,80.58444762679002,3,3,7.775488559398125
2024-01-02 21:50:00,69.579549125727,-1.8551430513221572,9.139838991555598,13.31809331298555,66.88884287185081,3,3,9.130160023615106
2024-01-02 21:51:00,33.906032102236665,0.3170507759086094,5.194575490862366,24.930094282985483,82.61885682881535,3,1,5.388224422053683
2024-01-02 21:52:00,33.480994841735594,-1.4805278217584952,8.401293409298638,2.716192567238489,79.69204030614304,3,1,5.009338649003826
2024-01-02 21:53:00,48.59623048514261,2.7337282786881367,-2.141705864754213,0.3737772659937359,24.04811096974438,1,2,9.357174016426583
2024-01-02 21:54:00,119.85515229787856,-2.828212836986083,-0.5503113487866695,12.5595508477996,91.40091352753213,1,2,9.390801481959898
2024-01-02 21:55:00,6.595956820778648,-1.8016303193325809,-3.432197994594076,7.895164803776591,38.1625467425815,2,3,4.7343478732875175
2024-01-02 21:56:00,69.42501818442378,-1.5461363616753137,-0.4313000319194691,24.20930489057945,64.2713952183811,1,3,9.652466242846517
2024-01-02 21:57:00,9.90865896423326,-0.5155930453931017,9.576674938095708,38.63058414345759,71.5430525222223,2,3,5.325221134272877
2024-01-02 21:58:00,18.54249959886228,-1.6036185487796788,9.44284369138451,-4.798897883188245,33.49025687080763,3,3,6.206564248287614
2024-01-02 21:59:00,52.74755301274784,-0.0519054583872886,6.405795318264863,35.607096060725155,98.09850053607796,1,1,5.26184207898295
2024-01-02 22:00:00,61.25521576157296,2.2347931395512344,2.8157239417443582,14.495036637572165,59.05247648698472,1,2,8.66786529473564
2024-01-02 22:01:00,31.05508900374288,1.2723805284550247,6.711696981883675,24.880347817044463,24.611415647791475,3,2,6.287854179883204
2024-01-02 22:02:00,37.97485570492994,0.4797718832106663,3.3023042682057984,33.296216478016326,94.98096358222725,3,2,9.541203939189243
2024-01-02 22:03:00,10.436042430711968,-2.465980932103922,-4.9473724299283495,20.805639750495597,66.90142745546144,3,1,4.923472836923898
2024-01-02 22:04:00,36.38637406131007,1.163952650335654,2.5232061091542333,-0.6209677763897945,75.93545583851011,2,3,7.947843536744919
2024-01-02 22:05:00,115.9870127256653,-2.0015142941343607,3.983851690165787,1.3267829068690258,62.01406319473793,2,1,12.330816836872412
2024-01-02 22:06:00,113.3648858006978,1.7182043157701878,-1.0137746374549377,30.51760190437845,86.7790363821574,1,1,11.663264846926683
2024-01-02 22:07:00,40.1853948164382,-1.4996594489390809,-1.9505965363750768,5.3094204149904805,22.65067697545687,3,2,8.983849614274803
2024-01-02 22:08:00,68.5024723534514,-0.4977076300745944,-0.8928635779152305,20.606692725959523,41.47026922217182,1,1,8.850433101113696
2024-01-02 22:09:00,109.15144693331332,-0.8971787860924323,4.354416242767986,14.263623061545076,57.571868512215374,3,2,11.58543573595411
2024-01-02 22:10:00,0.742058716907601,2.1528834880491408,-2.8090382759667127,8.663754226410767,26.128289305096803,3,1,5.791650778958488
2024-01-02 22:11:00,97.28202844051104,-2.240733247719551,5.804924519942492,30.41354038550743,76.47253354613267,3,2,12.004134816569264
2024-01-02 22:12:00,113.80434633467029,0.3938692943087316,1.340122314424142,27.90474935011685,51.49307312445126,3,2,11.440004874452706
2024-01-02 22:13:00,10.959088120026848,-2.1476303433416266,0.3002178880798825,24.07489980122468,41.81343922145152,3,3,5.498240332917986
2024-01-02 22:14:00,19.373722323950524,1.2287750167931204,7.108469375205294,11.770211579045135,20.270307744672984,2,2,7.275057542915683
2024-01-02 22:15:00,115.28955633256264,2.4304687667668867,2.5909487415478987,5.191164580957809,77.5864249399963,1,1,11.14967901468255
2024-01-02 22:16:00,64.50481723684156,-0.3923540767964795,0.6760084178639216,18.215272794916288,86.70474470982894,3,2,8.430268859161785
2024-01-02 22:17:00,1.7035961366068442,-0.0714464384101445,8.172320733409068,31.769684514794665,51.60324285451988,2,1,5.626304168187632
2024-01-02 22:18:00,30.9158398516235,2.5645370188965737,0.5237744829921365,20.90492366728873,65.13743816266924,2,2,7.137841552728627
2024-01-02 22:19:00,53.993240912263154,0.1259483318961427,7.885004244150558,38.65628394377479,38.21493007436787,3,3,5.547798684390277
2024-01-02 22:20:00,83.14906932297212,-0.0744093717026341,2.5629804769383737,-4.305313037192121,69.77581170241065,3,3,9.197514638076722
2024-01-02 22:21:00,87.97924537641595,0.4699746162258247,-1.8798935381748916,39.925605162488026,20.97099666521604,2,1,10.35256857037429
2024-01-02 22:22:00,119.45058155105474,1.1353784181777111,4.192272821666258,26.113407086141013,59.09151176790068,3,2,13.559365637868412
2024-01-02 22:23:00,34.501343926051085,-2.358699749477812,-0.7201471059505806,32.47033077359493,71.53643854725539,2,1,6.607964196610035
2024-01-02 22:24:00,64.58641222421703,1.926663166449096,-2.792673017357073,10.072856549535487,93.45534185837872,3,3,9.352321721558877
2024-01-02 22:25:00,63.9988257431526,-0.3869698352804445,-3.702059429033308,17.875359763895,50.50686536978274,2,1,9.022978916500188
2024-01-02 22:26:00,48.6774311336685,-2.5659089406150866,-1.37453996303837,30.864516154794917,81.21521623848238,3,1,6.214537648537133
2024-01-02 22:27:00,20.299427261090425,1.717096015189279,6.048319630032868,29.229226256514394,67.81496239548005,2,2,7.967812044337273
2024-01-02 22:28:00,117.2947875820611,-0.7383001698823675,7.56998833563614,10.031549299567416,94.16096903400644,1,3,12.738527907100575
2024-01-02 22:29:00,102.39806239999032,-2.3977950294296764,7.925812689728824,9.598460576071131,51.87021405275445,3,3,10.164680892919405
2024-01-02 22:30:00,59.79996339530847,0.8026742372595033,-0.947775894350845,24.8265041310459,45.52762718983904,3,2,10.080149218864618
2024-01-02 22:31:00,72.38945072208358,2.2807881206018497,4.914593994180128,37.01466316623976,90.9713598955315,2,2,9.303144512108386
2024-01-02 22:32:00,27.27132642715948,2.3265210564839176,-1.5446891012760573,14.74536958033585,23.93955211266313,3,2,6.5566626415760645
2024-01-02 22:33:00,65.25444844700962,2.745980848853839,4.341431709523604,10.88238096891472,30.910831434694146,1,3,10.32857567904955
2024-01-02 22:34:00,83.3964159745771,2.2062327586001285,8.308164895625453,35.26091663062818,26.59235476672356,1,3,11.840163023595958
2024-01-02 22:35:00,61.82004340639065,-2.9871544839271484,-4.386594760968779,25.73752276554613,87.4487965261122,2,2,9.301260456790544
2024-01-02 22:36:00,118.83422047019296,-0.7185530015196586,9.778385015881092,12.472419086773709,20.848593869625557,2,1,11.728839922290812
2024-01-02 22:37:00,73.36099874972714,1.9112554794330183,7.406318161876676,-2.4225696118492457,88.93257243976385,3,3,10.00821625823948
2024-01-02 22:38:00,44.51684551106028,-0.8024819640091545,6.424931744405477,27.46701724215032,56.101423629701344,2,2,8.14936496567
2024-01-02 22:39:00,92.65824331390056,0.6092910382782368,5.370443405676866,10.8798920810671,20.32202230831766,1,2,8.630512502777036
2024-01-02 22:40:00,20.45550138979705,0.6379016842471921,6.554108333708175,-1.824521100243812,52.13161417696335,1,1,6.303484271785216
2024-01-02 22:41:00,46.14189764475199,-0.8098481757670619,9.918930340608188,22.553008926086957,34.94406728360285,3,2,8.174680984363658
2024-01-02 22:42:00,41.635074045310304,2.4268435636877257,6.552869456688109,9.535309172222972,69.95203899777304,1,1,6.435954114418804
2024-01-02 22:43:00,51.81685141293328,0.0193700723167058,0.2740117700249049,10.230542873973825,74.34870319373172,2,1,9.333017203648913
2024-01-02 22:44:00,93.81357911144715,-0.2112947643749949,4.2088277940025485,16.56265588365517,59.00220563239999,3,3,11.574234894026583
2024-01-02 22:45:00,58.1007638596089,2.9850824739713757,0.0538452423975366,27.28636452978047,23.2415620351736,3,2,8.478817877375871
2024-01-02 22:46:00,95.28173403191552,-0.0389978155642998,9.550981648850062,7.434871493633237,72.49030434937615,3,3,9.71349856143471
2024-01-02 22:47:00,69.1786683767839,-1.9296104884285137,8.502095992385506,-1.357433789949456,87.3631026884417,2,3,9.857065924704171
2024-01-02 22:48:00,41.04833215890664,0.0784165371806282,3.514303411942427,14.09915746477778,77.62594218611213,3,3,9.315091932235926
2024-01-02 22:49:00,97.19744924201667,1.8841004131195804,6.719106317401735,-2.5283559597622536,86.39663351642548,3,2,9.41493124607806
2024-01-02 22:50:00,28.59476046637099,1.6611619613896886,8.645304144576459,26.37708294514974,36.040761884071,1,2,6.38358260933319
2024-01-02 22:51:00,26.92595757597546,1.731490590650826,-1.3459960451516109,38.16595605651584,91.1110351725186,1,2,4.132681775913472
2024-01-02 22:52:00,60.54035088658029,1.2481427039874706,3.692227853932069,24.644146344165925,45.77547605183703,3,3,7.559091377063777
2024-01-02 22:53:00,31.30190951545067,-1.4746930255998707,2.2257447887882247,7.39257023878841,21.072385140159284,2,1,7.446323628610268
2024-01-02 22:54:00,1.0904441941459586,2.172504515041389,6.573870322644121,3.176607439192157,87.47133170632566,2,3,4.400260312857747
2024-01-02 22:55:00,77.79570327585618,2.3606607922575904,0.6862378200074302,5.4752607085040434,95.34570151717814,2,1,9.697111153557456
2024-01-02 22:56:00,61.33125857668776,-1.8350838202887056,5.634694595622875,4.972450142565469,72.44465579338791,2,2,6.423153102980698
2024-01-02 22:57:00,53.46213773917934,-2.2172661806916363,1.044896335176067,9.122372772003205,38.51493043707397,1,2,9.950530464427958
2024-01-02 22:58:00,116.03622175419784,2.853629811534672,-3.3338770303324368,-0.6193994842334796,40.13955714260243,2,3,13.25818294678919
2024-01-02 22:59:00,68.54390207554964,2.209943781902208,-3.393178525875242,35.30735759408959,57.32742987484956,2,1,9.1813621321307
2024-01-02 23:00:00,103.61178933472614,2.35941688325968,-3.214155131702189,34.83042228982785,91.82648636811356,3,2,11.864988991772847
2024-01-02 23:01:00,16.73402834461922,2.3182583077463708,-4.512201861017574,22.68563141056877,31.967812491804672,2,2,8.588297837978482
2024-01-02 23:02:00,68.30477557553132,0.2501209442023704,2.99459757395158,-2.213583490713868,86.07789356667895,2,3,9.422372666841122
2024-01-02 23:03:00,104.15755520770834,0.8784104199947982,5.078540229756024,31.180033332479475,43.30422469641203,2,3,11.270634667769764
2024-01-02 23:04:00,69.97269087358777,0.2721771128018497,-3.099073972614657,-2.219513731778959,84.68689355432784,2,3,5.561955476096836
2024-01-02 23:05:00,86.16170137524018,-2.692761904858026,4.177870003324179,-0.2110449306590691,93.62169580812308,1,1,8.066496223182751
2024-01-02 23:06:00,44.64522813746488,1.473018512116636,3.96610117386868,9.638337668992156,54.19950975954562,3,1,8.176244836554657
2024-01-02 23:07:00,11.093942044447992,0.0319922000152814,-2.7935892290470643,14.41616429495021,49.20405232844247,1,2,6.227161420963652
2024-01-02 23:08:00,54.94803541524857,0.8862544487413784,1.0612389994189488,10.925003052189362,84.17770551770414,3,3,6.846979239349909
2024-01-02 23:09:00,47.3375269006629,0.0158388298532115,6.32703564656476,2.4353401440263776,62.35863059035152,3,2,9.176842587738772
2024-01-02 23:10:00,104.04722188547368,-0.0491320660652645,-4.748659616719827,0.0458372956798367,74.75592387705576,3,1,10.329985132723804
2024-01-02 23:11:00,29.27943628229667,-1.969265343133399,-2.795781741524177,33.673685201698746,69.82633895689436,3,2,5.6850197311955535
2024-01-02 23:12:00,116.00810730421296,-1.3277177091531065,9.937425614871168,11.343155167836764,32.231107651583706,1,2,11.713460050893485
2024-01-02 23:13:00,114.97657437653952,-2.046883848336265,6.003173457235894,4.836972015017885,87.58322882316493,3,3,12.689668960897588
2024-01-02 23:14:00,29.71579716857264,-1.8260022262479452,1.9619541882888365,16.914611048051896,35.6620089130509,2,2,7.875122662097726
2024-01-02 23:15:00,41.76623465727846,2.8378642825218297,4.447021181374378,-3.3429469757921715,94.58257152566246,2,3,7.260980977877213
2024-01-02 23:16:00,107.4666889048662,-2.0813193253668096,7.693314558977116,22.012653204951267,40.045703313771824,3,2,11.852794057912696
2024-01-02 23:17:00,115.9946665075329,-1.384377454168754,7.634568783304552,6.182031408231914,78.71047786189935,2,2,10.967502864292612
2024-01-02 23:18:00,53.21269234032528,0.5435379464315098,-0.129478468081893,21.9188386359096,42.772431479487366,2,1,6.833848262803517
2024-01-02 23:19:00,38.51964547690774,0.6610714574198511,2.369371338178361,22.635632400064104,45.42283268694911,3,1,5.54651366713466
2024-01-02 23:20:00,63.13128159018505,-2.0761552215370256,4.570826447479655,31.41508861113908,44.800148222584426,3,2,10.826423601584224
2024-01-02 23:21:00,82.53230476388818,1.7623045547112737,-3.921546252280939,5.345714002426325,79.83138032208666,3,2,9.185921946638045
2024-01-02 23:22:00,32.81694184499757,1.7112172074769498,9.186948990861284,15.855908737867608,64.54520943755145,1,3,6.314954707686146
2024-01-02 23:23:00,88.37678095428873,-1.5760937747766537,1.4911273849355942,38.28493021863044,90.63619646779978,3,1,10.44597148883454
2024-01-02 23:24:00,6.198882853756924,-1.2680021839472373,0.5629349088689031,27.720617983807905,44.58981753632359,3,1,6.7286683170573145
2024-01-02 23:25:00,5.915339131729973,2.6279271927569816,8.606505421747388,38.89047136079013,75.35940176453954,1,2,4.564270953214955
2024-01-02 23:26:00,46.35452461746543,1.9540286758768683,-3.22570026870343,36.73145708846968,80.23588797304885,2,3,8.64359016132073
2024-01-02 23:27:00,42.41678304728647,1.186782198375143,-4.4110880391933724,22.48368685628944,32.11856904239666,1,1,8.64700655656414
2024-01-02 23:28:00,37.87598584405827,-2.506600670936397,5.275036184504108,6.8768660146964535,52.04714858558489,2,2,9.496010195074216
2024-01-02 23:29:00,58.9223715202692,-0.4904155145845457,0.7750445215765627,29.06158704980875,58.62539954803289,1,2,8.824683474023203
2024-01-02 23:30:00,38.48802987738855,0.3558112324609621,6.467137132451587,26.415366061553176,48.45499119154994,3,2,9.326899501462403
2024-01-02 23:31:00,23.07095021617103,-1.8755322720973384,-3.971830827098668,21.500055416082898,45.76900767753105,1,2,5.9605200424156894
2024-01-02 23:32:00,37.13634589063211,-0.3106405073506528,0.7563571530307955,26.402315282108543,74.91359151981135,3,2,5.942315175898884
2024-01-02 23:33:00,116.9885127372282,0.6061552649321396,-1.4701218193083163,22.61138865453629,37.269311812759085,2,1,11.338084486114012
2024-01-02 23:34:00,49.33361003938183,-1.035739919307605,6.094097994198959,18.37205603827809,76.75125962009031,3,1,8.092729946414835
2024-01-02 23:35:00,53.36553322300029,1.6856689137029228,-1.592448343589428,13.717996675750442,94.80353571125843,1,3,5.230958681725675
2024-01-02 23:36:00,69.1853987941368,2.0426974898328325,1.869180021615323,-2.9881231440151783,65.21580169422009,1,2,10.861894347941895
2024-01-02 23:37:00,118.0008922097072,-1.0583431833955754,7.2831632670506785,33.95595635964315,68.91473893915793,2,3,11.27387994892225
2024-01-02 23:38:00,28.99215317229156,2.031942926954743,8.730858031967044,33.94932621698856,25.514616169927127,3,2,5.424913369680641
2024-01-02 23:39:00,81.75385326389205,-2.37854060338191,5.839086904986665,21.732129398601497,89.15815228942625,2,2,7.745559279331303
2024-01-02 23:40:00,85.9181632250069,2.026374591735938,1.4384261729943049,7.054793732116934,42.835822975989245,3,2,10.754838794454573
2024-01-02 23:41:00,72.87893001516791,-2.0834974099943,3.5797881211409965,-3.73410301824984,69.20409324228518,3,3,10.453825439796818
2024-01-02 23:42:00,10.629400756397288,-2.5024370849416435,5.345349207287407,-4.93570381248616,98.3289735795842,2,2,5.5237491647842125
2024-01-02 23:43:00,81.22467309930917,0.8506524266460671,8.123989398611771,-1.7191674624857516,67.64020804582462,2,3,10.25237162395436
2024-01-02 23:44:00,7.691365324341057,-0.168375805468234,8.328609771404375,11.194884685802425,77.9767589971502,3,1,5.0856252665090524
2024-01-02 23:45:00,71.53711794598763,2.4473436024769963,8.964542372325205,3.477817569868499,55.62556945790015,2,2,10.615068335474287
2024-01-02 23:46:00,88.74974126660912,-0.8208648234549045,7.160666483610733,6.927613853688559,24.82926748120459,3,3,11.57710946352748
2024-01-02 23:47:00,25.31638687439405,-1.277086419374228,-2.798030960874998,26.48471697872194,83.80794795918308,2,1,5.699418844226767
2024-01-02 23:48:00,100.99464090513288,0.0044094368651901,6.214593000793647,38.16173984616209,22.799907301118854,2,2,9.456787924643953
2024-01-02 23:49:00,3.642456663960512,-0.2643228853880321,7.218885603448266,4.304912935901463,76.05262631102832,2,1,5.546680910409233
2024-01-02 23:50:00,101.25754363899674,-0.9334317226968704,8.168071415145755,15.953977036142028,21.833725851970957,1,2,12.915535979909434
2024-01-02 23:51:00,55.23948607713181,1.1624477921899716,8.872253419267388,39.61657306747346,88.98441892613364,2,3,7.338680893979098
2024-01-02 23:52:00,26.11055279179734,1.5573710034834498,2.637397202776711,36.92534792053805,32.61088286663845,1,2,8.161699509795586
2024-01-02 23:53:00,16.05337739927616,2.11790381418082,4.826390426864657,10.854233636315405,61.14171963540409,3,2,5.657725696194067
2024-01-02 23:54:00,114.3968601098847,2.837139628262057,-4.856708350745464,9.386007105913745,67.77205635865178,3,3,9.725904389464366
2024-01-02 23:55:00,8.719870509738804,-1.4000628472049732,3.591753515386509,5.89767881517616,56.603632589872966,2,3,6.508000900493166
2024-01-02 23:56:00,23.89121039231108,1.296560894939769,2.0979757161090946,1.9931282423090015,47.261079147910976,1,3,7.493733419663163
2024-01-02 23:57:00,41.73868169196552,-0.6344505870255288,9.434590670421992,15.702343560795024,57.42514369447774,3,2,5.946752763686611
2024-01-02 23:58:00,74.42818187533446,1.062491831706648,8.525639479040906,10.35042310330364,44.913260310492696,1,1,9.48061890330403
2024-01-02 23:59:00,65.3761302331318,-0.1441098579046782,6.9640589415007845,28.517691724167776,55.04978776646905,1,3,8.862368494506928
2024-01-03 00:00:00,15.077219089477678,2.96263861660759,-4.145087232196,5.658992672373,48.71303927984245,3,1,6.65179470328379
2024-01-03 00:01:00,34.76735804858576,1.3734128147444995,1.0304326342499983,28.13495075590221,65.29638588057162,1,3,5.189553090217416
2024-01-03 00:02:00,28.65021253032289,2.7149478026059466,5.440633332918402,7.966596369188847,39.033932979598674,1,3,8.498330322568714
2024-01-03 00:03:00,25.625142538840965,2.009817296887114,-4.555088846535784,21.672795309140163,99.092524393121,3,2,8.198939214586208
2024-01-03 00:04:00,49.337320377598445,2.4174060669802264,-1.462793123707983,23.729354337762903,60.06959627057324,2,3,7.248563487615093
2024-01-03 00:05:00,84.48377431099883,1.8865151832880496,8.312607851771931,25.230164147514976,35.532966193160775,2,1,9.751555624201254
2024-01-03 00:06:00,26.094351866068312,-0.2450452177445319,-3.0532884905086366,2.890254371676778,58.1653399653818,1,2,1.8814256701128345
2024-01-03 00:07:00,44.00146556435777,-1.4892692799186935,-4.229397434920338,7.722011637476244,89.31321036198594,2,3,6.847626870946422
2024-01-03 00:08:00,46.91009122093947,-0.7780789472968666,3.708786344270038,6.075205843235494,21.74454344995165,3,1,8.929558611222596
2024-01-03 00:09:00,117.17478353224922,-2.878582604160297,9.196969231416704,20.92721849569661,74.36432952858311,3,2,10.643615233489577
2024-01-03 00:10:00,114.55996282548828,0.143959004788003,7.519371098629579,-1.591411897788491,63.83742374351424,3,1,9.827765949264952
2024-01-03 00:11:00,96.01650993024911,0.0303468016224521,9.621587570814333,18.321540248238254,33.564639549610845,1,2,11.162632310306396
2024-01-03 00:12:00,28.99907049830222,0.1515027889829294,6.30284730544374,-1.0639824960631188,85.39811514439366,3,2,5.5288313289089
2024-01-03 00:13:00,8.164477691000362,2.8441873498323837,1.560546611268573,10.16751954699012,49.51076978992045,1,2,7.051070898314563
2024-01-03 00:14:00,38.02849652647497,2.468724020729036,9.19924659384811,25.901774182800192,43.5041623052406,1,3,9.47421639367799
2024-01-03 00:15:00,32.0153459320597,-2.029723330019352,1.3994991767996767,13.565382475529592,86.25001534855208,3,2,7.477434156350492
2024-01-03 00:16:00,60.711096017567264,-0.7867048706646651,0.2514192451636647,7.615382772200251,71.08200369533317,3,3,7.772563100347942
2024-01-03 00:17:00,93.32734920813516,-0.4562629232204287,1.7229387665115077,22.71357291545655,91.86072669398597,1,3,7.653543310819683
2024-01-03 00:18:00,102.99875266546296,-0.8368024928901132,7.209609315736966,28.312110061695023,70.39069629369595,3,3,12.420288572895831
2024-01-03 00:19:00,101.38369024926102,1.7909757816234784,8.765403247733325,6.456322064766832,79.26541263456923,2,3,9.249822331509266
2024-01-03 00:20:00,43.161067346768135,0.1442260192055213,0.3652316493951328,8.472995549314476,86.91567170076902,1,2,6.326759313786533
2024-01-03 00:21:00,82.46812121528195,0.43259890182975,1.933711847983938,23.813226262798874,24.37917087279495,1,3,8.380679275550854
2024-01-03 00:22:00,37.54010370290641,2.118081353927553,8.474909849565746,38.435046708126336,82.08391670955042,3,1,6.492314603588181
2024-01-03 00:23:00,7.308665188221926,1.835568920492152,-4.294345032069966,4.624219150139904,69.09651854796614,3,1,5.703713073893876
2024-01-03 00:24:00,84.18783187235307,-2.206730863078202,6.758030411707772,24.44114360700443,25.560623721215457,1,2,9.469598517215138
2024-01-03 00:25:00,1.1793063083745414,1.2834875045018057,1.813266373515086,35.796542848077465,60.686233749497205,1,3,4.527049732499438
2024-01-03 00:26:00,49.10191049501863,-0.3873832265877865,0.6477752657450688,15.788504426996258,26.59664623871631,1,1,8.849845269159129
2024-01-03 00:27:00,39.525512316249085,-1.2321065816249972,1.7038193775525858,9.257990192289608,78.8757761378578,3,1,8.122647892394058
2024-01-03 00:28:00,83.20530462226229,-2.699887074586882,1.2803601325236968,25.009197934294363,63.720137111830645,1,3,9.90178151343965
2024-01-03 00:29:00,91.94945673124548,-0.0765026379272941,6.349279272817089,-3.585568708364619,96.2858829929838,2,3,8.941840214220619
2024-01-03 00:30:00,36.49135631655406,-0.8673799156528119,8.919212833662336,11.20722477400183,34.65082972574159,2,2,6.389050976773505
2024-01-03 00:31:00,97.39524173338242,-1.490921761941595,2.371837381698679,6.608831206770111,68.48267620163028,3,1,9.034004729327073
2024-01-03 00:32:00,35.27001126059205,1.168030377581745,7.491006786737669,5.107976625029259,36.92657076563931,1,2,7.075717633826169
2024-01-03 00:33:00,53.55916319838735,1.616912323893522,5.979168035683578,3.0891668587133463,69.12519877819187,1,1,6.750462613207938
2024-01-03 00:34:00,87.24222324169607,-1.5312628858234512,-0.0397882166528473,28.167848571367927,77.81197618886851,2,3,9.146588221428646
2024-01-03 00:35:00,83.15042750697462,-2.703315379923916,3.809707217898215,37.9794907896684,77.7843463463631,1,1,10.381006995842268
2024-01-03 00:36:00,118.484216677464,2.09251620339141,5.002235125235417,12.314679039487428,85.20591925460879,3,1,11.336903129982234
2024-01-03 00:37:00,27.019322905911825,-2.94024155277418,-4.647509421643054,-2.790351189138156,88.28401823666533,3,1,8.303168237144014
2024-01-03 00:38:00,79.47814962474989,2.622674963528832,0.9393332683636046,27.351031615266,26.181738101374165,3,3,9.847680115079111
2024-01-03 00:39:00,73.16182899309328,0.7657192438962355,9.889572637711852,19.21919505086153,47.46137256579232,1,3,9.45304689516393
2024-01-03 00:40:00,109.8118145388036,-1.0689201887920785,4.558846406051403,27.564007623061364,74.96980162878445,1,1,12.011681220085547
2024-01-03 00:41:00,18.763456997385006,-1.5211325425395827,0.0136610393766414,24.15568738895079,59.88690299129697,2,1,8.650225347461587
2024-01-03 00:42:00,90.21577963043195,-2.9459660144131483,-1.2496394089890828,35.74461914335645,35.25407574038332,2,3,9.456417754281157
2024-01-03 00:43:00,68.1922339522522,-1.587171497934737,-1.857775968488656,1.319808672711284,64.21676561333584,3,3,8.483064018719952
2024-01-03 00:44:00,32.95990437454865,-2.1736301908971534,1.0246211344781129,2.6122830366883694,52.594852221291504,1,3,8.643405960953286
2024-01-03 00:45:00,56.93218969766089,0.6729973243388736,-2.1010146408858565,10.370615081041167,51.203062212344406,1,1,6.984172735431547
2024-01-03 00:46:00,40.05319164837574,-2.0007264684371924,-2.9722072691970776,17.112496719885375,84.78029739485311,3,2,9.190852916389243
2024-01-03 00:47:00,69.5176083346153,0.171779025219716,0.4609492664043833,36.65712014534744,52.6078667065745,3,2,9.606240013145015
2024-01-03 00:48:00,106.6800732977599,0.5406985340668249,4.1049953896869,35.813390320748226,22.116360438433933,2,3,11.73508533099477
2024-01-03 00:49:00,68.31659812946424,-1.2117498099185129,-2.804012268708074,34.23424536712197,24.645067111287304,2,2,11.00317800478241
2024-01-03 00:50:00,75.80669019919009,-2.789610305887688,-4.334850892057099,5.0137120274616365,88.49952333532963,3,1,11.363854501784196
2024-01-03 00:51:00,62.249741653765135,-2.776476716314823,-4.480507729044627,27.835436974615853,96.8480648010017,1,2,7.286719223594006
2024-01-03 00:52:00,6.139860773457109,-2.8419160068364944,-0.9892362134604752,12.257128484070671,75.07274691645661,2,2,5.077942201717011
2024-01-03 00:53:00,27.94302682513131,1.4347480028192772,-2.1480156422554755,36.90323173934861,49.149463528006414,3,2,8.552966349659922
2024-01-03 00:54:00,59.04020753184993,-1.0919417711142112,3.0888304043522847,4.65411263703507,95.0880252635782,1,3,6.214536747699898
2024-01-03 00:55:00,37.22823404936457,1.777801115805982,1.835802805763492,1.3566078941781727,73.02424691005886,3,1,6.5269163268924695
2024-01-03 00:56:00,21.811631731343304,-0.4096030569429052,-0.1285007849147206,32.90733285850808,87.54668393594702,1,3,6.957170353121143
2024-01-03 00:57:00,60.4959410302126,-0.2820113950202172,7.503142512264411,27.26084178035537,81.26818432296075,2,2,10.33559038460544
2024-01-03 00:58:00,38.73717521374204,0.0772956150574426,2.574204894947897,31.963975520072346,50.33114526180739,1,3,6.706762618696285
2024-01-03 00:59:00,30.97291718080977,1.2781887382506234,-3.627050118738513,2.1074524455157446,58.29617606806284,1,1,6.164388089080734
2024-01-03 01:00:00,55.678250092845694,-1.3589828050217576,-0.5635346888945705,34.81567094872583,34.89057234944796,3,1,11.06347279050262
2024-01-03 01:01:00,15.994110969860778,-2.2704759027988386,9.600088992948873,25.492916049121146,43.36112803525872,1,1,6.083193203894717
2024-01-03 01:02:00,111.32948796904888,0.336344011148769,9.654659811370216,24.320236130435948,82.25005290292174,2,1,9.914373529057013
2024-01-03 01:03:00,104.12425175030867,-1.0381342605435644,-1.179925466793211,21.21627383941247,91.51827135064866,3,2,10.658917936200323
2024-01-03 01:04:00,84.91447028886424,-0.3450521179917754,-2.4914580680762914,29.41944185160294,77.95683386011294,3,2,9.22332240087223
2024-01-03 01:05:00,12.745659310614744,0.8816802500238321,2.4353221932586653,13.70237412462806,57.21389573253106,3,2,5.222262604925648
2024-01-03 01:06:00,93.10527053636316,-0.0352455531523761,2.2219737725026985,0.9769560669925256,26.9207415151798,3,2,10.99939088358349
2024-01-03 01:07:00,96.95487937308228,0.7216729026050572,1.1520653090352564,19.26691899223885,24.55583589587586,3,2,9.991651106843552
2024-01-03 01:08:00,92.13175412572052,0.2652000126817668,2.940358412409295,28.664588099810302,49.94604516902831,3,3,8.81278659959858
2024-01-03 01:09:00,13.67590645430894,1.4387782316165951,-1.5170693222269875,1.9141353799447056,57.105737501413046,3,1,6.651847672829283
2024-01-03 01:10:00,77.26895484813177,1.2356197062697198,-3.2760598768446925,5.080930042504095,68.72964977706374,2,2,10.217274566876473
2024-01-03 01:11:00,100.11897548992782,0.2051393508517152,3.556921877146525,26.34455299297804,20.51916171095978,2,1,10.472247462445733
2024-01-03 01:12:00,69.28240814636013,1.0734181251582413,8.988969951735625,7.134292034377696,99.1778312373045,3,1,8.24817816835382
2024-01-03 01:13:00,77.56888502737068,2.2413576136356763,-2.9337608506955317,2.647338726397044,49.11511067232343,1,2,8.139387114269885
2024-01-03 01:14:00,55.00361753115674,-0.4063722732709882,5.572220863471936,35.02264347873843,87.84757310408972,3,2,8.714418731391737
2024-01-03 01:15:00,63.44487838608632,-0.5234215635072381,1.5684503107057752,2.2402910224370025,62.79733645323235,3,1,10.995178334383334
2024-01-03 01:16:00,4.125223002207026,1.585473725114281,-0.5903511540679398,10.486686057130418,30.43515636266772,3,1,5.683062527088581
2024-01-03 01:17:00,76.67556263679415,0.4953230222519642,7.796638275886387,14.279363157934498,83.80524420276174,1,1,9.05431175190716
2024-01-03 01:18:00,9.773665546939103,-2.5739593186644685,1.847375418057729,16.426299351567838,76.78616599359009,2,3,4.695821302023355
2024-01-03 01:19:00,52.20175132082681,2.352672094146488,3.749680211019852,11.258946661921875,62.19488679433824,1,3,9.372983037709336
2024-01-03 01:20:00,35.118611720088936,-2.815301386574159,1.645844304098941,36.06423247296088,61.1642473067024,1,1,6.605832420800727
2024-01-03 01:21:00,65.45135402540556,1.4903781372584586,-3.781256274956707,24.63813495293146,26.998368460074246,1,3,8.764909330244386
2024-01-03 01:22:00,16.00996026278485,1.5527648562258776,3.923570303502789,11.177259215021618,72.46791588590993,1,1,5.854892228029576
2024-01-03 01:23:00,82.99720823679819,2.7186665116915822,1.282614625571819,11.0973873791929,92.89961246034396,3,1,8.26972061444263
2024-01-03 01:24:00,95.40138443141645,-2.6751935495860755,-3.6986509089855546,17.632862463313643,27.45959353770867,2,2,12.241695522391284
2024-01-03 01:25:00,19.60253396917878,0.5811411647069455,3.937176016284624,-3.485155812366501,41.0809160519124,1,1,5.801552664351059
2024-01-03 01:26:00,12.51757048222586,-0.4329565762376823,-4.851936019411587,36.69892774748318,92.1846378753679,2,2,3.9675826839198662
2024-01-03 01:27:00,17.4618579344831,-1.0162022708427478,-1.8721941761811156,5.048921997131901,42.74751278558347,3,2,5.963265035002863
2024-01-03 01:28:00,105.2553074278202,-2.458088638205562,6.716043053578186,26.3916654559999,72.3154937743941,3,1,10.119663687870766
2024-01-03 01:29:00,63.38271141076274,0.3759247180278553,-4.431088627118983,29.99752361525785,62.78545319545153,2,3,8.569847012436906
2024-01-03 01:30:00,56.07131952090031,-0.1257556459523181,4.700231470827081,32.232235683428925,67.70620840030897,3,1,9.545848654029
2024-01-03 01:31:00,12.805418292282514,-2.3726732510938544,9.24560419310986,2.4539039440379327,53.263112126180246,2,1,6.77939269909655
2024-01-03 01:32:00,77.94672081083542,0.6749370425825001,-2.4321131274048984,19.15118813900824,43.99931764429689,1,3,10.58295637863216
2024-01-03 01:33:00,104.15995102741078,1.427718721517631,1.2566779031436184,-1.2346537037058445,23.88267605837352,3,2,14.66052776229604
2024-01-03 01:34:00,99.38230431881436,1.6036698063218893,3.6324654605649727,31.21565553910999,79.54247514353312,3,3,11.761504847981891
2024-01-03 01:35:00,75.12656507769616,2.4322391295745645,1.7562375810076638,16.89031902812757,79.68747697553815,2,1,7.677912250912513
2024-01-03 01:36:00,9.033445998200836,-0.5431755486673371,4.305665292726509,2.132007651556499,73.65805920629785,3,1,4.348435005465903
2024-01-03 01:37:00,13.487643261121557,2.7184366117328214,1.0614628775049724,27.340552552362865,71.49070304956965,1,3,7.104098335252877
2024-01-03 01:38:00,5.917078453178961,2.192576430496116,-2.772438064671193,9.902643193839005,39.497370573402094,3,3,7.822128509518219
2024-01-03 01:39:00,30.89750597909632,-1.2209905738563658,-3.664334602633165,0.1527971692048408,21.7875947013033,3,3,6.853019208286991
2024-01-03 01:40:00,16.27937605924533,-2.044301775903249,6.166647342657166,15.74832212471414,84.69723175083517,3,2,5.577133207737031
2024-01-03 01:41:00,31.20576483029207,-0.3876636232319193,-1.420640757171428,5.586096941937164,59.29108285566615,2,3,6.534741819334178
2024-01-03 01:42:00,46.2069666862754,-0.5886077522642004,7.711754691500852,37.759982608184906,44.54705045620947,1,1,8.495195335475655
2024-01-03 01:43:00,113.15793408853628,0.454315831987226,6.145408657327605,11.26127460130498,28.154552542445607,1,3,10.966500230573253
2024-01-03 01:44:00,73.24512717380304,0.5003173939664878,-4.258202234864575,20.7603807315925,25.017727272111077,3,1,9.070728406229396
2024-01-03 01:45:00,100.19685428195548,1.4999219062798517,-1.9818332440439723,37.67624493056778,47.90933774361419,3,2,10.118156120988198
2024-01-03 01:46:00,85.24218008547987,0.0593396892336608,-0.6201101516069265,12.717453395558229,84.37896518135524,2,2,8.132833711410528
2024-01-03 01:47:00,13.50037566319581,-2.3710641543554067,3.917233732390603,11.115709319917991,93.49789994670644,1,3,6.036119625227977
2024-01-03 01:48:00,88.31044876487385,2.1497480133186366,7.147405004727085,2.30825381769742,91.74010916904518,3,1,7.26831269032713
2024-01-03 01:49:00,33.01186578709493,-1.1414125008888776,-4.095001172623653,37.22366040545944,93.6000667799724,1,2,6.213213219890386
2024-01-03 01:50:00,76.69294163936476,2.8277847618395526,-1.2558657218028362,31.033515025580733,92.6180274503474,3,3,10.25910192664032
2024-01-03 01:51:00,40.91543683715862,-2.292839347921379,0.6431464356958134,4.945494505985144,62.17798012803166,3,2,8.676016128016187
2024-01-03 01:52:00,119.7206715917591,2.74950703339502,-2.249342681177506,9.970349248674935,37.55325108455231,2,3,9.653991829630847
2024-01-03 01:53:00,31.626177539613337,-2.453929158704898,3.179381462595236,36.17103001368781,83.84372662694562,1,1,6.2254956918792175
2024-01-03 01:54:00,33.49565649291236,-1.6137831723176432,2.1700371903746545,19.177581811352127,37.09703798820632,1,3,6.173170190255124
2024-01-03 01:55:00,111.6806706674878,-2.7205203474807504,-0.2525653692326015,20.0350428972646,41.37658214052553,3,1,10.3012441941024
2024-01-03 01:56:00,2.9573285563587204,1.2306788798339694,2.753303303805352,24.166501687812072,38.66034574580388,3,2,7.325324116031371
2024-01-03 01:57:00,83.60267854478363,2.101792419430751,0.3373234652667083,29.297371805850915,61.19859229566447,2,1,9.374779804266856
2024-01-03 01:58:00,87.03916688830537,-0.3955735091041177,0.1479110120093612,37.267849554894845,45.7462006535264,3,1,9.27731686666804
2024-01-03 01:59:00,100.36542928924791,2.571132450254578,-1.0190671196451122,31.100128306151127,32.33248397002732,1,2,12.440129910320357
2024-01-03 02:00:00,116.93271727661704,0.5417944305335975,3.106569014715824,37.054713930880965,56.25387295151059,2,1,12.1498664311037
2024-01-03 02:01:00,117.07223029879827,0.780042812679139,1.6617309167849026,31.92743911685061,89.91257910281335,1,1,11.358908117229598
2024-01-03 02:02:00,7.833210907975667,2.072515210204619,-2.055128238091644,-2.9104672723400133,65.64422839599777,2,3,6.208718218955243
2024-01-03 02:03:00,98.6207187303483,-1.2191987696889666,-4.8055060865270125,0.2890579241623889,90.26684847100697,1,1,11.155395022220985
2024-01-03 02:04:00,77.55719203888576,-0.8744056720342455,-2.736056890806209,34.82018165408503,35.66977480633099,3,3,8.03600365589492
2024-01-03 02:05:00,77.68105612477095,2.435711515167866,-4.357480977521911,-3.7536597929634334,33.35790989380432,1,1,9.701389872493335
2024-01-03 02:06:00,15.401991193763376,2.405780976232583,1.4739825045764814,30.73785919689688,66.04617005587362,1,2,6.706158005311627
2024-01-03 02:07:00,78.0224599734784,2.858896657205225,-1.6235471913146249,33.24296793565805,57.06631212370184,2,1,7.677816514263841
2024-01-03 02:08:00,117.89790967214974,2.4110298986500265,1.3068299878708682,13.695905293710355,72.81381133175655,1,1,11.889422062132663
2024-01-03 02:09:00,109.41822834473363,-2.235767783799835,-0.0582518994498668,10.96846387704489,83.57014328214252,3,1,10.286347411718712
2024-01-03 02:10:00,52.695679296582064,1.942345716821924,3.070222160298501,3.748189860312232,80.10458365217411,2,3,9.568568893583931
2024-01-03 02:11:00,4.793756794331321,-0.5409691313424356,5.8580024318290125,-2.798650775193666,95.3808938926849,2,2,6.9343627691822
2024-01-03 02:12:00,43.47521880002458,2.9448081356756277,2.1897090720078456,28.542233033994712,51.86051273256092,1,2,7.531473045989967
2024-01-03 02:13:00,99.16683739206664,-0.1663142140271936,-4.070479085913037,-1.6822811998676015,36.51093937985446,2,1,10.219381541464914
2024-01-03 02:14:00,84.17989217581993,0.3230164950133236,-4.73734277877638,37.51013326040144,64.07301119583086,3,1,10.213175690942697
2024-01-03 02:15:00,55.12123867127477,0.1786494915407912,-1.8015325058369127,8.353455824877786,28.85944961529485,1,3,7.36045811394006
2024-01-03 02:16:00,6.612184219059731,-1.0695778208503333,1.3745126683128062,30.740994291740428,43.10808986653051,3,2,7.584967149392159
2024-01-03 02:17:00,51.22736733879631,-2.5498674666424908,-4.326424570590991,-2.3142807033435187,36.63104442105156,1,1,6.562011668926338
2024-01-03 02:18:00,56.28299276614602,2.373907382411512,-0.083992927401665,19.13254080933424,51.72509734376647,1,1,8.648804452928037
2024-01-03 02:19:00,111.42666394729632,1.8160548751577208,8.305385618427286,10.709479169074704,28.89732600017723,2,2,12.421694057021218
2024-01-03 02:20:00,76.93033242985913,-2.1628393166419846,-3.6497146722174594,-3.649950266983844,22.547339563847828,2,1,9.985801849843927
2024-01-03 02:21:00,37.39834999855787,1.6606096281004374,9.227747646543603,24.510970948412723,72.54352037040255,2,1,7.688487931594587
2024-01-03 02:22:00,63.03819173408657,0.7550799963036603,7.850076632636794,37.442322440882265,68.81991826318439,1,2,8.263702802616796
2024-01-03 02:23:00,7.926636938659208,-0.5451372724942662,7.476717340203081,-4.516125475862042,76.66871488309289,2,3,6.487583728760528
2024-01-03 02:24:00,116.70818827796842,-1.4758731054266236,7.954877663144364,7.169661678110819,72.83091522170751,3,1,13.1234718988603
2024-01-03 02:25:00,43.20718823168712,2.158372701013395,-3.7992460212052537,26.662258421390423,29.14357449139068,2,1,8.891222194126618
2024-01-03 02:26:00,57.344082589576296,1.201129555764318,-2.7324785903195483,34.20641758187334,43.286310510051706,3,2,11.175931921176993
2024-01-03 02:27:00,42.63407690843072,0.2864394568148212,-2.984413601583768,3.585062807503516,30.362128792028187,2,2,9.200064978541397
2024-01-03 02:28:00,81.90140761394402,0.6574112033907848,-3.3313728387293606,-1.817744695755402,87.43779216388505,1,3,10.93153920404833
2024-01-03 02:29:00,79.46785899955117,-2.453602907506914,-0.0843317070165614,-4.611136984831813,79.75229242844186,2,3,10.674487373726272
2024-01-03 02:30:00,85.83867726349628,-0.1564814345328482,7.45325324425791,4.68428897452829,36.1221602334594,3,1,11.17958422040696
2024-01-03 02:31:00,32.1771875534305,-1.837798243285788,-1.2205678455315612,-1.7907218575588613,47.30473923919148,3,3,5.453320784383076
2024-01-03 02:32:00,37.88021773968792,-1.7496979259470478,-1.3366748151161003,11.17219400961691,97.32919938113712,2,3,4.415297718860883
2024-01-03 02:33:00,15.030147731544954,0.9678237737212,5.138331361309199,14.805659872923108,67.53274863037211,3,3,8.062916792261706
2024-01-03 02:34:00,78.6611966215335,2.4675369110057286,-3.546123467949243,16.59657126469928,84.09244778409258,1,1,9.75153020841602
2024-01-03 02:35:00,4.775655280278306,-0.5774603371299207,0.4041998854288593,1.4048189610073418,41.16728278149833,2,3,7.849376490404906
2024-01-03 02:36:00,71.72188026281509,-1.7535043619268578,-0.5686053973366851,15.879462197196528,36.80423361434442,3,3,9.754422128845745
2024-01-03 02:37:00,104.36350618219606,0.8924816234199255,7.70951296194132,-4.592676120986163,82.71335430772388,2,3,9.42696806096781
2024-01-03 02:38:00,106.89985779475604,2.2271222781019064,2.7175191643818994,5.773948965492055,74.86979641851521,2,2,12.15095025003129
2024-01-03 02:39:00,53.88453124439541,1.489912806734945,4.697103461829116,11.608872218919394,74.4782343369411,2,3,10.97043987599325
2024-01-03 02:40:00,55.116442585568855,2.212543383219523,-3.064484926906472,0.3258209174604971,64.21076654633552,2,3,8.103624054790423
2024-01-03 02:41:00,9.236301960962084,0.219328026064796,8.933773908338653,31.630206879279285,65.08626742212391,2,2,6.828415698152679
2024-01-03 02:42:00,80.49180305316429,1.5112574662151452,-0.1632176881234306,4.054557653866937,78.8558004245003,1,2,7.530054573588902
2024-01-03 02:43:00,98.55113044474146,-2.159612643846381,5.602582567647422,28.970037024082053,41.60019848969562,2,1,9.974397636593547
2024-01-03 02:44:00,29.358606552565565,-0.9103523078208512,9.319392698733154,16.325186775512236,48.22147726855646,1,1,7.726609516974934
2024-01-03 02:45:00,50.55610579600376,-0.6627050131108652,2.629732924240038,16.588439191532398,89.7309416416044,2,2,8.59709398759546
2024-01-03 02:46:00,100.66072041183244,0.0677744774762074,2.613028881007833,24.033745124753203,44.709216080972624,3,1,9.87853105270165
2024-01-03 02:47:00,105.25445611947455,2.5744581615409423,-3.2412586466232214,-3.007502976515056,63.70476571034392,2,3,8.102578487754956
2024-01-03 02:48:00,29.181597631707117,2.245779361333046,0.8541333463469378,-1.455829699993572,76.21115712053472,2,1,4.451029187382996
2024-01-03 02:49:00,66.06847614496371,-2.192847046264893,7.786974083223033,9.707957039763134,99.99398614665412,3,3,9.26375335724419
2024-01-03 02:50:00,23.099178076299246,-1.9632620887052208,-2.9734023935157747,13.7570125225775,54.82330651962656,1,3,8.03298261243821
2024-01-03 02:51:00,12.225451696746784,-0.8541567024665317,8.762561958409862,14.347335873766887,54.2474301299955,1,3,6.429236720969565
2024-01-03 02:52:00,109.3344601670349,-1.2555368046559563,5.009641215799851,25.459920887146065,87.4070703546934,1,2,8.444377483581086
2024-01-03 02:53:00,98.4609005078531,0.6886257189375735,1.3143975258855765,-4.968274467373149,84.44024890078906,1,1,12.121127728751278
2024-01-03 02:54:00,91.20418821638089,2.416656286587269,3.19747627788486,38.15972914358599,78.48607053876388,3,1,8.589713809272702
2024-01-03 02:55:00,5.85195825757685,2.7737492500355208,-2.742550883949486,2.8519334939625187,57.05837099272231,1,2,4.990543773632465
2024-01-03 02:56:00,101.2474551252309,0.9216177152113588,-1.7377506029340355,6.188425433735654,45.915129612857264,1,2,8.677470709903137
2024-01-03 02:57:00,52.56528910864605,2.0289552084065203,-0.7038735939999077,35.75322330363235,68.69843860678789,1,1,8.931095539745726
2024-01-03 02:58:00,41.08741479550316,0.1512132013847829,0.7726917726162172,-4.752886960870149,90.09786345053128,1,2,5.456783879480114
2024-01-03 02:59:00,65.57716332304517,-1.7500383188397617,8.732829924894771,39.60877367015293,90.70219665668692,1,2,8.016297088726947
2024-01-03 03:00:00,10.9623891268267,0.1481304725608643,0.513535374477355,-3.381919896780349,28.679867605635074,2,3,7.802215116655574
2024-01-03 03:01:00,90.79758592228788,0.3304956086259065,2.8575286057933145,0.4245483772101828,54.26802270505205,2,3,9.129999714592373
2024-01-03 03:02:00,69.89220922659551,1.4547453852813392,-2.569607578732367,5.804802064699967,57.17775649589996,1,3,10.014131090908332
2024-01-03 03:03:00,22.390811624780103,-1.6807020617559054,6.03959801578106,14.74247380508083,98.20922940190026,3,2,4.810134674616197
2024-01-03 03:04:00,22.587863972285472,-0.7901377074796097,3.404212736000522,18.330319017201653,74.23984121940677,3,2,8.283624878135708
2024-01-03 03:05:00,22.109838188720907,-0.8158351847126024,1.5986118697505791,-0.2876687974100873,52.57971338096564,2,3,6.391674033444795
2024-01-03 03:06:00,6.840286506232078,2.756637574446989,9.207796983372903,-1.684674562053699,22.08463087884744,3,3,8.144072017501356
2024-01-03 03:07:00,70.53581392460218,-0.3363302380396864,8.359762662127551,-3.5663433617404383,65.23081280793568,2,1,9.65355650386
2024-01-03 03:08:00,100.84178131062096,1.530563803788879,4.892669085167459,6.5537815303391405,27.68607805106849,1,3,12.554188425350723
2024-01-03 03:09:00,2.099785678486632,1.5048682882466338,8.827186092347906,36.46898381178591,86.75599658782104,1,3,5.243628864898174
2024-01-03 03:10:00,5.880557396552826,-1.4067348911805515,3.471726923996089,12.54291334995564,80.20149284562896,3,1,7.093527852989482
2024-01-03 03:11:00,68.7324332024335,0.4312181362303926,7.404057275729002,29.380332644254715,56.8407327926543,3,1,7.538561001902331
2024-01-03 03:12:00,98.33948224632628,2.365817359911889,1.1419024627777938,3.558468754252784,54.33686236333598,3,1,11.805613983788154
2024-01-03 03:13:00,39.20866686823603,-0.1488136832583033,-3.6988371297807854,-2.089434842302809,91.78711724550148,1,1,8.270164367087029
2024-01-03 03:14:00,41.95372785692666,2.6707050440552766,9.912228842936644,19.942590481764825,43.07666803345028,1,2,8.769502981716021
2024-01-03 03:15:00,71.5615796996131,-1.7132506240550305,-2.5155271876014123,31.994158016672586,39.921596968541664,3,1,8.060545046601133
2024-01-03 03:16:00,32.90554669489764,-2.555045365355816,-1.2273494111151608,35.43069624985952,95.13579462606096,3,1,7.40311369323842
2024-01-03 03:17:00,3.193003929322096,2.348723238868496,-2.553449158627408,19.57920715907954,84.73966694027861,3,2,4.521859426948813
2024-01-03 03:18:00,88.22742217219152,2.0860871877733,0.0621927696811761,8.231452781396394,85.65004744537558,3,1,8.64313442073532
2024-01-03 03:19:00,75.07798955297437,2.9555392556030684,-0.6607979941049189,-0.0719714643232629,35.61550514207404,2,1,11.151058643408875
2024-01-03 03:20:00,69.69071988667909,1.076360928674556,4.016533728238523,25.05202844073834,31.463679314474756,3,1,10.388926145587371
2024-01-03 03:21:00,89.00209547901878,2.620127560002897,9.946900216289269,7.619656770313835,22.08236398537079,3,2,9.32617878758674
2024-01-03 03:22:00,81.02770050744451,1.9616941505046648,-4.212364167716473,32.97830910016889,38.9633207134944,2,3,10.787871006605975
2024-01-03 03:23:00,24.705838581398535,2.066557998720521,6.67664669939983,22.23045033039796,81.93523933714599,2,1,5.134118687345999
2024-01-03 03:24:00,42.29772563320213,0.4148494227256094,-3.080121133902702,33.649535350962665,39.20307350113198,2,1,9.61979406797748
2024-01-03 03:25:00,15.133217001435,-0.7058124124997347,-4.7024746305167655,20.49938545023181,78.3282626875901,2,1,5.842727772481323
2024-01-03 03:26:00,15.582841610145724,2.6073484352596914,4.578652301735422,29.72840632169995,40.15266122939372,3,1,6.101524949591891
2024-01-03 03:27:00,81.14348956278471,-0.4072969463046334,8.099728433040509,8.243731790999439,51.623399836053736,1,2,10.556934644490038
2024-01-03 03:28:00,103.0320128378998,0.2329162034980143,-2.3555224002740704,17.63764556721617,98.65298319291269,1,3,10.23975520325006
2024-01-03 03:29:00,115.52791006333668,-0.3233141572488733,0.1242067696292101,-4.126713219369053,39.58493850273085,1,1,12.35901333356455
2024-01-03 03:30:00,75.40165410593333,0.3889098837611824,-2.4687469366538424,22.35242844956,50.10965018386141,1,1,8.842105384567727
2024-01-03 03:31:00,22.09215880331484,-0.1769695260460366,8.597613539543756,19.018270640220397,44.08697443721709,1,2,5.945520797647415
2024-01-03 03:32:00,12.678041453871684,-2.7121946485231447,-0.9445935137281616,28.987704509359148,28.769998906400183,1,3,8.358386278665611
2024-01-03 03:33:00,97.54211658441092,2.292289116046192,1.670693371091537,27.803018446872954,59.191531370466,2,3,12.790206250636183
2024-01-03 03:34:00,69.45077716319992,-0.333637086505381,8.421119144246175,23.242765082570852,50.295253066640186,2,3,9.713712675983874
2024-01-03 03:35:00,74.19420252164639,0.5336618910440922,3.2930380564400767,-2.4491563870609707,75.59096686458241,1,1,10.701142894146122
2024-01-03 03:36:00,93.7754506505651,-2.1648731834520776,8.992747011530588,35.635436826748474,85.4075637561237,3,1,11.539482653369864
2024-01-03 03:37:00,84.3932673278942,-2.9796729121041654,8.896756219705585,-4.189136409171641,63.53997715965108,3,1,9.110007322200838
2024-01-03 03:38:00,100.1349903427316,-1.5282594381381422,1.9240152984058136,31.14704471901525,22.57571376698695,1,2,12.773930572685035
2024-01-03 03:39:00,6.745668655185417,1.2275161928001015,3.735739191000558,16.570585807036142,69.51378849877773,3,2,4.690585499629415
2024-01-03 03:40:00,89.70247640958058,-2.4048328193227286,-1.5452858943059464,31.80971033003334,24.431258401675137,2,2,12.610204544410063
2024-01-03 03:41:00,102.10233087865146,2.4533246423188078,9.858037282017449,15.928144317071135,69.308505887922,2,1,10.317068290750978
2024-01-03 03:42:00,34.33620509499772,-1.7098645838628923,-0.825250093823076,24.11220122823163,74.80239594153508,3,1,4.985026948397172
2024-01-03 03:43:00,76.85367287919034,-1.7724383142493452,6.749604819714268,11.346947760189831,35.82141020940148,1,1,11.91077322044093
2024-01-03 03:44:00,37.699447660436654,-1.910952230271027,-0.3054640976716101,28.4655431261348,85.54769189774169,2,3,8.137230672106304
2024-01-03 03:45:00,114.95652797789448,-2.916109722171812,-0.3043660686532243,6.437927880152399,92.88681052592388,3,2,10.144356067790056
2024-01-03 03:46:00,4.010828692260451,1.630832810869408,-3.4420560994858085,27.371016034381853,85.04695712910558,3,2,6.157326675930933
2024-01-03 03:47:00,69.5751412599546,2.250207187471551,3.398437161948697,3.702219298474674,44.408735216966576,2,3,9.114700036215186
2024-01-03 03:48:00,19.98042564594181,0.6849762156971932,-1.327514928076861,27.497545765272648,66.93144099565075,2,3,4.996555545539391
2024-01-03 03:49:00,85.46642462125904,-1.8708001099208265,-2.7740786336357184,8.215208735897535,93.1852119352982,1,3,6.980276998348917
2024-01-03 03:50:00,21.10683401023945,-1.2883320183547216,-1.599999582248998,7.538429742193125,45.65317809782799,3,1,7.516497985691155
2024-01-03 03:51:00,28.245991427802903,-0.1444398158102204,-1.233602644039551,31.517227186537298,85.602225781234,1,3,5.216734501842271
2024-01-03 03:52:00,59.32449732549097,2.7260757097398045,2.5612518417922905,31.616168651052988,20.75801050093572,2,1,9.648521260282632
2024-01-03 03:53:00,109.78019399962535,-1.5158917690935432,0.788845548333434,26.11310662864104,20.2917362227741,3,1,11.305465019486448
2024-01-03 03:54:00,25.4057246577565,1.389875423519328,-3.867645784670599,36.57588838408465,80.77693282711739,2,2,6.622912666249847
2024-01-03 03:55:00,17.308802534172422,-0.3633106602424778,3.040428743437916,2.0287162005280277,80.91580657016969,2,3,6.268563459102907
2024-01-03 03:56:00,91.07721982248368,-1.2129159098398692,6.816211773831471,7.119459409589682,83.1181750281835,2,1,11.061321194180088
2024-01-03 03:57:00,60.07434388007172,-0.2645043778673175,3.61352741340993,8.230633897904578,94.402147031053,1,1,7.583609439141809
2024-01-03 03:58:00,109.41421348581255,-2.572759694752605,9.61810378377656,8.737885183045544,29.43250494562274,2,3,11.252817747214062
2024-01-03 03:59:00,17.593746859181074,1.7921242255821743,-3.512746877832929,9.761439274793664,38.558798798695065,1,1,5.518635763378841
2024-01-03 04:00:00,77.51134716276472,-1.5401884321021972,7.317285051371641,26.365412970370148,92.2979936299046,2,1,7.872600310147829
2024-01-03 04:01:00,27.945497538217804,1.3524727391578226,2.5853900484599963,7.184116449640253,34.178895821788274,2,1,7.743172470422713
2024-01-03 04:02:00,18.81125143819672,-2.589909771310832,2.823927663178422,7.866496968271665,74.57834140612673,3,3,5.712543637682924
2024-01-03 04:03:00,82.01152981887246,2.7305913369941166,2.786499019743226,20.668656258217812,62.43704000326523,2,1,10.500831483534744
2024-01-03 04:04:00,71.24215438904798,-1.8419100875658083,-0.1202175813854236,3.7011484778926977,26.65549414812058,3,2,10.927574652820804
2024-01-03 04:05:00,90.57929500347974,2.2964524572424825,-0.1316747863962133,11.419937794620516,42.82109295532263,3,3,9.16842705252864
2024-01-03 04:06:00,37.13550917354189,1.8568392576926067,4.477667599637137,-2.392682512275237,61.62977731527743,1,2,6.82778098942044
2024-01-03 04:07:00,53.75659876586279,2.807159544488496,-4.328523719253254,37.86461986283532,88.18800933470672,3,2,9.815293652687552
2024-01-03 04:08:00,48.656601159650215,-0.1326560343255023,3.8317906795270513,9.278845469420633,76.6030791691739,3,2,8.70512357075959
2024-01-03 04:09:00,118.0907356759817,1.3643837630757094,5.868860773163732,33.251896011148865,69.75065291639464,2,1,10.87788652379292
2024-01-03 04:10:00,35.069874808726546,-0.7757360577732957,0.3448944021312696,18.847551733149924,59.68263119531319,2,1,5.551448297980272
2024-01-03 04:11:00,35.37806860161203,-1.893790571881837,-1.7396459081055005,5.269547077946598,43.89471870513074,1,2,6.667830174113093
2024-01-03 04:12:00,42.54578505943289,-0.341544402399307,-1.7991963091564331,3.704240830130445,29.539592905540893,3,2,6.339806771061994
2024-01-03 04:13:00,67.75128975483858,-2.0055059076692707,-3.77240519983151,26.27323351973564,52.72608276528764,3,3,10.297589074553304
2024-01-03 04:14:00,30.27872931164943,2.892267736718304,-3.654210211903876,38.419096343513885,22.28147951290341,1,2,7.200688932944225
2024-01-03 04:15:00,109.83479284551288,-2.4225210531557018,-2.4996819770811096,3.238137423812772,36.88447114134805,2,1,11.692084926859268
2024-01-03 04:16:00,31.88226778395162,0.5352703407157224,-4.712406424203693,0.1939547513535391,54.59867006981278,3,2,8.280969429895004
2024-01-03 04:17:00,107.49788778722336,0.7587831315243356,-1.0064688871372356,12.419470543446868,53.488414853753206,1,2,9.445444972161608
2024-01-03 04:18:00,12.417007637590158,0.2284772572443252,-0.4039725612805984,12.721474612537412,23.54363447975939,2,3,5.898477521024192
2024-01-03 04:19:00,78.78752428795828,0.9731153142710012,9.928318800341962,31.28138381613787,67.1248122820233,1,2,10.067392296929311
2024-01-03 04:20:00,108.83826221258924,-2.3029153499286545,9.87531606484188,16.100018251733,63.9747404682589,1,3,9.424377418140626
2024-01-03 04:21:00,20.249932607787542,0.3301111452317462,-2.1942672974437283,-2.189246524146112,26.248344321673027,3,3,5.617678093679073
2024-01-03 04:22:00,116.1992352119106,-1.2767245732358308,-1.8045176285461333,36.43004612684648,95.45304419683517,2,2,9.78586631851356
2024-01-03 04:23:00,54.34600324986141,2.64105637980634,2.378595558406488,11.793455209776043,27.95062231606881,3,2,10.250963133588607
2024-01-03 04:24:00,113.48581301292292,1.5724299206383543,-2.768234993934348,25.08392787223913,88.38673209898688,3,1,8.917890036389984
2024-01-03 04:25:00,81.21840523560564,2.835086892958456,2.560591122372876,25.03697221998243,20.02477855320048,2,1,9.181786414023438
2024-01-03 04:26:00,36.19042438482619,-2.7746635815588627,0.9908455720761148,-2.4646064642320216,90.58248760363064,2,3,5.460326774876529
2024-01-03 04:27:00,22.59630299005277,-1.289200948915748,-0.1306566342519142,-4.837790337921939,21.577578576345005,2,3,5.944177585753863
2024-01-03 04:28:00,36.44820554701192,-1.827464480169906,7.339077562146629,-1.0383337245120332,80.62496255136928,3,1,6.468741317119697
2024-01-03 04:29:00,11.162089111521,-2.933072476129017,7.421765499895864,38.04390098343072,48.93526490402024,2,3,5.140141296132603
2024-01-03 04:30:00,17.26415596119957,-1.5460456185220717,9.818342004755898,30.729682706962564,79.05734401090558,2,1,5.65298274713544
2024-01-03 04:31:00,12.559252841577738,1.0726559011225731,-1.6536782887762662,0.940552452643452,52.13961643399828,2,3,5.750093426943063
2024-01-03 04:32:00,50.75322524898693,-1.613466467192589,8.324162457156191,22.66914392044688,25.672633786547337,1,1,9.946428162526413
2024-01-03 04:33:00,95.46940515091038,0.0540206728957093,3.067688945108964,22.538818772918138,81.40053563162913,2,1,10.504422962332644
2024-01-03 04:34:00,16.966026505960823,2.326908689789992,3.8718914699852807,-4.974840774368391,25.7002148257092,3,3,9.60767229734152
2024-01-03 04:35:00,15.638451980680305,1.1625475220944512,8.444398214987894,14.307892082103884,93.76963487689744,1,3,6.7587159382886846
2024-01-03 04:36:00,77.21147394207969,-0.6322255805638082,9.1394619456748,27.02989617708001,24.07792286333291,3,3,13.045587050066638
2024-01-03 04:37:00,23.661957836167957,-0.7651863665273502,5.902168865509559,3.405678120281729,58.34602222172124,1,2,7.750695837654088
2024-01-03 04:38:00,11.713204573078992,-0.2655851159490918,0.2176364790268579,33.29067243976164,77.84275446806365,2,2,6.345087507349798
2024-01-03 04:39:00,20.02182938466932,-1.9377513536405615,2.34501984502758,24.71372023446991,51.45971718336302,1,3,7.702947414589557
2024-01-03 04:40:00,110.84776750521311,0.8040046044959288,4.225807960811649,-4.68840663209514,37.37867796739478,3,3,12.28039141956157
2024-01-03 04:41:00,98.5765503331429,-0.815083085372367,7.429600584791455,33.471138105011136,80.72727691168217,1,3,9.398223201306037
2024-01-03 04:42:00,42.48774748261129,2.114192095572262,4.869215580663331,-4.126998671527889,82.74357638309812,2,3,6.819877354959363
2024-01-03 04:43:00,78.69849207928713,1.539315960346897,0.4817142503143454,34.956796187193504,93.81559871634936,2,1,8.983004803335417
2024-01-03 04:44:00,64.47308084016457,0.6630789845529605,1.268206770404416,10.017348590644024,50.09320883448622,3,2,6.813940237554204
2024-01-03 04:45:00,81.25491161790767,-0.8147866641029036,-4.243434469410879,26.43926148498903,60.50013875978615,1,3,10.670929964691863
2024-01-03 04:46:00,81.92053829553112,-1.7404090099590936,8.86401790655704,30.434393592028307,49.05027542768576,3,2,9.38005484027891
2024-01-03 04:47:00,75.44808180719915,1.6569111846337368,-3.6782148000576016,7.657096898077322,40.566545748109455,3,2,9.279838934175016
2024-01-03 04:48:00,31.93216422447703,-0.0815454060534808,3.698961860283172,11.039657503313933,80.08263692300869,3,1,5.148553497332189
2024-01-03 04:49:00,4.680770491538175,-1.651499770935855,8.074778218582326,17.929378449504966,47.17214760135644,2,3,6.986869082795077
2024-01-03 04:50:00,54.66801383881305,-1.8289523097599627,1.3129787427251074,21.22111893090588,54.25195535938816,1,2,7.956525443690066
2024-01-03 04:51:00,106.91686616288446,-2.007594572991846,7.001882312670572,8.141885773472753,52.293892609922224,2,1,9.831126149964398
2024-01-03 04:52:00,68.33967102222911,1.66296717723357,7.057241194544426,39.65779159803696,77.01289805173967,2,3,11.264394578325597
2024-01-03 04:53:00,99.88692500422896,-1.6260768881981298,-4.1023094212062965,28.16521029500224,93.4236500888544,2,3,9.53183649691258
2024-01-03 04:54:00,118.99492115534738,0.1598535811511849,1.1821558859608243,7.336840441901298,73.34048490459018,1,2,11.124543847788356
2024-01-03 04:55:00,19.633944496593152,-0.2907218341616611,5.365382300305653,23.819448607045626,57.7266076875386,2,1,5.799745383127272
2024-01-03 04:56:00,83.01331669703788,0.4776653953697032,1.3353026360332434,14.591704051417668,82.33640917911067,2,1,10.192161720601302
2024-01-03 04:57:00,80.91522884400295,2.262929402227165,3.1775087226903427,33.71480011952791,71.277705929771,2,1,10.345944954322569
2024-01-03 04:58:00,117.5946536829934,2.206484340490384,3.9168685690996,9.802753184956902,24.84882856942508,1,1,10.227124944474612
2024-01-03 04:59:00,118.27208807433604,-0.2935435690508421,-2.7315593490313628,3.453429466895967,27.65308691350733,1,3,11.002156259450173
2024-01-03 05:00:00,82.40143340689553,-2.9078024955916604,1.179718092227947,-2.9238683546733397,23.033355525890663,3,2,12.313717980887276
2024-01-03 05:01:00,29.23377503786331,-0.4413371657141809,-4.573051674746512,39.293915434050135,56.545306096505584,2,2,9.297456888817846
2024-01-03 05:02:00,95.82670057567188,0.6371612245448421,-2.7556087520698336,11.164975312620989,86.06827474711719,2,1,9.23201574842712
2024-01-03 05:03:00,12.843496105324572,0.3465885545883704,2.683810950647479,4.9233310781013895,45.04665354810817,1,1,6.768852160252948
2024-01-03 05:04:00,93.68391650059544,0.9080166348012328,3.603789969082154,17.12958130423721,50.73281464739853,1,1,8.295124514858912
2024-01-03 05:05:00,109.22353489736356,-2.075545605161499,-2.8064839011250653,8.123769492019699,92.75816866943126,2,2,10.54896149429562
2024-01-03 05:06:00,45.94000737221223,0.8792105926843954,6.334289053186307,5.480501544554519,86.95227562533239,3,3,6.899287065577865
2024-01-03 05:07:00,75.67623539796966,-1.9040902875373664,0.59481831806489,22.737302508965197,73.2038489906048,3,3,8.602307368752813
2024-01-03 05:08:00,51.61712785161916,1.5031438841804938,8.80974893241508,-1.631821666387156,41.344302567380105,2,1,9.902138093125425
2024-01-03 05:09:00,52.531806598575415,-0.9654743204239198,0.8149408495810979,17.904682733491452,29.36331861507548,3,3,9.279817824615382
2024-01-03 05:10:00,37.2445066929744,1.259372600288721,-2.752835353510932,12.4344085605109,21.284705814409097,3,3,7.4199676536918835
2024-01-03 05:11:00,91.45555445403896,-2.7128064065633577,6.3695568802113645,18.963818443644197,28.56085380835367,2,2,10.101405537946835
2024-01-03 05:12:00,112.34118769998062,-0.5528398464545194,3.5170120065899333,9.419828041250296,43.40771548991542,3,1,12.491182275665324
2024-01-03 05:13:00,112.89010310813534,1.230207133579997,0.8003225236623361,20.6644414416165,64.14320508635966,1,3,12.03750291669241
2024-01-03 05:14:00,20.97375418499206,-1.6387769020110352,0.3393574514839237,-1.318165503143704,25.12000662019095,2,1,8.617843129282328
2024-01-03 05:15:00,104.96923795878791,1.7717222687833356,-2.7384653966409345,11.927153024921282,30.898222265475923,1,1,11.066061559333267
2024-01-03 05:16:00,88.49177297125466,0.784678398629592,0.1125194119901715,5.687437371076101,34.48645618463529,2,3,10.183329068413798
2024-01-03 05:17:00,30.34048808283471,0.5253706328987899,-4.559837885324974,14.71403709648162,70.5585674386645,1,2,6.682702992795771
2024-01-03 05:18:00,8.074153550581746,-0.878706874773977,2.5360287111365656,12.925124812290624,69.26318391840995,3,3,8.059535411205271
2024-01-03 05:19:00,32.15967202612536,-0.1052911777132945,8.45085612720604,23.403264777251117,64.06125810977224,1,2,6.714189870951853
2024-01-03 05:20:00,109.46498841378308,0.5840958058671184,6.929961943229907,23.294097767179306,40.04011397567517,1,3,10.891535826141295
2024-01-03 05:21:00,75.98144098749268,-0.1652273165106574,-4.572182041936785,13.60141363429003,49.68957529749856,1,1,9.520701686212076
2024-01-03 05:22:00,86.52655930774462,1.1898799436433602,8.218904894023487,3.173042064844553,27.73517730701944,1,2,9.631356584183566
2024-01-03 05:23:00,30.8582821330915,-0.3978184013582426,1.7848724332382997,21.1861141873161,38.11684830064439,1,2,8.499621881109691
2024-01-03 05:24:00,86.32657866897843,-1.786360909547818,-2.136628018767584,38.49319164949624,91.81641811780644,2,1,10.328150476502246
2024-01-03 05:25:00,3.374580753350851,-1.7163973031937163,6.28617932823081,3.344922597470628,98.37533971486629,1,3,7.075737925283828
2024-01-03 05:26:00,45.03856149276166,-2.965177386942353,-0.1568967473443052,-1.892336946592315,71.81276685122357,1,2,6.72131187956617
2024-01-03 05:27:00,75.21040182507974,-1.1942537066479653,-1.2002236529472077,6.905253347141196,93.3458633618736,2,3,8.336396653591923
2024-01-03 05:28:00,17.531587864958425,1.4935058428711177,-2.5802238982767856,13.581415063041709,71.419352032114,2,3,5.80477067764086
2024-01-03 05:29:00,98.76042893363216,1.7649762530256572,2.2993286035033416,8.778478981905293,22.65571888843759,3,3,12.454728577777724
2024-01-03 05:30:00,28.20375585743024,-1.7851947474255,-3.599090006758321,32.56193692672034,99.74100679891272,1,1,6.520801346510862
2024-01-03 05:31:00,78.27373353821355,2.754263981228446,6.784196936706799,17.186245261918515,27.916184134922798,1,3,8.387389265361492
2024-01-03 05:32:00,48.62365710903956,0.0144167608807603,2.060118649996165,6.075754674668421,74.61134411560485,3,1,5.953935844853685
2024-01-03 05:33:00,71.52523145731766,2.501872494111016,1.704646252283803,37.75895756031999,40.226896245983205,1,2,8.939781115626072
2024-01-03 05:34:00,12.894066315468976,1.2405916911697863,-4.9721906527771855,0.6278268874562452,51.35848903255681,3,3,5.9102060531741465
2024-01-03 05:35:00,2.029535990592879,1.3346005381344783,7.267957904628419,0.5310148845119613,71.67473478407506,2,2,5.851639380065826
2024-01-03 05:36:00,109.14773128563614,-2.489738272163573,2.392555885573805,6.037818664430839,54.91898794461656,1,3,8.358465229229175
2024-01-03 05:37:00,32.355601052061935,-1.680053238618416,1.5984177970202182,-1.545254525603731,40.04368471449026,1,2,4.837660126840524
2024-01-03 05:38:00,98.36124033365508,-2.947111000233164,6.420773279265857,28.824370808341584,46.755694950265976,2,1,10.617702595010025
2024-01-03 05:39:00,119.92203605666404,1.2967658428604247,-4.056521763488587,9.07648753794872,47.32384935385411,1,2,11.724239688302625
2024-01-03 05:40:00,25.37175095986934,-0.93337026942894,0.5002068414280556,27.842709635785184,96.7459123606571,2,2,3.7613228041363618
2024-01-03 05:41:00,31.820488942002672,1.719915096458081,3.6360093633063455,29.32318604636714,83.88904127387607,2,3,4.996082088540942
2024-01-03 05:42:00,79.54317451615988,-0.9663826803778424,1.908663441087816,5.688334783688292,56.683901718352,3,3,10.176275082304986
2024-01-03 05:43:00,115.85383615207456,1.9160025137931669,-2.275416651830384,18.326363743186786,35.985673627309126,2,3,11.897946470334398
2024-01-03 05:44:00,109.89772178288928,-2.215810477510122,-0.5108523847953235,18.381647929951523,84.88128882101248,3,3,10.41863012781552
2024-01-03 05:45:00,60.34506240787019,-1.9597610594549508,-0.4969916352855055,34.21139855516808,32.57459772866988,2,1,7.325531327427789
2024-01-03 05:46:00,95.41323390320696,-0.9547407624963808,9.879562041478405,-3.846611749858879,36.83697737136028,3,2,11.73942534818334
2024-01-03 05:47:00,16.289502371988128,-0.5490756667063601,-0.1070432179002676,9.256015464196526,49.28107134721209,3,2,8.619007606526953
2024-01-03 05:48:00,117.29258210448148,-0.9077831349421296,-1.9222690618655156,34.71202211561596,90.4278556681592,3,1,8.701111278725826
2024-01-03 05:49:00,115.72238808431838,1.5818821951393192,7.339557296562196,5.656145022249135,30.54293349072882,3,2,12.862843942937712
2024-01-03 05:50:00,19.64747494550052,-2.418291644239712,1.3175688250541295,1.1595995385904443,29.778735428362086,1,3,8.677348855230619
2024-01-03 05:51:00,35.930774976372795,-0.8926978821690716,1.6579554173057618,20.926259272775656,59.51799906442128,2,3,9.641632246975858
2024-01-03 05:52:00,12.018599700812032,2.023439997092757,3.233335952436059,8.76445428689536,42.11284328749397,2,3,5.9732273402096325
2024-01-03 05:53:00,32.606111867781564,-2.599217536426968,3.935337958937673,16.028252197140926,65.49823533185278,2,2,6.340851455878056
2024-01-03 05:54:00,97.9146947298248,2.6540610460281444,3.858334006155092,31.900574454013142,56.13093477465788,2,1,11.150221511897684
2024-01-03 05:55:00,45.39787285983114,2.917901053632077,-4.482504163834341,18.431363878737827,54.79672850809735,3,1,6.588603874059672
2024-01-03 05:56:00,10.607636057611003,-2.4685909570495195,7.282636493469292,18.21504021971674,28.95783763895946,1,2,4.279853428210287
2024-01-03 05:57:00,41.06706297346855,-1.2523648664655782,-2.0772077138774305,7.518220406292601,31.28397521998721,2,1,9.010573695956973
2024-01-03 05:58:00,117.76600010895362,-0.7655960037878629,-0.6148680832420874,30.67895040148509,85.68628619574801,2,1,9.795893535857935
2024-01-03 05:59:00,75.56203143110434,1.6583482119163566,-2.398557199689868,28.29165808215705,90.87061900573956,2,3,7.2261155040870095
2024-01-03 06:00:00,49.93931356873893,0.5755608727004029,6.506149863038166,5.535423159636089,38.77468263082002,3,2,9.13822897186088
2024-01-03 06:01:00,19.9846216196724,0.8661942029554042,3.754869889381293,9.400203387046222,29.07684012198153,2,1,7.569648248238146
2024-01-03 06:02:00,118.34121567404335,1.545058936911036,6.32944229128077,30.48826868461935,24.27333375476085,2,2,13.535553603500023
2024-01-03 06:03:00,98.50188111157546,-2.2921260033778457,4.800976081439506,11.097301082129048,68.66380909935174,1,3,11.117024617637696
2024-01-03 06:04:00,33.77727629411033,1.9992567414615736,-3.437620483708972,13.16018271518945,77.22825700001644,3,3,5.58376443314623
2024-01-03 06:05:00,8.408243486542734,1.2337188250808635,-0.4775033622349207,11.39855220650436,49.824799136256445,1,1,7.687387004902248
2024-01-03 06:06:00,6.795066885306964,0.4640503511782219,2.60897739385182,2.273463693302965,74.37406939925117,2,2,7.881880079326686
2024-01-03 06:07:00,14.44537794066406,2.33841200869834,-0.425824528529545,10.340344078730858,77.03670524476209,3,2,6.967604671285419
2024-01-03 06:08:00,69.6922300337306,1.201838123302843,-1.8904414339082531,31.132088639671373,94.82738251175245,2,3,7.880850628640368
2024-01-03 06:09:00,111.45161054465908,-1.7898002242138475,8.047179535998996,17.098390946969015,25.18989102680858,2,3,10.070896222063444
2024-01-03 06:10:00,59.609211360718135,-0.4215277135459994,6.21675512823064,15.61978674741863,35.383337858486385,3,3,10.175119710526484
2024-01-03 06:11:00,101.15345789474364,-0.0357427983856002,0.1783009083126501,2.035802932412338,25.48207900775905,1,1,8.469049497516178
2024-01-03 06:12:00,53.50639438317694,-2.668694239497566,6.475185439433478,2.99064273387378,89.43951466688884,3,2,8.003349989423008
2024-01-03 06:13:00,85.03002549213903,2.7278250801603345,4.413079276678419,-3.06724260424464,83.40697280268549,3,1,7.954030684204255
2024-01-03 06:14:00,87.8247284743801,-2.228536435218729,-4.943213995514048,-4.3720010814549335,65.97136564974713,1,2,8.493530798382999
2024-01-03 06:15:00,20.87564470840064,1.1847676033603616,0.7039303901745244,16.960631713279696,26.69307280409465,3,3,6.549665404979899
2024-01-03 06:16:00,43.34592707709741,0.0373862165452809,-0.6426875120850433,13.415455984583424,41.86498869229757,1,1,6.9222946238776
2024-01-03 06:17:00,76.47625878456287,-2.8462065006934645,-1.7313706744115471,7.391990731520778,43.81758784468136,1,1,11.026436150650657
2024-01-03 06:18:00,8.483592982123941,2.54848485518617,-1.2261590889373264,39.55209431581368,64.85945568123337,3,1,8.399753253429685
2024-01-03 06:19:00,43.38482253155479,2.111020852913599,9.13547269863284,12.909828804452758,40.64351152293724,3,3,8.670204174165917
2024-01-03 06:20:00,64.17593595374309,0.1455475674230131,2.294756019873059,30.49811046092272,25.83678911303639,1,1,9.134668745854256
2024-01-03 06:21:00,119.54693916535663,-1.6263459831633285,7.715630773361793,4.474551699920054,78.46098414826395,1,1,12.595014893561393
2024-01-03 06:22:00,56.94402751469289,-2.2702626559194345,-1.7867427177052615,6.116854387393735,43.92641693243291,1,3,6.103809959973173
2024-01-03 06:23:00,97.92681085371883,-0.8196451234072404,-2.3839430053107757,20.57761152331345,56.18993416186405,1,2,11.815567367178506
2024-01-03 06:24:00,51.84807420799413,-1.467430313723457,8.331843824708645,-4.818727863401293,30.21333079858443,1,1,7.98496346816844
2024-01-03 06:25:00,95.56688671436508,0.0401472060377923,2.435570286737017,-4.215854214099498,84.20386427156637,3,3,12.104666705221751
2024-01-03 06:26:00,71.449776194413,2.7984557767405738,8.427281879686195,1.3998424517287669,65.24255015392461,2,1,10.37089253238472
2024-01-03 06:27:00,106.3914529802878,0.4497209593778484,-4.0545672069308765,5.040446846393339,92.12685009678904,3,1,8.176266538085814
2024-01-03 06:28:00,49.31310628201319,2.339586335340588,8.746532832644617,18.75322821098973,59.63772504522667,2,2,9.059341920516983
2024-01-03 06:29:00,72.51653037857747,0.9052730249746634,1.231679745133346,25.88032438672569,95.3140537454304,1,3,8.518987025455269
2024-01-03 06:30:00,75.60224167425929,-0.148520840476797,-2.6694426886722837,9.034539879461157,91.34945635050607,3,2,9.34403182601178
2024-01-03 06:31:00,50.0859530160568,2.127645376400228,5.250740341527912,5.758192120170287,66.11678851673872,2,2,6.566780897967867
2024-01-03 06:32:00,17.317445242497783,-0.1717913389620147,6.953540249413855,32.02650303219945,94.71147505198908,1,3,7.278356542644913
2024-01-03 06:33:00,11.227128829480266,2.211769023062166,-4.289379086278994,2.324964310630412,45.84709978356418,3,2,7.358743667270717
2024-01-03 06:34:00,2.000586071955972,-1.2505393825454083,9.807939616280292,25.524694977604604,49.251373016336906,2,1,5.879908337360993
2024-01-03 06:35:00,104.82411170942576,-2.2271215574220715,5.455403309742705,36.90987323871419,23.63823610448296,3,3,13.008437522353235
2024-01-03 06:36:00,28.376989468643345,2.1318867861776303,-0.1789701251323352,5.449490960923324,67.13607254110825,2,3,7.408044207465174
2024-01-03 06:37:00,25.380809913812165,0.5244909827560007,-2.730593064569141,-1.0865585517732663,77.75391759431467,3,1,5.747071466043534
2024-01-03 06:38:00,88.32424805112787,2.3345543894937606,0.8879712201732213,39.08915023072047,81.88153521936826,3,1,10.359518477545365
2024-01-03 06:39:00,38.40193357048701,2.626963241954299,-1.6915150916206128,7.184820825456324,31.985302883688263,2,1,7.476207605101256
2024-01-03 06:40:00,60.72536308942039,-2.678229657771305,2.412298353971437,7.404844407700219,55.532725785000025,3,2,10.374063107371503
2024-01-03 06:41:00,19.50132783569476,0.00581581115321,6.728390627354914,16.769753110209866,34.14905696751325,3,2,3.920408413549041
2024-01-03 06:42:00,115.16948657543632,-0.7502127055528245,4.901955834258299,5.397594657076578,72.97018790833991,1,2,11.94801351991396
2024-01-03 06:43:00,102.18976800206848,0.7551503824207026,1.5390235717259335,39.67925599451061,32.63570979374145,2,2,13.530887291816384
2024-01-03 06:44:00,103.6547547558004,1.761547183213941,-3.215841131299257,-3.066535135870521,92.333094716486,3,2,7.762579214407648
2024-01-03 06:45:00,48.81284982864062,-1.3164587041537863,9.357353835520104,15.316288551953871,38.45077165291307,2,2,8.921221955349056
2024-01-03 06:46:00,91.48334564486072,0.3407903062390298,-0.9444421182426996,19.67560307783501,43.31218130305959,3,3,10.006135960536744
2024-01-03 06:47:00,17.265138646773618,1.2523714794293976,-0.8324818118747404,16.012788607626206,88.07250577207998,2,3,6.500037495662386
2024-01-03 06:48:00,1.0342803110136334,-2.193413502985596,4.682533327577987,18.423533778829157,56.67740881165791,2,3,3.0421150097968805
2024-01-03 06:49:00,2.396751909363375,1.884401435707601,6.557644332206541,39.4410614897679,21.919675664005844,1,3,6.761020112837194
2024-01-03 06:50:00,70.39220848854725,0.6366575991178385,9.762291479760243,34.46057127415559,59.56690009621166,1,3,10.939446495929747
2024-01-03 06:51:00,54.647388629752896,2.6972246226819108,9.537463909417092,8.879965568325023,26.763466830409843,2,3,8.560920499735117
2024-01-03 06:52:00,62.16184186902237,-0.9628264852158406,8.70640786348121,19.81646721358474,98.82757749498484,3,2,6.450234878035218
2024-01-03 06:53:00,0.8955768500663286,-2.351124345976808,1.529703510750247,-4.986004436203962,67.04892563644819,2,3,7.4708947357414495
2024-01-03 06:54:00,50.72239435889109,0.0390072062215516,-2.4999551036532788,13.43060506181734,40.522609408878274,3,1,10.390222222609898
2024-01-03 06:55:00,86.1681793441033,-2.485135369743367,3.767068049299416,2.374340028788578,65.09741436380942,2,3,8.603826798389791
2024-01-03 06:56:00,53.12324423609231,2.8171591399440405,-4.741152416798479,27.01122658490469,26.149368270540386,1,1,5.897620329372345
2024-01-03 06:57:00,87.86630475746666,-2.7678902504568508,-2.056267415069098,4.949030993512517,83.99130434150536,1,1,9.983705037985048
2024-01-03 06:58:00,27.96227572762017,1.521023406643848,-4.962059048078531,28.70030404802237,94.02624430913308,3,3,6.766156236028449
2024-01-03 06:59:00,97.57704053780704,0.1506143888534641,-2.291961311426918,9.09219252910328,89.95555105649277,2,2,10.973856808175498
2024-01-03 07:00:00,70.61174885441427,-0.7882760850102679,2.121356850943841,36.66228795901191,47.340608183885024,3,2,10.035136277809608
2024-01-03 07:01:00,25.29157193158875,-2.604947012948072,0.8998646664012391,15.043747076560582,46.06144957146948,1,1,6.10441154520581
2024-01-03 07:02:00,28.406457102459957,0.7330015450416463,0.5394484738995882,32.778297385323214,22.807008897304,2,2,8.483087908771118
2024-01-03 07:03:00,75.36365574834444,0.5113219763457315,7.464292959007936,23.26747013675559,72.11202869607334,1,1,11.110647501634222
2024-01-03 07:04:00,99.5927511854932,-1.3147003615944015,5.124944569685169,38.98291967065616,62.7923827351836,1,2,11.406858544072048
2024-01-03 07:05:00,49.87533384349862,2.461330208461873,9.04647644306659,28.422523782043804,56.74770970618731,2,2,7.3633203318811855
2024-01-03 07:06:00,30.996051495311065,-1.175339955942979,1.680116360165087,27.746649504012357,92.61047626677656,3,2,5.441892074031236
2024-01-03 07:07:00,104.04139282927206,-0.301647536447363,-0.9165548678607234,6.918969210219336,33.43031208662771,2,2,10.153614042788078
2024-01-03 07:08:00,80.31219501010018,0.2625747355119339,-3.159731929499667,17.718688793764315,20.773301335214587,1,3,10.95615394074973
2024-01-03 07:09:00,53.77025847396918,-2.3986087309422834,5.08041093527719,8.05511599085373,25.865316169661234,1,3,9.978552859956594
2024-01-03 07:10:00,58.54802343351622,2.592970315281794,7.626116327074854,-4.131795334171834,37.86971502618951,1,3,7.790003717405631
2024-01-03 07:11:00,24.51077615236757,-0.7527830852937534,-2.243909536073656,26.976339969305503,22.66284394107656,1,1,5.6889137576410285
2024-01-03 07:12:00,75.21631560778127,-2.5153247167539385,8.181291167688043,5.61264248669209,60.22749685145084,3,3,10.513593164571342
2024-01-03 07:13:00,43.04910126514664,-0.6762529579480203,2.894143025429996,12.879581365425436,45.127236418686245,2,3,6.645131506099393
2024-01-03 07:14:00,119.47742120092192,0.6012152825554842,-2.8387905178857213,7.808745422823982,34.43864064545061,2,3,11.643642008673275
2024-01-03 07:15:00,57.622021831426544,0.0819160309279771,4.642949873526323,3.983613540864271,80.00672599589296,3,2,8.051532128969521
2024-01-03 07:16:00,58.30627274275359,1.167251844223644,2.800791123058202,-1.9796304027310945,36.3561060986024,3,2,10.62357373434838
2024-01-03 07:17:00,67.90221448928062,-2.667096347592536,-4.577246790309015,10.205045894707885,75.00840807950345,1,2,6.933629311440959
2024-01-03 07:18:00,110.0107203742496,-1.2927563383676632,0.9886480708993632,-1.3214784415458851,47.94119246781111,2,2,11.77495719741979
2024-01-03 07:19:00,96.09817198317003,1.915383461040614,6.771819894143665,19.314361318145032,60.94622085300436,2,2,10.06516242460012
2024-01-03 07:20:00,54.13560837574097,-2.520637873251835,3.3313563013316063,-4.116915330733793,94.70936318810558,2,3,8.291846336649998
2024-01-03 07:21:00,86.24391191673551,2.132915728175745,-0.7693831060620422,37.30089458392869,22.988130785265028,3,3,10.794452081938484
2024-01-03 07:22:00,70.3482598536914,-2.4486234475373623,8.929626450738246,38.49137587537045,60.02116059819695,1,2,9.611221208502194
2024-01-03 07:23:00,59.08404584414987,2.006725289350177,-1.4333144293421012,8.709423173336605,88.35383682620946,1,2,7.781898869204103
2024-01-03 07:24:00,23.077892734122063,-0.8352695935276397,-1.2089598960107582,6.708758836291146,67.03793986962788,2,3,6.974318613113303
2024-01-03 07:25:00,55.67235161458691,0.6732543795432946,0.3195901942039461,-0.3017660134189466,42.14964135721253,1,3,7.885552751102633
2024-01-03 07:26:00,29.49823044270896,-2.0826773061120107,8.418067918841926,35.72135169613009,51.814490811602745,3,2,9.216987754803611
2024-01-03 07:27:00,109.78105798219856,-2.6029876696489147,2.614380931382745,21.40887663849569,74.42125029828597,3,1,8.737838522119958
2024-01-03 07:28:00,40.24881761956164,-1.7043707758791895,5.232685888387433,22.455621534914798,91.26495154510424,2,2,7.285217340072005
2024-01-03 07:29:00,114.27168174400468,-2.2328770925478265,9.643962587654208,35.31354081708991,23.28530989972893,1,3,10.125684751932912
2024-01-03 07:30:00,63.96663481136535,-1.1255646139222093,6.7494444533854665,35.98540572354693,25.723105751230115,3,1,7.6350521151144495
2024-01-03 07:31:00,75.78532544113924,0.0862994790661213,-2.4109982202336013,32.27537513697299,46.004121888767,3,2,9.81211232577772
2024-01-03 07:32:00,65.15285333871932,0.5325567813900571,6.825308935599649,29.80487024948475,38.62237475499832,3,3,8.11640317535591
2024-01-03 07:33:00,15.525674036004109,1.7392086442784578,6.225057238390283,34.47585500349927,41.194470897792485,3,3,8.441002889694419
2024-01-03 07:34:00,45.09854628095292,0.9374393594901518,-1.5107450828416158,34.41867730080352,37.70159989007048,1,3,8.252813502755776
2024-01-03 07:35:00,11.897533473314873,0.6525499507773178,-0.1197525366857608,11.589018532235476,35.66600390841262,3,2,5.460010216546996
2024-01-03 07:36:00,74.7544853020058,-0.5293078350853522,5.651923597946153,38.80260489905429,30.44991734954334,3,2,9.456226008821616
2024-01-03 07:37:00,53.62490342405267,-0.1571493902391676,-1.4241035889821214,26.910949592217516,94.71633054361904,1,1,7.966319815803292
2024-01-03 07:38:00,93.3581965885124,-0.5128750236589132,-1.8771969649607103,11.65942453056979,31.535157112492243,2,3,11.772918634520432
2024-01-03 07:39:00,26.45645771992438,2.0529961803682983,5.552091581954967,14.8922282773979,36.352301981242896,2,3,7.07469438107731
2024-01-03 07:40:00,19.74792701152019,-1.619997284709601,8.208932392296454,25.920897622666207,39.70125791846286,3,1,7.300652610639578
2024-01-03 07:41:00,48.759867715652135,-2.9656744107482123,-3.8747497606682,11.249450933560563,94.64118985043363,2,2,7.407876483606444
2024-01-03 07:42:00,111.19024598620574,0.9079193833574356,1.6886160288716914,32.195097040900734,80.45713068808678,1,3,9.234773132085518
2024-01-03 07:43:00,85.25061780148941,-1.7852268981670116,4.107628304935117,1.6628629536164343,83.17595442524117,3,1,8.527770744979485
2024-01-03 07:44:00,50.27083497515024,2.340690817858856,5.14415178748102,35.84174344199332,28.380660763079845,1,3,10.38465850093894
2024-01-03 07:45:00,62.07266037051727,2.1542779782399366,9.942938685622437,8.553888032647407,86.90479000125373,2,2,8.745001517204896
2024-01-03 07:46:00,10.1055613412518,-2.539635768430765,5.240379404750811,1.872075340440892,52.65544654539344,2,2,7.130557946493536
2024-01-03 07:47:00,118.14910756513358,-2.361669567515536,4.302311694957311,33.61109266507105,41.0258420969911,3,1,12.527398173218268
2024-01-03 07:48:00,79.96887656339027,-0.0289704465200024,9.846012284635028,5.775845752110451,66.06000668162484,2,1,9.70403260071797
2024-01-03 07:49:00,34.2484882156107,0.655335976616128,-4.089977894327243,32.95280821223206,85.77463246533871,3,3,8.128904142151534
2024-01-03 07:50:00,70.29700730582933,-1.3505499751065555,-3.883446557703527,8.331898155190425,82.29217208599275,3,2,8.640069396920692
2024-01-03 07:51:00,13.137883928279276,1.300786300196224,3.410237896361263,37.02389294443705,91.19979860649056,1,2,4.861144842500119
2024-01-03 07:52:00,115.90040025691005,0.5694961255132291,0.3799692152438627,4.858493791059006,94.25057488123552,2,1,10.031581773783389
2024-01-03 07:53:00,20.97419854600391,-1.051055341508672,-3.549537293794161,-1.865750401759941,39.049765714219966,2,1,5.902869101204039
2024-01-03 07:54:00,77.7636381666257,-2.8477710717461067,-0.4032665586081414,37.1439023504075,53.90863153354174,3,3,10.295961363667274
2024-01-03 07:55:00,29.454535504671654,1.5009016877911066,5.11531731111466,2.45315840096438,21.1702831364056,3,2,7.203056840761912
2024-01-03 07:56:00,86.1073659178243,-1.7114780050495038,8.209224455299452,37.485964377502384,90.3457327412048,3,3,7.248454070275422
2024-01-03 07:57:00,93.21856406883371,2.00684246077577,-3.585132850151687,32.07898075532514,32.36577211798141,3,3,10.10818994885014
2024-01-03 07:58:00,80.81036746937191,-0.4782584396744687,3.102175937261564,-1.3133574627514255,88.91798498741554,1,1,8.702480401170849
2024-01-03 07:59:00,73.7399352306231,0.4624646557905922,-0.5582665280536716,15.031083952432098,46.350985758927706,2,2,8.599818268327521
2024-01-03 08:00:00,107.0962912742414,2.237692382454012,5.009892449407095,-1.6970153839197972,49.45068719849105,1,1,11.35331054307679
2024-01-03 08:01:00,9.435205318770963,2.18173800551972,3.2417724168626023,9.84039540753151,23.130580358708748,2,3,7.862357199504689
2024-01-03 08:02:00,39.70977189362343,-0.7708825485385606,8.90066509033269,10.817638520799402,46.15030318122557,1,3,9.040641759137296
2024-01-03 08:03:00,29.794497555701515,-1.7466666437109413,-4.434741695751678,21.98349986474081,91.06909462410113,3,2,6.803490138555928
2024-01-03 08:04:00,118.5616754478506,1.6508764663715685,2.0505591241021204,38.91530055294006,22.04379208972833,1,2,13.22188611067582
2024-01-03 08:05:00,46.72677356002482,-0.4015187783872127,-2.1086066697393653,2.639354804840158,52.50619784373803,1,2,8.533413490731157
2024-01-03 08:06:00,87.91352390884785,-1.8477480386459757,3.051725629963686,9.811793413696543,22.51197038501929,3,2,8.976049510298113
2024-01-03 08:07:00,82.16701966572055,2.426552053902901,7.803690161002647,21.419612239653876,49.67387400872519,3,1,9.459320791147992
2024-01-03 08:08:00,25.449748497285327,-1.811374834553476,8.669747916790879,2.7139384893818725,33.8112512624233,2,1,6.842618813963158
2024-01-03 08:09:00,28.67972162538616,-2.845156990852613,0.9734749482580272,26.98193480164236,40.17747146146976,2,1,8.065507897652157
2024-01-03 08:10:00,33.754147626364094,-2.87832015739548,7.176707848987386,13.164687214886676,90.20786985291352,1,1,5.975529255286865
2024-01-03 08:11:00,49.335273391125504,0.7338921387255857,-0.7923788791174182,37.73075330358927,54.88393764975128,1,3,6.301091557545479
2024-01-03 08:12:00,28.11900787806321,0.970050364305182,-4.90542580521229,23.34419253470768,41.903839312152975,1,1,6.881673298640063
2024-01-03 08:13:00,2.3581779296217364,-1.1337497696580965,7.828585862844534,11.338632004454276,67.14707023604382,3,1,4.718730392947625
2024-01-03 08:14:00,105.52716681686346,-1.0799340645176196,-3.2088163639007803,27.37629044809391,31.36855678660659,2,2,11.306982048994678
2024-01-03 08:15:00,115.87317976570608,-0.9630365096403436,-4.7358331495557735,32.74395600954781,40.75132859366847,1,3,14.075057945311787
2024-01-03 08:16:00,40.98844644378816,1.080951280553272,0.3069649505192293,31.02158938132758,63.69983740823108,2,1,5.579111274523799
2024-01-03 08:17:00,40.620825531056745,-2.6511972538390287,0.6906998443743619,6.824397735790772,39.00184334784551,2,3,6.120023890099407
2024-01-03 08:18:00,0.8510175329245184,2.574698116147954,-3.841697438415912,13.764250846698658,74.33021899206986,3,3,4.381324226114431
2024-01-03 08:19:00,81.63008259964488,-1.664873734935321,7.212739697267064,15.347994746372724,59.31930418076181,3,3,10.734987864804742
2024-01-03 08:20:00,99.05278748983544,2.998039231452553,1.0838909531250014,12.4772526477569,81.75912562037527,1,3,7.601337398410511
2024-01-03 08:21:00,17.59299604320038,-1.970863837276878,2.3488542065439155,8.988861228511787,95.85956285779748,1,2,7.26470245397174
2024-01-03 08:22:00,19.159961924058088,1.6292787438742646,-1.0306209807075244,28.873650967660645,29.26439114779262,1,2,6.28258924037361
2024-01-03 08:23:00,94.80998999657253,-1.6595247304222498,2.672601285198967,-4.449909045582002,46.77320079876359,1,3,10.348689822253512
2024-01-03 08:24:00,73.95488980249736,-2.514919190140476,6.500970859260004,8.209490298644688,45.56392503027253,1,3,9.348442069043518
2024-01-03 08:25:00,5.3832669153260415,2.249599946103893,8.592740732507753,1.372776563780663,32.09463354698034,2,3,7.229118499216789
2024-01-03 08:26:00,74.70563885547381,2.152507555145352,9.55794401102724,0.794619215497625,84.82425098667767,2,2,10.216477978840228
2024-01-03 08:27:00,37.070126741251926,-0.5785776453023921,1.4008588690204595,7.463140010386537,80.7902963231032,3,2,6.142014551592911
2024-01-03 08:28:00,44.24701865650151,1.214376855242561,9.850507881526887,29.296889100177182,58.75403766675192,3,3,6.959944495406146
2024-01-03 08:29:00,92.36777019562562,0.3423955961035028,-0.5756643241597805,38.62398410852951,63.02166222356877,2,3,9.916355420098723
2024-01-03 08:30:00,97.31222312071328,2.1177366820424925,-4.895360970724098,18.15783099434945,24.7635310401997,3,3,10.92567940419022
2024-01-03 08:31:00,48.04279522077968,-1.1096641840880734,6.514255658464521,10.253731790961304,64.44058818616365,3,3,7.258772384134493
2024-01-03 08:32:00,113.65835232076256,0.1420343999939111,-2.323465271882021,32.31267098399891,83.30732192157092,1,2,10.552577303222948
2024-01-03 08:33:00,48.775526154248666,-0.0877657727726974,-4.213177428142057,-1.980345862928776,65.90620588670858,3,1,6.60262862861774
2024-01-03 08:34:00,92.6203242276132,-0.8765650424588474,8.860133838965481,-0.8074426154437306,41.22450960963352,3,1,10.500929209474457
2024-01-03 08:35:00,58.06527174771109,2.348730387338233,6.877162457454803,10.541484163717,73.40386178674697,3,2,9.570977956919783
2024-01-03 08:36:00,107.70387918265008,-2.004732452024787,-3.4600279769261557,15.178382476210793,48.919074397219816,2,2,13.218322914105611
2024-01-03 08:37:00,108.93134923802144,-2.102948162875823,6.653652285764997,30.902704117661838,63.58986274285882,2,1,11.714809278473515
2024-01-03 08:38:00,10.490016944530062,0.4614572119365081,7.659995461404945,36.63687727011053,59.00522906231398,1,1,7.443880724811878
2024-01-03 08:39:00,112.37919975722708,0.944965379909652,8.579524977738565,18.907444074630277,50.49400007721441,3,1,13.278318887128602
2024-01-03 08:40:00,99.06418098244988,-1.832284474052609,3.1554110119953998,17.30401013070737,77.51023843153081,2,3,11.611665283372478
2024-01-03 08:41:00,94.95728571752002,-0.655695346472255,5.55118105792144,4.585495858556538,90.71008895887054,1,1,10.503275101641314
2024-01-03 08:42:00,24.109360762262693,2.679383057872462,6.433589184415164,15.303169466499249,20.417001478153995,3,1,9.76152127069819
2024-01-03 08:43:00,96.6143050505598,-1.520295463855956,5.329584027341603,36.56399040733204,94.68932153842938,1,3,7.9207687137373295
2024-01-03 08:44:00,102.01592816220442,1.010164212704364,4.702504304583904,12.680479132301716,60.921210886658,1,3,9.668713724209676
2024-01-03 08:45:00,34.698040134498115,1.440896362185545,3.213388791668254,4.480711951043309,76.05855042906121,3,2,6.152081482574666
2024-01-03 08:46:00,114.27120940347884,-0.311227803209043,2.1879318129335417,10.17827631423144,88.44996529407017,2,3,9.535486608427068
2024-01-03 08:47:00,5.98321756789971,2.625155920557498,9.941875293472458,18.156757568582805,57.36829538514159,3,1,7.864744557977003
2024-01-03 08:48:00,17.98911038965676,1.4199404113127423,0.0634117063323467,21.93632637698069,86.79792586919122,3,3,4.745518896643276
2024-01-03 08:49:00,64.50973656618172,-0.2524525208346126,-3.6759684433317705,14.459344583807614,34.20958555641618,3,2,9.549868937440554
2024-01-03 08:50:00,69.09509653467717,0.4160112106565639,6.475554475054414,29.13412807931361,32.733402758385154,2,1,7.900553149277682
2024-01-03 08:51:00,77.41800999610841,1.1556806605506038,-1.7926343319575877,21.3004021948018,72.59770950849229,3,2,8.951726593702794
2024-01-03 08:52:00,2.036295517855975,0.5531410825753094,2.990400394280585,24.927166030525928,89.61144044413898,2,2,6.66243801146949
2024-01-03 08:53:00,115.24401295465564,2.2721855029564555,-3.56297725099144,33.83135160750537,91.39409420288317,1,2,9.931494671902255
2024-01-03 08:54:00,5.350571128097279,-0.8586680263175932,4.289257912251859,33.95598566226938,71.49923667017973,2,3,6.678885157445835
2024-01-03 08:55:00,17.167434326808287,-1.2006855596651704,9.160111058548331,4.157874053594414,62.0391384167454,1,3,7.156585417781982
2024-01-03 08:56:00,1.6817421031268376,-1.7169666630284142,5.840570689104366,23.05051351746924,46.511447015721295,1,2,8.520187446318538
2024-01-03 08:57:00,68.02301199529137,-2.773302191612429,-1.7819783266007976,27.248838746874704,98.40003324794652,3,2,6.4850382602196746
2024-01-03 08:58:00,111.87202607051668,-2.741916213719668,9.567070679332913,1.5633828967383003,45.57565493330004,2,2,11.134544428216262
2024-01-03 08:59:00,79.91365992965571,2.2203311586556964,-0.3936960346317768,32.92464266765133,79.53488857852746,1,2,10.253860944698385
2024-01-03 09:00:00,98.71889621765128,1.070358878435444,1.5492247973703162,3.121143790509908,62.55854399240006,1,3,9.365185025577771
2024-01-03 09:01:00,1.5937444150296098,0.9631944926189168,2.471755305592012,30.96757404736857,68.68098740202774,2,3,7.698156338621581
2024-01-03 09:02:00,65.04183581756713,0.6878569136093162,9.860781150602092,2.2659590480552243,51.47844404709009,2,2,8.097907913671406
2024-01-03 09:03:00,55.14755730066263,2.095314868164629,-3.966628989212252,28.38003415649505,97.18585003777984,1,3,6.531948027067156
2024-01-03 09:04:00,59.87615330649517,-0.1183984460062355,5.4509244165335495,1.6666590498998692,65.7345860879417,1,1,7.033317050457852
2024-01-03 09:05:00,8.665582240222554,2.222464971349802,0.4289631353910375,12.04731898863109,95.0230104367032,2,3,5.190292144229725
2024-01-03 09:06:00,82.13224332831689,-0.8433298429065648,-3.8251202134634097,1.4582260062432368,20.60731329391313,2,2,8.897573558480435
2024-01-03 09:07:00,60.38644978303613,2.5602450260345435,9.025474864492846,7.182179334698336,65.81364665528967,1,3,8.198809058024674
2024-01-03 09:08:00,91.81786198335168,1.191941880487441,3.84787478714598,39.30316498090681,77.37495117802172,3,1,11.157854247081646
2024-01-03 09:09:00,58.23487608740584,-1.4569371838534364,6.302770113831636,-0.1545954768777342,79.60641369297744,2,1,9.647523606286748
2024-01-03 09:10:00,17.92579634717185,0.3845095301317505,-1.394218466430805,13.290917188804968,92.39815054253452,1,3,4.684751586130442
2024-01-03 09:11:00,77.79083448933864,0.1981833689295333,6.4231138394413545,25.46137033984853,20.3521287203029,1,1,8.783381956910365
2024-01-03 09:12:00,20.686363452619947,-2.172607069617996,7.427131600348249,-0.7430643321221382,20.026412740758115,3,1,8.926353502407325
2024-01-03 09:13:00,104.6873476025778,0.5474574345036847,1.4624409582171447,-0.0935155661209981,57.78107686361722,2,3,8.447790987569736
2024-01-03 09:14:00,73.57394868830897,-1.1112862576982525,3.57934709121948,1.4468292635743571,22.34349640042965,1,3,10.337581883152708
2024-01-03 09:15:00,18.86446602683451,-2.685907399142385,9.57808802394332,24.02438701148605,97.96260429298997,3,3,5.210719833310194
2024-01-03 09:16:00,115.48056689774482,2.691936946239389,7.700944625616383,35.92016130906429,37.76521396331135,2,2,12.06773985171687
2024-01-03 09:17:00,62.20385560023848,0.848942214385727,1.6727509160224638,32.16952542858932,57.81317834918758,3,2,7.0018942907259865
2024-01-03 09:18:00,8.7478142245986,2.261513591225082,4.968607881337688,39.23748577108713,24.89101040097789,1,1,5.770291363393347
2024-01-03 09:19:00,75.21994852980806,1.0563360300795193,6.763472152037696,21.01620480697272,61.76387329370069,3,1,9.266106053253694
2024-01-03 09:20:00,30.38386884153723,-0.8580978471593221,-4.635067691326273,38.266478707818365,50.39649001179268,1,3,7.1455780929729205
2024-01-03 09:21:00,96.4432142252763,0.0761284339728685,3.825489799379056,8.722037434695341,23.5728023101779,1,1,9.93432934652737
2024-01-03 09:22:00,98.13864882794287,1.0544805620830626,9.767929201190626,13.967706723072958,46.80994133569798,3,3,11.72636074919355
2024-01-03 09:23:00,117.47368270255944,2.761513951208625,9.20770974739497,12.821861558475836,51.31488161782845,3,2,11.774723276762618
2024-01-03 09:24:00,60.224343722940446,-1.4779832452698212,7.486605921436665,-2.8689133874493065,99.1937193019952,1,3,5.735129018730635
2024-01-03 09:25:00,54.594825567328456,2.2498623517447065,-3.4067886030397205,32.33673708432513,36.63086975355004,3,1,6.692857640353409
2024-01-03 09:26:00,90.41707265357768,2.5444668317656163,9.910621787742276,-3.887681508843412,63.58236922960798,2,3,7.636930009148638
2024-01-03 09:27:00,15.896478761031188,1.0224930879537393,4.143072297069239,27.844431298825526,98.9852439358903,2,3,6.639389556997164
2024-01-03 09:28:00,65.6298616551749,2.587599764408026,-1.6563762585576427,13.31791521948688,83.36153663521081,3,3,9.818152042332413
2024-01-03 09:29:00,65.54971201570211,-0.6127284751357891,5.114030344214749,-4.71885277653909,99.46940007056712,3,1,7.560275388563164
2024-01-03 09:30:00,10.736774737246469,2.718097056242657,7.847853431195219,8.047610628825975,97.46386517281354,2,3,5.976372094989868
2024-01-03 09:31:00,50.15809026082963,1.216697262995849,-3.3150835872854625,10.575746316347228,59.16316336753234,1,3,9.381308108541678
2024-01-03 09:32:00,102.39417582806423,-2.7479653954871286,8.74657214934137,38.41161119770069,75.71006798964527,1,1,11.017641310284912
2024-01-03 09:33:00,102.73843463935924,2.441236990914317,8.803064221284927,24.74855939233552,28.835450155292087,2,2,11.731759881981723
2024-01-03 09:34:00,11.90851979036172,-0.0931631458008448,-4.798033906530232,19.460721617776315,55.29190600374415,1,2,4.7366321511644776
2024-01-03 09:35:00,10.886505929739702,-0.2380380913330029,8.504786824950914,0.717275389119612,84.7214833813358,3,1,2.15665350867112
2024-01-03 09:36:00,31.52345724023224,0.3987996358778058,9.202268773602343,12.59969527807676,60.42682567817147,3,2,7.999069933941257
2024-01-03 09:37:00,104.97192750647922,-2.103692719372632,-4.434623045294822,-3.39060408798344,76.21592262537855,2,3,12.044621802624878
2024-01-03 09:38:00,15.468310208819872,-0.185003708595608,-0.5875051473792396,29.275843831256545,79.66010639874216,2,1,6.661174801555491
2024-01-03 09:39:00,86.39961631529356,1.9867633003064744,0.5966126022418976,2.324951598718653,40.27753129943151,2,3,8.547794332655092
2024-01-03 09:40:00,12.139874353572386,-2.907105245174908,0.2333570809958516,21.749606542588047,90.05594983540524,2,3,6.632472325096384
2024-01-03 09:41:00,74.77654244973904,-1.3624970380537722,6.385048559052837,26.472619221534337,56.78579447273432,1,1,9.966897615153998
2024-01-03 09:42:00,42.728075894297376,-2.985272481336935,0.3715668883580054,11.492910746814353,36.8148082897235,1,3,9.936462667102164
2024-01-03 09:43:00,94.66967555590404,-0.50573214510091,9.348682148421137,23.46669184447488,89.2332705430755,1,1,9.747812672515998
2024-01-03 09:44:00,28.042853859043632,1.369893062962408,9.92488937957107,29.390478774100718,53.425504488500295,3,3,10.028589022574968
2024-01-03 09:45:00,76.70421952679519,1.792630974687771,-0.2477169394063008,3.2855707797694684,80.02499507037757,3,2,7.674203444033967
2024-01-03 09:46:00,28.281904149106197,2.671138566762039,2.632011298097603,22.03871479768681,63.84264577772744,2,3,5.821379554185194
2024-01-03 09:47:00,85.63923397345846,0.651027677824719,3.365587604500112,28.0247410948391,50.54974017876003,2,3,9.733866842263136
2024-01-03 09:48:00,104.84136414728984,-1.4722388000826272,3.691042449505925,11.067164023748166,84.79011320308555,1,1,9.008059063366158
2024-01-03 09:49:00,15.216215895211205,2.544887694820193,0.6131349129294943,2.312102115244536,66.75759453156904,1,2,8.634908148668998
2024-01-03 09:50:00,103.99148263146044,1.651894523282257,-2.5100974706175547,7.875220950599056,51.24496819416254,1,3,8.919352697828353
2024-01-03 09:51:00,71.22903052971576,0.4465708980188672,-4.181591874033085,36.9883600077923,28.76782962681016,2,3,10.339773960007768
2024-01-03 09:52:00,15.253258904042877,1.1738412943136156,-3.404770015252518,11.085157964467168,91.63562510133664,1,2,6.870317800299005
2024-01-03 09:53:00,51.30502264316544,2.5458981300445758,8.519368563907618,-0.1534735508503084,22.83756682733333,2,2,9.423751513998484
2024-01-03 09:54:00,19.303235218211743,1.2743641708375302,-0.7943749006923939,-1.2773071557802007,89.0549878694445,2,2,7.770311332716629
2024-01-03 09:55:00,84.04174666398833,-0.789752954491596,-3.847655251834332,3.1222779584729707,48.79692199065244,3,2,8.1687093423057
2024-01-03 09:56:00,91.06417613015395,1.2781692137345804,4.3529454931652936,0.7380551060388276,71.14710108011246,3,2,9.053077415916167
2024-01-03 09:57:00,12.695582432735875,-2.758331023587673,-3.8703927310807207,17.276964698071133,93.77597790685482,2,3,6.526293278914461
2024-01-03 09:58:00,60.73678232335732,-0.6815066290165124,-3.949205904964636,10.6398149879024,32.13652924031187,1,2,8.49741011821849
2024-01-03 09:59:00,97.75500672311006,-0.5620618089265244,4.323557588068322,32.86325446074689,65.35603805110482,2,2,7.650181972367486
2024-01-03 10:00:00,112.33956498611958,-1.998970593474992,3.87092866297796,34.648533959404794,81.15462898961536,2,3,11.373428995197829
2024-01-03 10:01:00,61.6221440090124,-2.861487116689379,-4.377840695750598,16.29757245495009,80.6067066175246,2,1,6.716770240321433
2024-01-03 10:02:00,114.03350683336885,-2.199712580173543,1.907167516554232,34.98371970540675,62.05055316796032,2,3,10.263787519869828
2024-01-03 10:03:00,64.28267645472357,0.9277289747823304,1.5365246185905193,15.270773742895445,69.97915679251665,3,1,7.740167736800593
2024-01-03 10:04:00,47.30285935198896,1.813732898182125,3.200336945538325,23.888295577541136,80.60215953062756,3,2,6.098177927202117
2024-01-03 10:05:00,101.78437542634744,2.9292209563618448,6.067670656551812,2.314067469148787,87.28221102059294,2,1,8.86406599982643
2024-01-03 10:06:00,59.157925254970685,-0.921818981349034,-0.7579992865670881,-2.6337847180156038,80.94504775006911,3,3,7.742205397874202
2024-01-03 10:07:00,56.62830126774276,0.5962753335666102,1.4917042537571543,2.203832938215881,48.32039545449941,3,1,6.674405280821846
2024-01-03 10:08:00,58.837498729179394,2.622869800890731,6.891140265414474,6.333035613043288,99.73811208461863,1,1,7.900065095998963
2024-01-03 10:09:00,101.61420022436944,-1.9977493119710843,8.83834585690853,28.79418518681554,54.76021549754435,3,1,9.256176077796392
2024-01-03 10:10:00,99.83298500256626,1.3058735180564565,8.369844595748171,2.8077359107661763,21.957176220714672,3,2,8.780312730259526
2024-01-03 10:11:00,48.422399092825344,1.5298723988949794,2.164464281410626,0.8794612991214414,49.00935612683696,2,3,6.594905160815781
2024-01-03 10:12:00,39.995983184463,-2.466146784783969,2.812986955031528,36.74242206082519,30.222636365907466,3,1,10.493515679935763
2024-01-03 10:13:00,59.03136288469551,2.1674963110983905,2.9365816322823903,25.996109005477383,29.71540925827,3,2,11.87162441131521
2024-01-03 10:14:00,68.73270116845308,1.8786302826650632,8.030733545612271,16.298751357772623,42.52280320855155,3,3,11.502115659962268
2024-01-03 10:15:00,28.600465275359635,-2.7995819605353933,7.599092604070012,-0.7264223052908649,24.270039534180867,2,3,7.6391255690751665
2024-01-03 10:16:00,95.27461016587088,-2.453493510719692,-0.3270120718198237,33.33059102071103,75.08097507276504,2,3,11.315825566037269
2024-01-03 10:17:00,58.377931887890746,-2.705238636648886,-2.5572546586694718,-0.1283706145011001,25.919110736152405,3,3,7.203462152580542
2024-01-03 10:18:00,40.08546581039515,-0.9915388092038268,0.6846184223815239,22.49709392842851,36.263164434876494,2,2,7.797638156872221
2024-01-03 10:19:00,12.818519155678874,0.0557339440795567,-0.6739042512589828,25.04544216796691,27.431977159529552,2,3,6.965973306258247
2024-01-03 10:20:00,28.661419248432832,0.1940863677277731,9.261710872223642,13.006246231749426,25.053418472242484,1,1,6.493125396121871
2024-01-03 10:21:00,113.91374061071804,-1.393999441383344,-1.0112648084202265,36.00475262520588,41.420133243163335,3,3,11.80152847329188
2024-01-03 10:22:00,36.61196241834319,2.4695813193616445,-2.281899774095967,-2.7184724730941268,65.7519174128296,1,3,6.799512425174094
2024-01-03 10:23:00,20.26311472404424,-0.7904232607685211,8.492185938388232,31.815260760941012,97.17484451574734,3,2,4.5458940154609255
2024-01-03 10:24:00,55.28073499859919,-2.726699064207885,-3.702820934658935,19.92074792161899,90.0445323479685,3,1,7.228597199543894
2024-01-03 10:25:00,36.85052920322984,-1.1986373307516818,-1.096009228603097,22.50416759834271,90.074714035626,1,1,7.360512272654538
2024-01-03 10:26:00,4.219110032543298,0.1866565352649329,1.586667910008826,39.40715031170576,34.08536288301261,1,2,6.065027240135147
2024-01-03 10:27:00,38.77742607353007,-0.5506690644706076,3.926610672395231,21.219151140302017,41.19257547982561,3,2,6.704461981068952
2024-01-03 10:28:00,65.29303487273623,-1.356944885404445,-0.0849065544004048,30.866259350307686,26.111465343624456,1,1,10.380540491438865
2024-01-03 10:29:00,66.20548464239603,-2.2120605014140957,2.4435099538150755,1.908884457389684,82.2774671932148,1,1,10.956898549681284
2024-01-03 10:30:00,42.78707054122664,1.914987000577378,-2.0175322035409025,31.4180316449418,25.58530411884496,2,3,9.830079806399269
2024-01-03 10:31:00,53.67633075031208,2.9768714527451507,3.614111803382281,29.24828082508749,64.53565366566826,3,2,8.01900099185891
2024-01-03 10:32:00,115.86215018817197,-1.0227471988567076,1.1172521241948925,38.56495330154582,39.830045785916056,2,1,12.059867766722649
2024-01-03 10:33:00,45.28181726763739,-0.7102737349403765,7.738895309026756,37.10697857361942,39.47565072229958,3,1,7.25388708289075
2024-01-03 10:34:00,30.98721759119796,0.7082251480617421,1.2360120008297857,4.629394548013247,99.25800441980842,2,2,5.772144918706597
2024-01-03 10:35:00,29.216045288011216,1.3106488484132477,1.6572312682307535,15.921990816894766,80.54238455828299,3,2,5.249141955863587
2024-01-03 10:36:00,54.9317535244961,-0.6478227911784522,3.882624840136188,36.0167430177784,86.955148663284,2,1,7.515309746666917
2024-01-03 10:37:00,91.14241784603328,2.429577101890892,-3.152449938845878,23.834428136844007,65.75861482752101,3,2,10.882053239522294
2024-01-03 10:38:00,24.718582102616782,0.3600239353735102,-2.648072349405784,15.866517742279155,89.68114299149994,2,1,7.764347492135589
2024-01-03 10:39:00,85.11553525689217,-0.2976595415644141,6.853566208408605,-0.0977557279626175,71.63924313330824,1,1,10.953091547800655
2024-01-03 10:40:00,2.5379788019299543,0.8800365189594306,-0.8987183129067944,10.82909052563033,95.69389638370762,3,3,5.166777637095064
2024-01-03 10:41:00,50.27195735807352,2.7168230894950387,5.27045393392684,24.93579771191106,42.50708688365094,1,3,6.428857525041456
2024-01-03 10:42:00,93.10380782433442,1.7673137665302328,-3.538595450341968,29.961151687772364,67.6255636626316,2,2,10.92865961925856
2024-01-03 10:43:00,40.64795469293177,-2.759921216789254,7.327699904770197,15.122511130416369,75.21050783495137,3,2,9.066741533716002
2024-01-03 10:44:00,67.64845217344794,-1.0061405355602422,9.823421663784355,-2.4869978145012666,51.43498440222453,2,1,7.482438127309715
2024-01-03 10:45:00,24.597507939109292,-0.1767318902926637,0.6053641781167656,23.49274820212887,90.37663859232426,2,3,7.641941065519444
2024-01-03 10:46:00,89.03944693514067,-1.1128945667453685,2.5829515287234504,36.47138765011975,98.38425304833235,1,2,8.45113160182583
2024-01-03 10:47:00,6.273492392251154,1.2011253649827394,1.640679697597034,17.33848370074675,59.501559309812926,3,1,6.943491957236682
2024-01-03 10:48:00,102.30511738506004,1.9576148991754865,8.412816229585353,36.77911155801818,51.251252384347126,2,3,11.487186944775342
2024-01-03 10:49:00,23.783566370600177,1.38807057111163,-4.850989434546806,10.934532564814388,57.7550342845167,1,1,5.378066286736056
2024-01-03 10:50:00,104.92776380499969,2.935999720969652,4.801889817457541,34.886459647138864,88.21893965855453,1,3,10.739179626966244
2024-01-03 10:51:00,42.30350895606208,-1.3647141126418254,4.785524092052992,30.38528886844827,71.6374740414534,1,1,5.635104669280907
2024-01-03 10:52:00,86.72202893693839,2.2499369701465284,0.7357751244692965,38.278369747300125,23.58178980144761,1,3,9.360760775256953
2024-01-03 10:53:00,38.30703573434262,1.599735991046917,-1.7099953682447817,30.59595558446926,63.37359283565719,2,1,5.343880620460042
2024-01-03 10:54:00,108.7094005481577,-0.8269274546511234,-1.4047597787744648,9.46658873337109,21.384009819277587,2,1,10.585311507159116
2024-01-03 10:55:00,15.196455062204922,1.4047472619418118,7.006961818208367,35.52553872846929,82.28282968027244,2,2,7.44896720434477
2024-01-03 10:56:00,21.422374712711843,-2.3755442614905182,-4.008453554375614,25.137898440751258,46.2649818833971,3,3,6.038607358356716
2024-01-03 10:57:00,59.16361501905627,1.7360008940433138,3.457362194115385,2.2931196583556748,57.760598569386346,3,3,7.159738314017725
2024-01-03 10:58:00,9.832612684577535,0.1939836155226157,-0.3973909553260171,-2.931571411728793,83.89424847261056,1,2,6.946252635325308
2024-01-03 10:59:00,23.51762216421143,-1.246258963744481,-1.021282812975194,11.463052186672837,23.715905382860925,2,2,7.196842372254399
2024-01-03 11:00:00,113.25196586544172,0.9346638107050808,2.5860649829655387,30.408886737925485,32.68332284732884,1,1,10.087974387786938
2024-01-03 11:01:00,117.17875933774646,0.8497199922864542,8.467922594196505,22.819656795111367,51.83683011560919,2,3,13.21304187966725
2024-01-03 11:02:00,45.15111951965064,-1.7430826636824015,4.271378785559962,18.72072218782039,38.39401308364485,3,1,7.866299137899775
2024-01-03 11:03:00,110.79432252167229,-2.8176155111308434,6.829159416329853,-4.832256443438383,47.03211406200505,1,1,12.1236561802333
2024-01-03 11:04:00,65.3789610808118,-0.3982644785899567,4.010256688943215,14.597531594443408,99.8539790313972,2,1,7.805392997335802
2024-01-03 11:05:00,32.369095904852045,0.4170712160665273,5.46573669809111,2.097552492636197,86.03315500590486,2,2,4.496304373249061
2024-01-03 11:06:00,84.28784652967184,2.259631670223591,1.486114731899434,15.455532870093451,90.71214519680868,2,3,10.246947280472773
2024-01-03 11:07:00,79.06821678898287,2.5693007738855664,8.889724528122759,39.62966448945264,94.96437068526204,1,2,6.680837104837359
2024-01-03 11:08:00,118.695038293048,0.1728313089405984,2.5290853065874144,34.5792470403968,47.27487042513565,3,2,11.469649189256756
2024-01-03 11:09:00,31.805674489114,1.5228209026112696,3.2766200384014468,8.978377184796148,43.76615662371782,2,3,8.360928713164276
2024-01-03 11:10:00,80.64714031940825,-0.3641803660320182,2.874482548822744,21.70783268333193,38.72499940576599,1,3,8.493690057766445
2024-01-03 11:11:00,6.242850603533627,1.4764929394373585,-0.2571646975262229,17.594285503626296,86.40935290464981,2,2,5.961828685776296
2024-01-03 11:12:00,13.63752464360633,-1.7711908503649985,-1.5314234660122148,0.8521152346607268,74.3641489828148,1,2,8.460886129689529
2024-01-03 11:13:00,0.4702049941311914,-0.7736115911788115,-3.892475538266675,39.541293211683296,38.893758598630185,3,2,7.618049361408673
2024-01-03 11:14:00,119.93528172716076,0.8053679928816888,5.772624730038229,14.132882047598088,50.15950633683639,2,3,12.44984587981752
2024-01-03 11:15:00,96.27284365769734,-2.891052206357527,-0.6608710524444383,17.75465666823232,60.53694111462386,1,3,9.38426938251468
2024-01-03 11:16:00,94.4067617680249,1.3347678620337238,0.8379694479341078,24.141969053992295,62.251204581900296,2,1,8.865585848234456
2024-01-03 11:17:00,61.16712903458156,2.013213007609001,8.79892244089319,3.6195039908778064,91.09821828413718,1,3,6.72247715807717
2024-01-03 11:18:00,36.00804994865279,-0.6051500334362911,3.496710241178105,5.000197106182135,50.445290635777305,3,2,7.370721056450106
2024-01-03 11:19:00,18.15171413552111,-0.3123454969370138,-3.5438290414409264,3.6651291338396823,92.681922440041,3,3,3.916894003259952
2024-01-03 11:20:00,34.16096866157564,2.107693273299186,6.994178692357746,12.300949455993775,55.30940482558317,1,3,9.671382898411046
2024-01-03 11:21:00,45.116546631496696,1.6539278119562004,-1.1580410133581682,3.9854630405974154,79.7098139833883,3,3,5.591899605629249
2024-01-03 11:22:00,90.7572116376353,-1.27110306579975,3.2905876396927383,36.68781855740752,94.42034559880447,2,2,7.657048767720149
2024-01-03 11:23:00,64.75941466837828,-1.0561433606307662,2.649722122959859,27.14413208576084,92.6060563170613,3,1,8.25866920260207
2024-01-03 11:24:00,9.298035186657923,1.0732693943435798,-1.4288173647217892,35.40260061503392,24.556229383654493,2,1,4.732992925143504
2024-01-03 11:25:00,2.163481075069469,0.3791885546889673,-3.263434478081284,33.18178586395892,36.45634359812559,3,2,5.369499014441643
2024-01-03 11:26:00,12.279861544087575,-2.0266225734210184,-1.831075902575479,26.64183782035442,58.15243404258201,3,2,5.051384324262562
2024-01-03 11:27:00,49.25984564368552,-1.1404205446250015,-3.539933006540516,5.923578508382169,54.52434319624858,2,1,5.63749518664674
2024-01-03 11:28:00,111.9831500458822,2.3998996612719248,-0.8655797157184821,22.689348892890784,71.27133318697656,3,2,11.165304331422734
2024-01-03 11:29:00,76.48829774510659,1.1290466203335807,9.959462661061968,3.3834487285870303,95.57672406603298,2,3,7.825705410597817
2024-01-03 11:30:00,96.2191079850618,2.915845906113117,1.0313839786207382,0.961422182962492,28.992376902235904,2,3,10.484234408891082
2024-01-03 11:31:00,55.964951340545824,1.602075179884617,7.958325870025154,23.465885887867284,56.14869321073924,3,1,9.223084458961484
2024-01-03 11:32:00,43.39992998340514,2.651846592861541,3.237665381935921,23.108151709223947,35.39288303097115,3,3,7.210125760943558
2024-01-03 11:33:00,13.008044725994727,-1.7028685567771475,4.998746190005994,2.0479963908769747,91.5286078718358,2,1,4.897763139133275
2024-01-03 11:34:00,105.1119626623446,1.6289092489015546,-2.654780453741657,10.859246385156917,97.16641486413222,1,2,10.50011692192592
2024-01-03 11:35:00,93.97920348334834,-2.8786948791132154,-0.8779119886703688,-2.017347176442692,58.29613455122801,3,1,9.129258067751053
2024-01-03 11:36:00,20.174171711727013,1.0245601302692036,2.656651345433884,27.20799011587236,28.32082381825126,3,1,5.750894131876491
2024-01-03 11:37:00,61.47126766515126,-0.1843063312785515,8.217151513402609,39.437304312889474,82.82357333781385,1,3,8.413244195035924
2024-01-03 11:38:00,58.48497695054939,-0.9194395684795884,-4.356679461725897,28.29577699412654,75.77130803939193,1,1,7.414833597277294
2024-01-03 11:39:00,75.01098632238343,2.1744261137585346,2.603799393485813,32.98684763089486,48.37366612882484,3,1,6.309307976495355
2024-01-03 11:40:00,113.54242727895137,2.125606155945184,-4.234816812373551,16.435445902812372,90.99259791751707,3,1,9.836535323008674
2024-01-03 11:41:00,69.57257301149755,-2.8661897706081385,1.8523401467392384,-0.6987163474962355,98.06655118261658,3,2,7.443496474720487
2024-01-03 11:42:00,64.82607201343423,0.657030734696586,4.433022389989553,27.697293512738632,64.62830793041563,1,3,9.22674230797155
2024-01-03 11:43:00,6.038751952159673,-0.7930066540742615,6.170847871424611,6.5434090058866605,65.25823290754339,3,3,4.918693246609815
2024-01-03 11:44:00,7.548897122162872,-0.5060339909973051,-2.9220199210905995,12.473227896588831,43.80108040910223,1,1,3.855103313372144
2024-01-03 11:45:00,22.481614959214667,1.992244435312656,-2.5013707480797787,26.63946624828295,66.76048287866513,1,1,5.840545597852547
2024-01-03 11:46:00,3.8964926030097935,-1.1409613708339303,2.0509738253768592,35.715303678801206,55.171385641987726,2,2,4.887325011302765
2024-01-03 11:47:00,89.20234746840148,2.6582928638257206,9.97054686968611,16.881207204966238,44.17528215424415,1,3,11.20696986524105
2024-01-03 11:48:00,86.79963647927558,-1.9221970417671557,0.3407025348514514,38.27225078930477,25.374815721912107,2,3,11.790440154245143
2024-01-03 11:49:00,16.326748131797153,0.9763345402090664,1.4129114104436544,18.395658773230185,40.21662877672999,1,1,5.987728228313665
2024-01-03 11:50:00,100.32946809543373,1.0326304020825887,1.4867011422182728,0.5129701808413287,35.828371974213155,1,2,11.239712930159506
2024-01-03 11:51:00,18.57432418153344,-1.4868290314324908,-3.789487679643568,18.32951856214288,63.36335876431591,2,2,5.933342339943998
2024-01-03 11:52:00,36.141070439683055,-1.051496346196788,6.61258217934993,33.728246767208525,68.13360174108752,2,1,7.599449478469549
2024-01-03 11:53:00,29.877227899363803,2.0087909554796424,-1.2034771336083885,19.2120309905944,68.68573794448132,2,1,7.252311090769276
2024-01-03 11:54:00,44.67685182876573,1.5708315297297144,5.555005853243799,28.648990653808774,51.054480083654326,2,1,6.55671511623086
2024-01-03 11:55:00,30.559651906795423,-1.0254247181114426,2.126348182533861,19.658092533604396,53.69837869483968,2,1,5.986484761812808
2024-01-03 11:56:00,58.674111172614246,0.2037392816096033,4.176696133290761,19.572455216780515,86.7390743712512,2,1,5.758374111631579
2024-01-03 11:57:00,48.88894576256225,-2.629918222481427,-4.190425452575056,7.814240558376937,58.098625081372994,2,2,7.553989478315814
2024-01-03 11:58:00,118.3883388935192,-1.7475247056082246,8.349485266248493,4.056721805008598,99.0218665709698,1,2,11.099036320222506
2024-01-03 11:59:00,6.71116201538708,-0.0850766468376056,-1.3421484587042998,7.551345813009423,55.16937840070919,1,1,6.238372540097466
2024-01-03 12:00:00,17.061765166482196,-2.4841575883247304,5.051430812512555,14.837705091571593,71.96647556942712,2,1,6.9730783072396685
2024-01-03 12:01:00,6.339107269032298,2.059994129351625,6.970286680992427,31.431554981801423,24.029039919471664,3,3,7.932240147203319
2024-01-03 12:02:00,75.10094339788509,1.3080372606458877,3.100580759247956,32.30459982867372,72.26719395350486,2,2,9.47239358868603
2024-01-03 12:03:00,6.54111328964635,2.661802023890969,0.0600103311793622,2.3520017232723127,88.11411155320049,3,2,5.290204221791519
2024-01-03 12:04:00,100.3727684851348,1.1608014357841627,9.668550617216152,19.87847113694388,95.3966270826637,1,1,8.706081745570788
2024-01-03 12:05:00,61.432635681831336,2.6424082335731134,-0.8234043009395657,13.72124753335426,99.78564893118164,1,2,7.122869364533861
2024-01-03 12:06:00,63.24091494978405,0.3270753341457899,9.229935056849056,20.69210765371735,42.57429165193865,3,2,9.237809936017296
2024-01-03 12:07:00,67.39134092546331,0.6013116663718163,-2.6566379947290235,24.1430524157662,66.02960518605735,1,2,10.068201847522184
2024-01-03 12:08:00,20.497644756745288,2.8618263277575657,0.838331972835153,7.582539672348517,56.05743884257179,2,3,6.384734683576825
2024-01-03 12:09:00,23.722836373738502,0.852774881185562,-2.922566237790466,36.36590718737162,65.10539844601368,3,2,5.122016912890608
2024-01-03 12:10:00,38.25807874476056,-2.81528058683552,-4.96639290389456,37.09516697509079,32.59623657518773,3,1,8.406925773195905
2024-01-03 12:11:00,71.21956989862217,1.3428166597831392,-1.0961218940528767,-0.2589015852824454,88.49196580767531,1,2,8.807811847029981
2024-01-03 12:12:00,25.214133112825746,2.4328121528244937,-3.6918439862156793,26.635831650229854,92.765515467567,3,2,8.15212316657824
2024-01-03 12:13:00,13.959807255991349,1.7734814987659595,9.795182846355209,-3.5045572237273213,55.972933049033806,3,3,6.7593735360464136
2024-01-03 12:14:00,116.41402637021186,0.5029996357525359,6.424799769277039,-2.9046290941722037,42.43438892588615,3,2,11.185162908248254
2024-01-03 12:15:00,2.637817777154749,1.0278210785610984,-4.944428055169868,38.10099613373598,31.266674212240986,1,3,8.686454650144436
2024-01-03 12:16:00,96.3236886403226,2.94115073551003,-1.6453012276461183,26.2683910691642,74.70118598222436,3,3,10.206299501720714
2024-01-03 12:17:00,94.56421794900264,-2.45602746894397,5.051863619255755,9.604373343162246,44.97854716965882,3,3,9.90719566786036
2024-01-03 12:18:00,35.66569366141152,1.0034689717994372,0.9782816974713172,25.14449504856508,92.7630855930711,2,2,6.592068449350117
2024-01-03 12:19:00,16.27519392087761,-1.299613832576437,7.477638445663409,33.06257727941566,73.6809979875896,2,1,5.047902231985146
2024-01-03 12:20:00,17.47543760465081,0.8405423795170206,2.5729116756359742,34.190656438508675,71.65482601393926,3,1,5.263081809050043
2024-01-03 12:21:00,83.6917940684631,0.6457414553036327,4.804771295986438,-4.076609943912559,64.75216927185926,1,2,7.330893759386813
2024-01-03 12:22:00,77.13679093034084,-2.079259007351028,3.955560963917209,31.820260333461896,23.66210715429805,3,3,9.347838622776544
2024-01-03 12:23:00,93.9294809101664,-1.759520125558565,4.572533509354514,33.39412217769697,94.55379485484696,1,1,10.53666277229635
2024-01-03 12:24:00,112.49774068789256,0.729777468259281,-1.5485171925922985,21.80065922043368,70.2349994639568,2,2,9.607755084918152
2024-01-03 12:25:00,83.03128359199104,-2.2306203161773555,0.5993415880928747,16.595672959751006,99.52495867064884,2,1,6.252420767981662
2024-01-03 12:26:00,18.70218438617321,-1.408914749218063,-4.240561207032629,-0.0050487261068052,62.988512381830965,3,2,7.1645725856359785
2024-01-03 12:27:00,29.21311401184928,2.0114732864280143,3.814547720323132,5.782622785100461,76.80887135249705,1,3,7.522760582374384
2024-01-03 12:28:00,101.06324770477374,-1.0374509639901683,1.8888769311366345,17.07183038494408,24.49676462929777,1,1,9.369097333748844
2024-01-03 12:29:00,25.11672910010503,-0.0716390623820224,6.410742235286083,33.92858700280796,70.53889414587287,1,2,8.145139597202721
2024-01-03 12:30:00,8.702678034537769,2.6468420108750417,-1.9042630306753685,31.14104605596953,81.17196892722859,3,2,6.529670208590832
2024-01-03 12:31:00,84.39360648507005,-1.6371054669783225,1.5521817410170264,17.316831141343137,82.28114358820459,1,1,9.53918082849565
2024-01-03 12:32:00,48.30316265881704,-0.6622438958519377,-2.288818504139207,30.35321602737156,81.60893217842283,2,2,7.107148224495037
2024-01-03 12:33:00,110.40480630550844,0.6387466532612738,4.20968837872663,29.458001875740337,38.10261018349341,1,1,11.333292988410298
2024-01-03 12:34:00,78.03060853123938,1.5320335770238334,7.720453847671781,21.05569081149733,98.03187820841808,1,2,9.398036844000083
2024-01-03 12:35:00,10.85027733499929,2.409920320276231,6.481648726734775,4.914645404438504,99.6145696499951,3,1,5.0878991851840905
2024-01-03 12:36:00,113.74278807043927,2.4928379254410906,9.162969589463309,10.660169594193228,26.0476700129281,3,3,10.243764503113349
2024-01-03 12:37:00,31.026871636829508,1.6598404462357372,9.575886727953865,2.382904758658817,94.91571382494058,3,1,5.909753603183948
2024-01-03 12:38:00,40.46549884875429,-1.6300149804401374,6.58050801372986,-4.678227210975833,43.155935544349546,3,2,8.28952050617977
2024-01-03 12:39:00,48.27124964202505,-2.851144019744605,-0.6979087192961204,-1.3763555896353563,75.14272654007718,3,3,6.606695556745846
2024-01-03 12:40:00,6.14691556851759,-0.6973564178662572,-1.711079341770226,29.18315354769061,47.04887365889057,1,3,6.506407621397307
2024-01-03 12:41:00,59.58185066767258,-2.15070689407306,1.7132355182341552,-3.493123215462602,97.42034586984973,1,1,8.537953729665482
2024-01-03 12:42:00,14.79821892903507,1.262325884629789,9.90825541865681,12.993368746635625,28.12030866428284,3,1,8.270115120870988
2024-01-03 12:43:00,48.11643920260221,0.9667835209543004,1.1900203122573307,39.36011492523787,59.81974535651008,3,1,7.520354271362245
2024-01-03 12:44:00,42.08517455905012,-2.736170150271271,-2.0139738414159685,30.785764801459905,54.243823355365976,1,3,6.260149547885971
2024-01-03 12:45:00,92.7408100111804,2.019562674785707,9.165143166748615,28.777792226762383,46.0818761822388,3,3,9.635699004799315
2024-01-03 12:46:00,96.38046139592774,-1.5075404022529064,0.7887696639403412,7.361894558791912,71.64271927041189,2,1,9.666894706298956
2024-01-03 12:47:00,18.40954588669056,-0.4066375470537466,5.363483308414464,23.877859702488625,30.4844594737334,1,2,5.611582889498015
2024-01-03 12:48:00,43.986142485507145,1.007602412734455,6.8222946792188015,17.442033145797232,77.33299345069575,2,3,7.425418510852231
2024-01-03 12:49:00,44.80237932381981,-0.4234872788864798,7.647338530893011,23.072098059325743,98.44736990438298,1,1,5.715853471584477
2024-01-03 12:50:00,18.16925327233021,-0.3522731832003396,7.319205806841856,14.611725354707367,84.36469715749041,1,2,6.703109014880508
2024-01-03 12:51:00,95.81442060614286,-2.6062320279855578,7.543702944999701,18.89333681364129,88.80134023276364,1,1,8.90997553738428
2024-01-03 12:52:00,84.86739940025079,-0.5913387044399769,5.014801413668213,39.47783120579567,48.7709394543202,1,3,9.283433050244808
2024-01-03 12:53:00,22.84581435564417,1.589087359319901,1.0574660390868988,9.819078475358411,45.9909285184975,1,3,6.489298861805833
2024-01-03 12:54:00,44.00662903125588,2.491058023119587,5.009302810957557,4.740374806794835,61.36386837521066,1,1,6.514353226905074
2024-01-03 12:55:00,12.696602982781704,-0.5190171776197694,7.551015010898698,15.182249927382532,23.658129180981817,1,2,6.970740161181457
2024-01-03 12:56:00,75.38479165116527,-0.4584850387255268,0.2596369693663156,18.594422977407383,95.6286507565226,3,3,8.63283115453184
2024-01-03 12:57:00,14.56463094583436,1.2157626379419124,-0.5523801456193986,-1.1467023690323366,31.502813841295374,3,1,7.5814440016822
2024-01-03 12:58:00,118.31210023499014,2.65663200663166,0.1556082565774525,31.268740998035653,92.2410431334474,3,1,9.905420867860515
2024-01-03 12:59:00,93.68184896254348,-1.3976343585638389,3.269250940440525,13.992375446270168,26.686577760028456,2,2,8.610887699859818
2024-01-03 13:00:00,46.828625950079406,-0.3591347607723789,-4.213341877790832,13.593407522396468,85.80999421428481,1,2,7.298253909549211
2024-01-03 13:01:00,69.42767187352253,1.775839461313807,6.6845622852526,24.64779301074684,32.15700207025721,3,3,11.726200493805203
2024-01-03 13:02:00,109.36101794596904,0.6581614162442309,-2.917220623246971,29.795995000688457,23.050529127317816,3,2,11.248528240470266
2024-01-03 13:03:00,66.49191364749913,-2.336481936216272,-3.007420148238518,39.36731214001616,77.5591560207527,3,2,9.135064100712857
2024-01-03 13:04:00,20.939818367754626,0.7663964133735943,-2.035112909658425,2.8083864322864827,42.421224013954266,1,3,6.912740957017207
2024-01-03 13:05:00,45.44440266973912,-1.8795222924160384,3.6539115245874743,10.55000575541092,77.15969222274796,1,1,9.023157490669934
2024-01-03 13:06:00,101.17738380356944,0.0612956044704251,-0.7164743629406605,2.5715770931431265,64.40682003782558,2,3,11.719638380361673
2024-01-03 13:07:00,77.30556191875415,0.174619605962631,0.5213549347982838,34.63847627022665,28.70459121840525,2,3,9.163384812947898
2024-01-03 13:08:00,78.08692612005603,2.257220173349909,8.974736664671918,19.68219573979824,94.57040586409308,1,2,9.523595791250388
2024-01-03 13:09:00,104.0185782826187,-0.2250343559253709,7.708032699654778,33.359804306737765,56.18513398107821,2,2,9.105170438732438
2024-01-03 13:10:00,107.27676689550056,-1.3233454665846347,7.782857996571737,39.33513809713072,78.75578222389504,3,1,10.078816221565216
2024-01-03 13:11:00,110.37510861353236,-1.6142019107038106,3.664627499889818,19.759300637551416,60.08164576125001,2,2,11.956329903917284
2024-01-03 13:12:00,11.381903190378733,2.245511260106017,7.9969922093572094,0.3168318635822622,68.34891799689638,3,1,5.531492927754398
2024-01-03 13:13:00,65.29512023557211,-1.9739348734906297,6.678487380108303,11.257047440350462,44.22188738853539,2,1,8.992628937667313
2024-01-03 13:14:00,88.86114254619824,-0.4447886347011378,9.298552043665934,-3.371481622910128,36.02882432027602,3,1,10.012132346082868
2024-01-03 13:15:00,90.83122141524166,-1.876961310438318,-4.034473924671267,33.218542612131145,63.40561627264543,2,3,10.752657307878236
2024-01-03 13:16:00,72.80594423640046,1.6398242406862522,-4.569092995191007,-4.195087627689487,55.21751783768016,2,2,8.939861378047988
2024-01-03 13:17:00,20.014480222040905,-0.1537641601522859,-2.3745508891416334,21.648324555847356,51.20905707471465,1,2,8.373488146468086
2024-01-03 13:18:00,95.69046647299972,-0.8931378566591279,8.936272307619634,-0.2240021341688978,73.80537560756984,1,1,9.974560887786469
2024-01-03 13:19:00,86.41336002179348,-0.8334021562411991,4.083476589313689,-4.659897137262698,75.24053056089087,3,2,8.212172465433664
2024-01-03 13:20:00,10.336292585884356,2.113285240337877,1.3916877654292137,6.526769901763212,23.67360448730104,1,1,6.117687194827596
2024-01-03 13:21:00,55.65717896092515,0.3226437257666283,2.6906659221422764,19.833348686690304,47.09955953949377,3,2,7.78770644418695
2024-01-03 13:22:00,20.87728794261643,1.3072071067875817,7.44406882341505,-1.6210439507950394,52.941164018110186,1,3,8.315746668087714
2024-01-03 13:23:00,40.49724548555663,2.382231097504107,8.936649937058862,22.66995473410876,27.75137289313345,1,2,8.299177375342712
2024-01-03 13:24:00,2.169731064682252,2.410450056243852,5.945482514663649,25.23964995118325,38.87206933586307,3,1,7.569483870034111
2024-01-03 13:25:00,48.039584209290986,-1.028945673972821,6.397717494059444,38.63641450510534,24.131343777820533,2,3,7.140458392967246
2024-01-03 13:26:00,65.98523053874526,2.7147075788783117,-0.1943293375424302,35.479168617465525,99.69936788936164,3,2,7.314756619462831
2024-01-03 13:27:00,74.34991113925042,-2.850744707912368,2.005527929118088,20.505599616047583,78.92457623758756,3,3,10.272059448503608
2024-01-03 13:28:00,79.6188414154452,-0.7389866339030062,8.27815290206749,30.701416391949717,26.99601252022029,3,1,11.462367954555138
2024-01-03 13:29:00,100.3549575722952,2.374793145053049,6.7890116510886624,11.36384867411464,21.619950383207367,1,1,14.00891870211452
2024-01-03 13:30:00,25.855548873087603,-1.3521787210981024,5.264063776920215,21.357049722860047,77.54302401218241,1,2,5.654152610622367
2024-01-03 13:31:00,14.457818692616154,-1.3615112980720898,-4.021297461678194,13.150937647142603,55.13537325461336,1,1,4.746488522541664
2024-01-03 13:32:00,102.18446062775108,-1.1842662895086675,-4.407391708190677,10.166879277042591,82.94373672516608,3,2,12.002426795694811
2024-01-03 13:33:00,18.793537787117987,0.6738803090815333,-3.0438358532900747,27.743776864372457,93.8780830254707,2,1,8.093877933761668
2024-01-03 13:34:00,116.97120976034344,-0.3700033463138772,3.7208664879675,8.350174492903564,67.94403112130979,2,1,13.471639569780066
2024-01-03 13:35:00,101.10458752783644,1.3604090181200554,3.0458027101172487,12.124852150228474,34.968673833380244,3,1,12.589834962773214
2024-01-03 13:36:00,60.1051927067519,2.3694638553879948,9.140362398205808,11.522720698635077,82.5755228837162,3,2,7.388196140261592
2024-01-03 13:37:00,117.77057099064302,1.045196249657164,5.421394600650945,34.16815422338039,96.46493945394997,2,2,8.724402893657288
2024-01-03 13:38:00,11.685207492960505,-1.773199678814547,-0.5904107398186103,2.66820114779505,66.41850296479647,1,2,6.958607275015512
2024-01-03 13:39:00,36.3678913410122,2.5960914141630127,-2.5775555927645404,12.166410638454092,74.55979578245868,3,2,6.696874046417462
2024-01-03 13:40:00,76.58692980487338,-1.413042759915129,7.74299858992573,34.954140627796995,46.99797560293384,2,1,11.372073391859924
2024-01-03 13:41:00,42.00082421678145,-2.1006342280310517,1.8943615553353623,-4.311300835463748,50.5222155728249,2,3,7.053330506081946
2024-01-03 13:42:00,111.40470623769502,-2.4601963268342346,4.80204246113273,37.65401478976511,78.77235982824511,2,2,9.11654334415423
2024-01-03 13:43:00,7.875130581338108,0.3803024439969933,3.477154098862042,35.45051889079676,94.22168787254552,1,1,3.802250003437556
2024-01-03 13:44:00,65.92941984731574,-2.3174252251160894,-3.388154807950474,13.803166588410182,70.31907097794817,2,1,8.029982297376897
2024-01-03 13:45:00,70.90395208741374,-2.1673446953242155,-4.144124244772595,24.386137620975827,83.18783267882779,2,2,8.712761626995714
2024-01-03 13:46:00,78.32737485326689,-1.1998171164270202,0.6552728457462029,39.5979997279902,33.73080139322984,2,2,8.881577004323244
2024-01-03 13:47:00,30.67994679981773,-1.310081941893217,0.4232544631857653,19.97267696777996,36.95672722063789,3,1,6.157184903324104
2024-01-03 13:48:00,43.74797130238373,0.6254370619928538,5.106971694533595,-0.6395588849476237,62.562774946671205,3,2,8.933189000059977
2024-01-03 13:49:00,101.24166355979732,1.900471676836089,4.483006136517426,33.41384560886852,34.124335379427244,3,2,10.323416813549468
2024-01-03 13:50:00,23.39313227641918,1.5680979372173542,9.534113926959916,1.0368226550743662,70.79960561767389,2,3,4.583729228613503
2024-01-03 13:51:00,99.22414166080344,-1.4250932717011395,7.871492541573575,6.577224502268335,43.33225483157592,2,3,11.842422429908934
2024-01-03 13:52:00,67.5186507483291,-1.5281370120841204,2.448737886629317,34.308190887665646,83.32260949335137,1,2,8.798168215651083
2024-01-03 13:53:00,91.46250134328986,2.794749180641806,2.500380288440433,6.5213145326846345,84.64882772914747,2,3,11.957316698240328
2024-01-03 13:54:00,85.63288395161659,-2.9505825504482392,5.111938436690416,28.5288668793737,57.10299646042824,1,3,10.80138325142704
2024-01-03 13:55:00,24.90137944618548,2.278323198361295,-3.288641258400866,15.14531554414883,34.46485080301082,2,2,5.505138959549276
2024-01-03 13:56:00,68.25752837206474,-1.8016288852655704,9.998358469470888,29.188702553454306,71.7419968865546,1,1,11.544001759185305
2024-01-03 13:57:00,104.12677833661108,2.6837059385386066,2.7821215186543595,5.455851026763442,99.42296146108691,3,1,9.315878338179598
2024-01-03 13:58:00,51.85394841623152,-0.9461562910348816,8.64857310863455,13.880448623150578,69.80727183540186,2,1,8.585459866146678
2024-01-03 13:59:00,115.990892426798,-0.3578893566404861,9.510345019783118,9.317260236620651,22.861975257120623,1,1,13.271164754934905
2024-01-03 14:00:00,54.26581201220617,1.242723683666286,3.724641098533981,6.206981889191566,21.38351806136661,3,3,9.756491592388391
2024-01-03 14:01:00,17.134276400146163,0.5260143088395619,-3.44977028712837,9.14934395828542,45.628957639384495,3,3,4.865939728887553
2024-01-03 14:02:00,46.73216160932079,-1.092364021759063,3.600187126299568,9.534648950431231,35.66270454883239,2,2,8.680226925325432
2024-01-03 14:03:00,114.20428876686448,0.3229854952069413,3.9646365574898006,37.99201871453473,85.04409657146465,1,2,11.116045875998
2024-01-03 14:04:00,38.36650192078251,1.3842413061773176,6.837897051599965,18.995364967634632,87.58445336288004,1,1,8.742953839495918
2024-01-03 14:05:00,104.17177918404754,-2.745990324585048,-4.276560995076408,15.792348474738962,40.689501704838094,1,1,10.674930559848846
2024-01-03 14:06:00,105.75008180182678,-2.9328041684657755,1.994730507926409,17.649335645658354,46.05158215599141,3,2,11.135571038123718
2024-01-03 14:07:00,42.02238291983533,-0.2515983655626521,8.841553875052197,39.825893923303845,38.89975741720917,1,2,9.442330700097278
2024-01-03 14:08:00,9.990918966075856,-2.208980293178915,9.869486180179802,24.41150972010641,92.67060378970112,3,1,2.638466648698043
2024-01-03 14:09:00,86.94694909905819,0.9860657487882863,-2.1292598186114358,26.656898865870456,60.21194676978258,1,3,9.45941928209858
2024-01-03 14:10:00,37.38147588167833,-1.715685262635395,8.058984891025528,9.112982329314606,72.49096352656159,3,3,7.248142156829612
2024-01-03 14:11:00,93.95083371090868,-0.402893359225974,-2.8062415755403385,16.219196948554128,53.238566935968265,2,3,8.803798697945654
2024-01-03 14:12:00,53.11858179125197,-1.8139743787543865,7.617616518518457,3.28294252746106,70.4811354803625,3,3,10.077455250014856
2024-01-03 14:13:00,58.23200908111459,0.2909015144947471,-0.8408340879850469,25.833525506079976,50.86843013773888,1,3,7.13695175333288
2024-01-03 14:14:00,93.34912880982442,-2.303679243692587,9.394378990737136,10.502253658894896,47.17427501833804,3,2,9.6579209348518
2024-01-03 14:15:00,45.88359972739535,-2.8613588832751184,5.432451263509556,28.672976459284087,70.75840585387841,1,2,8.856182504305554
2024-01-03 14:16:00,53.17528143874974,-2.6932101713598167,0.9866590208463926,4.592258956072215,67.28496624391914,2,1,5.36012350879784
2024-01-03 14:17:00,45.142856252354655,2.7255506490918595,-0.7854000513775059,13.15763626906768,43.48223633343597,3,2,6.879000918144531
2024-01-03 14:18:00,44.0808618332736,-2.1462826883343853,-1.4714370878833192,16.2032952982634,31.947876025557875,2,2,9.927951966934453
2024-01-03 14:19:00,63.11358922817513,1.2508695188210108,5.211884904993777,2.4936409196590423,49.48613550705101,3,2,7.0038123803802135
2024-01-03 14:20:00,97.05593334013808,-2.5924427746630423,8.436865038653224,-1.8684007501437847,53.21581113135274,3,2,12.869105208153105
2024-01-03 14:21:00,43.41219743070791,-2.351037886588907,6.324129544215156,9.268046379331247,70.29474667396839,2,1,7.216986061570179
2024-01-03 14:22:00,62.9105664645284,0.0532575084560082,7.521873070248134,19.520146458678145,93.1623010909491,2,2,6.682207250498036
2024-01-03 14:23:00,80.4872790531121,-0.210774419073938,6.720756514518058,24.370552685548294,22.89478380263401,3,2,9.13153239733752
2024-01-03 14:24:00,32.332733556438605,2.7094818566392176,9.68721499747029,14.13721044528836,39.49288100334759,3,1,8.61018745772781
2024-01-03 14:25:00,33.302736588287104,2.6690127181244243,6.367073902394873,17.512492589727046,35.497275382364826,3,2,9.128622712475105
2024-01-03 14:26:00,112.00957524281458,1.6776518552547903,-1.846572222945893,19.44368384843476,60.18355269550269,2,1,11.967868328238806
2024-01-03 14:27:00,86.82414879973064,0.6126109807640985,6.873976982117723,18.03598694718596,54.37606456345279,1,3,9.743912502649623
2024-01-03 14:28:00,69.26240114679706,-0.2702380956419339,-0.168959585227987,-0.935215001436852,78.32300990561507,2,3,8.708257089453518
2024-01-03 14:29:00,77.72640653047344,-0.8629287940294734,9.936997939942872,13.225046472158226,39.39327300358911,3,2,9.586603471427782
2024-01-03 14:30:00,3.515933172410204,2.6825252818533327,0.6500893015021987,4.194914049722087,67.55986925998069,3,2,8.698450149076608
2024-01-03 14:31:00,74.17235586740362,0.6174528685481135,-0.6080936622915516,19.01811884303894,90.70858108799676,2,2,7.614924458754616
2024-01-03 14:32:00,61.14106478690423,0.4744351661159669,-1.4117602173663268,29.113431352656576,92.85421919346436,3,2,7.257945205872001
2024-01-03 14:33:00,65.48996157353228,-1.6085932693865108,4.877719780875546,21.076883468749447,96.70276837800247,3,3,6.36389730989442
2024-01-03 14:34:00,43.13085921969805,-2.7198130926893214,-3.361683674187032,4.981983316008364,81.86089216639908,3,3,7.0321249645418495
2024-01-03 14:35:00,9.776867725553029,2.671131478557266,9.30339822599458,4.349059851888322,92.4790325007132,3,2,6.151545289407453
2024-01-03 14:36:00,23.20070803344626,-1.1175884469320765,-0.5853098203529425,-3.335084131292985,38.762469758821936,3,1,6.687725819342618
2024-01-03 14:37:00,114.0893655855206,-0.3444658600532477,-0.568990834422916,14.187139696889076,35.806475548038165,1,1,10.028856723099258
2024-01-03 14:38:00,49.04394747251207,-2.312160338485759,-4.309008564394113,14.478769127309402,20.51904670244212,2,3,8.212519614674516
2024-01-03 14:39:00,56.0019786997037,2.021545979455752,-1.3097372318963876,5.639635540121054,76.54754859432786,2,1,6.745557533879413
2024-01-03 14:40:00,6.325174782412679,-2.834209002864416,1.2846903351435648,29.391631045701715,94.99737502509956,2,2,5.758717005539896
2024-01-03 14:41:00,4.507947545277671,2.0039445725945786,0.544095853363312,12.391901347155027,34.95482760333411,1,2,7.139030540359775
2024-01-03 14:42:00,86.06177364561093,-2.158289923272199,-0.9047011784566968,25.12306291339296,70.95548603415031,1,2,9.571660649319645
2024-01-03 14:43:00,64.57135969453336,2.319384675786912,-4.3888424324120265,23.80316495007004,79.7167807377422,2,2,9.08216423715834
2024-01-03 14:44:00,61.044718105952,1.3786358240169443,-0.491279395915364,22.213320537791866,94.20913881184453,2,2,5.976978077909287
2024-01-03 14:45:00,29.17494365072024,-2.0119784249561694,6.6749640739468,35.8629772217788,71.74881792137774,2,1,8.000053968850068
2024-01-03 14:46:00,89.37008779559066,0.3949079571568088,1.5818842796420682,-4.284944789507639,97.6234986199002,3,1,9.119183699544738
2024-01-03 14:47:00,20.188389493019024,-1.1240621138686833,-0.6383697860192958,-1.938321012045035,47.57385128100382,1,3,9.090936974603675
2024-01-03 14:48:00,22.792169239322405,-1.9306014065304995,-0.4281179877806327,27.49632926574943,47.99428270171261,1,3,7.512143086495058
2024-01-03 14:49:00,55.28546056179306,2.15509319646665,3.316563647408511,10.90866635406147,63.441000801147645,3,1,6.518990812386756
2024-01-03 14:50:00,34.353583453432904,-0.5788634009566236,-0.465609833913879,39.3935077895144,50.68015048927257,1,1,8.539910341296629
2024-01-03 14:51:00,29.695557747977563,-0.608737713807705,4.461959797992918,4.7385725139652966,20.11405826300261,2,3,8.738683117575139
2024-01-03 14:52:00,77.4285173463998,-1.98067995116028,9.841817705876728,3.2538567141289185,78.54176200695899,1,2,10.57771610504656
2024-01-03 14:53:00,78.11660942622534,-0.7016059434853279,-4.382354033692915,21.469982106735305,80.13736331827867,3,3,10.16328244014756
2024-01-03 14:54:00,98.9420483759915,2.229701077973101,-2.46894866453947,7.574137549990198,79.75796837494164,2,3,10.951586211916055
2024-01-03 14:55:00,50.1250280367571,-0.8212277370621845,-2.313386820664639,10.322184328105957,47.60165332883733,1,1,5.659368315670641
2024-01-03 14:56:00,8.770210923138029,2.7096213749987283,1.7060547689802252,36.44609457922795,61.78315786489375,2,3,3.657916589628636
2024-01-03 14:57:00,32.83996619057492,2.6778533952503247,-4.378719319199384,-3.8190799108523072,48.79788145413356,1,3,6.56030227488559
2024-01-03 14:58:00,117.60065558361804,-2.130608044155924,2.1628236661377507,18.9066738962747,21.28291200245166,2,1,11.343127755808238
2024-01-03 14:59:00,71.55102902792424,-1.9361324788641308,8.933871371149849,10.070474260879074,64.9959153017135,3,2,9.864380141587176
2024-01-03 15:00:00,85.16845017612243,2.1760444219913357,-4.82653866960947,10.569638917898011,29.90085328672088,3,2,10.660933176723091
2024-01-03 15:01:00,0.8829395550497443,-0.6434344864516848,0.4740830077777147,6.151396444974225,26.403305927315248,1,2,3.945846185337835
2024-01-03 15:02:00,62.1846878619025,-2.973756106301944,6.413406581664471,1.0682539050174509,80.43992549574298,1,1,9.577521702933936
2024-01-03 15:03:00,4.503438903816375,-1.356769081767774,-2.682582494992774,-3.448325222372342,20.76049619344845,2,3,6.807350735721685
2024-01-03 15:04:00,68.30762545097376,0.58577395917336,-3.836614962101868,39.44629778079793,96.72067548869808,3,2,8.89994347965684
2024-01-03 15:05:00,110.49250195632904,1.795595795759808,4.461678058939578,24.71647113010394,61.22042912900615,2,3,12.62626507948682
2024-01-03 15:06:00,116.21029566004894,-2.199668297440443,-4.850736364257385,29.97423879971631,98.64131445649188,3,1,10.311973432731804
2024-01-03 15:07:00,64.8663210466709,-2.336751813499588,7.0265573675457365,-2.074896531502717,24.639805797816678,2,2,11.340375863532774
2024-01-03 15:08:00,54.98457663026591,2.53255592143399,-3.9972086965085194,-4.332316392285032,66.68236390927305,2,2,6.196309608900414
2024-01-03 15:09:00,113.40205130981929,1.5068902069354957,2.865313891305413,22.012990929375,47.9461628780729,2,3,12.155581814958545
2024-01-03 15:10:00,80.83317983960342,0.5386776046684707,6.101915653415908,27.57241251550833,87.47859942514286,1,2,6.473638420678787
2024-01-03 15:11:00,7.787913544609135,1.615120739975568,-1.3698351688028385,12.768981980141426,48.897818818742905,3,1,7.77920920167516
2024-01-03 15:12:00,55.887069320099705,-0.4268738321601693,-3.4468975711589374,12.44897989077674,40.83900632458793,1,3,6.104442489484981
2024-01-03 15:13:00,28.82940221571647,1.5507344838547592,-2.365658503721658,12.301578459740092,88.60425016799306,1,3,7.636898660666528
2024-01-03 15:14:00,56.376518573841786,-0.7691820523527855,7.820253579025126,1.8740131582459425,49.97224733226088,2,2,8.776103011111346
2024-01-03 15:15:00,54.65586864076341,-1.535432565044386,5.586704374780359,28.926108004033097,21.34666558884492,3,2,7.725213734998928
2024-01-03 15:16:00,69.85737633776904,1.374080527757812,-2.0285292617735333,4.683672955317487,51.2231280671467,1,2,9.229749521794432
2024-01-03 15:17:00,42.81245884191015,-0.4819662470563903,5.741811956964918,9.5984723189331,72.36178152087535,2,2,7.985314887673652
2024-01-03 15:18:00,19.71245393471137,2.888262625957169,5.629272553130301,25.20668819045126,40.34876310451055,3,3,6.591242319911565
2024-01-03 15:19:00,60.44633215079475,-0.9030889061513944,9.965876471589407,-4.99528801408354,54.55900739401258,3,3,10.50897251397804
2024-01-03 15:20:00,99.62434612149144,2.530364523186396,0.8733403528886869,29.481573368199072,24.53721106257804,1,2,8.977612248995197
2024-01-03 15:21:00,79.68146736811228,2.5977752914024768,7.972802412141563,35.459263672004106,67.04742332111658,2,3,10.479700155815063
2024-01-03 15:22:00,40.6041439110259,-1.5488823176115232,1.6966402895922252,-2.677218113152944,80.5035939088315,1,1,4.514953284515063
2024-01-03 15:23:00,112.26276273106286,1.7893270895280802,8.466403354254503,21.62307129071281,53.06500491208882,3,3,10.81533760559893
2024-01-03 15:24:00,109.46490854990186,-0.4015529691326094,-3.6259925135157607,13.380653641645315,53.618610624116805,1,1,9.737941196149889
2024-01-03 15:25:00,25.12180792609185,2.505148363382088,-2.3703105481213385,-1.4691473872937486,27.062599886793315,2,1,6.695848481621535
2024-01-03 15:26:00,4.730110214443557,-0.2992543641885672,7.749315446000349,25.70039442941324,36.1552691609586,3,1,8.921576677281776
2024-01-03 15:27:00,88.95704500209146,1.465822304024197,7.289504861580925,22.554338020030137,32.37402425023301,2,2,10.842114314689564
2024-01-03 15:28:00,99.3132313618984,-0.1981955450172128,-0.4184931221451879,23.919714724738814,58.53502149292304,2,3,8.77452499716623
2024-01-03 15:29:00,116.14374791416265,-1.633195465722863,3.9519747720018152,31.60729142666699,62.34044327606001,3,1,12.42738834296278
2024-01-03 15:30:00,106.78036729059728,-1.8038992263318825,0.7404958315305414,7.911353902442272,95.9152105027408,2,2,11.32678444135785
2024-01-03 15:31:00,72.06417218476977,-0.4474128344619266,-4.84523976044718,25.468063214547183,25.858520342178718,2,3,10.687421892566542
2024-01-03 15:32:00,63.6062807054857,1.532967942085289,-4.608438101493094,28.44929625624748,67.98943785240377,2,3,9.334426090884824
2024-01-03 15:33:00,3.340926151510355,0.6304289110846009,-4.1861545177763535,2.596673406997253,62.1198821862593,3,2,5.210509485516648
2024-01-03 15:34:00,29.59877362137334,1.1317757394032597,3.91108231488368,38.06800937780987,61.29864783486633,2,3,8.11901267712785
2024-01-03 15:35:00,55.15377020795117,-1.3060418956083453,-0.8115839704170815,10.299147010965978,89.85274299062611,1,2,4.709482288422115
2024-01-03 15:36:00,75.42046801002815,-0.1113879242543669,-2.840775525276642,27.116870191675503,36.44307765563892,1,2,9.892864502027026
2024-01-03 15:37:00,66.87021999820928,-2.7336284101840382,9.116966626658314,28.93090568286471,23.26186194730972,2,2,9.426640422732929
2024-01-03 15:38:00,89.11631876180286,1.905194495748724,-3.180219993781762,17.681391368786905,73.7817206107354,1,3,9.952724731320837
2024-01-03 15:39:00,33.5720317064449,2.939352973439248,5.109725746373165,0.7922787758882492,47.61259713087841,1,2,9.186679842657885
2024-01-03 15:40:00,67.79431291829678,-0.5587256242519745,8.412402742339879,7.40483195879095,21.407193297001967,3,2,9.119324055167706
2024-01-03 15:41:00,10.577069206895056,-2.93421808121074,-2.542554991423254,5.541112854792678,40.10992058323311,2,3,5.679751261783985
2024-01-03 15:42:00,49.63986282998484,-1.981244162694316,-1.7790547665692729,18.33890484629147,44.74614193734495,3,1,6.765842104281559
2024-01-03 15:43:00,90.01929995455212,0.9151612665025128,3.607203003639356,6.757099194865315,69.34707014273937,2,2,8.092973664770994
2024-01-03 15:44:00,83.20810241148529,0.6724759092231549,2.6267302956819654,19.604671463100907,33.80686352394177,1,2,9.414573544968686
2024-01-03 15:45:00,118.87712846066148,1.7271883175132636,2.8154112532940125,7.969303947416487,53.04434783627184,3,1,13.663065062015912
2024-01-03 15:46:00,33.34693511853072,-1.476695934233591,3.32017141027133,-4.955938984539498,58.5980355534266,3,3,6.798097427177644
2024-01-03 15:47:00,59.7827159008775,1.581791493282804,9.248543739415664,11.346553020217517,56.73899130912727,1,3,6.334322209506368
2024-01-03 15:48:00,39.54364965287961,1.1279041291420189,-4.19242937049575,22.30828839351187,97.91526133334254,1,3,5.329272190973263
2024-01-03 15:49:00,52.87237368710097,-1.0631130137169402,6.406727810422288,29.816354944179075,23.64033902322369,2,2,9.393200229906538
2024-01-03 15:50:00,102.83401558432658,0.272928888341772,-1.5124036638989995,-3.723599255901129,96.07745491619195,2,1,8.901384212774719
2024-01-03 15:51:00,82.10508902261839,-2.11635714901004,0.6051650525857308,6.62408503044667,66.55497711952266,1,3,8.313665765769922
2024-01-03 15:52:00,105.8929429617098,-0.2846129793865044,-3.66063315552404,39.34579540214504,83.65821719758706,1,1,11.165679031574758
2024-01-03 15:53:00,24.421332999826376,2.287184037333846,1.6844015373031542,6.78169248387475,54.43140944128604,3,3,5.1443786825514
2024-01-03 15:54:00,104.80333414097257,-0.4728517210476552,7.063288784126822,29.97389454422957,56.30703050055843,3,2,10.397608927768976
2024-01-03 15:55:00,7.171472901406131,2.0374002388525323,-3.518894922005676,17.921812828339498,90.34611992126588,2,3,6.1074492094695545
2024-01-03 15:56:00,106.6319136524583,0.5415201915581664,-0.8659460266955152,0.4978292824909127,91.67475970335217,3,1,9.576554721562967
2024-01-03 15:57:00,39.48885353528735,-1.8487397213858596,0.5959256301553753,23.9530058047774,39.09511051450381,1,1,9.496167254421447
2024-01-03 15:58:00,37.75051600968798,0.4866374681873786,-3.441511953685365,38.48533835144665,35.939350286769454,1,1,9.461018424335164
2024-01-03 15:59:00,61.45062920383967,0.0358999749423807,6.4347521496540026,34.90730647370493,59.69881390959608,1,2,7.061334829680125
2024-01-03 16:00:00,112.8828225267878,-0.608151988821696,6.804205423261381,26.063175452741792,92.02216217021532,1,3,11.25821870869996
2024-01-03 16:01:00,5.733763761768644,-2.282217362903578,7.53842496669952,18.04667201246678,45.7884074724941,2,2,4.0570101512689565
2024-01-03 16:02:00,42.26771700848944,-0.4997480169166213,3.758443072094773,9.369985249729666,72.1611692271305,1,2,7.971002501494556
2024-01-03 16:03:00,102.7886386420003,-2.563425742562237,2.6085823128156385,11.063498195489776,76.65213501924809,1,1,10.02705466864033
2024-01-03 16:04:00,47.52653729225601,-2.4073856916074927,-1.0617133179313698,10.579303339918953,82.29397319153247,1,1,7.824994042370722
2024-01-03 16:05:00,23.89882771164804,-0.5045008024037037,4.827369509358217,36.49368913459265,65.11395663367706,1,2,8.495861669985134
2024-01-03 16:06:00,50.975301759769415,-1.1677111081892178,1.668452284833152,4.509060656279669,52.19641426231757,2,2,7.15820945594864
2024-01-03 16:07:00,46.26630017900032,2.553265955173341,9.561646091160826,12.01134287577841,97.36127910391784,2,3,6.552529921614684
2024-01-03 16:08:00,109.8499441760044,-0.7457651677183765,9.522692454616848,14.438345603069852,68.90646026422822,3,1,10.800919275511491
2024-01-03 16:09:00,91.43212508917163,1.5471487324326008,8.57807697726344,13.400544791887192,78.28521693066166,2,1,8.899049408054484
2024-01-03 16:10:00,60.61386668928076,0.1814851581974563,0.4013370702149794,-4.811078847176619,47.59862765567027,2,1,8.770511596804596
2024-01-03 16:11:00,118.60446800658852,1.224514011854013,0.5195868303108861,7.193810961201585,73.5959344802464,2,3,10.22662132201036
2024-01-03 16:12:00,55.8333037531108,-1.439304101907605,7.790097460655737,17.435584865002838,40.62381297313007,3,3,9.399027516990795
2024-01-03 16:13:00,6.988539698433027,2.6514298370299745,5.937023976121992,29.222199181465776,39.607753402290896,1,1,4.198824989736842
2024-01-03 16:14:00,31.472918617798182,0.1805309814865436,5.565414547270656,20.626329342126425,77.1777761447541,3,1,5.143101121539546
2024-01-03 16:15:00,52.32845762631752,1.987944427711498,-0.8058348337382633,12.318790206307806,61.711578901034805,1,2,7.947661646154504
2024-01-03 16:16:00,18.82831489753441,-0.8097258391433191,7.500229173317138,24.93133946044159,74.66212883379117,2,2,7.520938093923994
2024-01-03 16:17:00,113.70781515888515,-2.398731905696853,3.691308583944148,24.965194354370947,41.55507925984733,1,3,11.35778389390038
2024-01-03 16:18:00,92.02186773813276,1.0422698863250923,1.7029836135785963,6.156610723696264,67.89786728453844,3,1,8.346911888677909
2024-01-03 16:19:00,32.19446405133272,-2.953442109975453,7.981331861621138,-0.3301633772306909,55.51469197624901,1,2,6.602897534438472
2024-01-03 16:20:00,70.8965440221499,-0.1482421406069503,0.9131464567317104,31.14325787558984,67.75682294764223,1,2,9.3461686835913
2024-01-03 16:21:00,86.57389885314865,-1.8431885840012443,4.808887178016484,18.84020707001616,43.27037857953755,2,1,10.861191268318333
2024-01-03 16:22:00,112.95347146881576,0.764253026612173,1.9885777300620848,2.943614287623541,77.2360770919299,1,1,9.86841506281393
2024-01-03 16:23:00,105.79624190104929,2.876519238827113,3.8910670925658426,6.793197960046236,84.47434929275724,1,2,11.787852617951538
2024-01-03 16:24:00,61.82306713658564,-0.213582562076124,-4.391802925272821,29.48910216628167,40.79331790861789,2,1,7.155551195299479
2024-01-03 16:25:00,92.9583143751621,1.904989539154,1.916727447645762,24.397257307317503,44.04964478845137,3,1,9.602889240068066
2024-01-03 16:26:00,67.4573704593102,0.0467051217067262,3.347369612451613,37.53249538162488,72.89234157752745,2,3,7.862287961194744
2024-01-03 16:27:00,66.32446680546481,-0.0249598133758555,2.390790021244089,15.922633668164078,75.64681394428354,1,2,9.067281494244718
2024-01-03 16:28:00,13.769035000583028,2.5825409590726665,7.711155587602283,-2.6516016557427857,76.327974751796,2,2,7.634063722088004
2024-01-03 16:29:00,15.136518961938249,2.339795212480089,-0.333140378122752,26.51902903401845,74.61588038206695,2,3,7.439192811779042
2024-01-03 16:30:00,63.54403380269489,1.7148027911278465,8.261147965068107,6.470983973594107,51.4246173562031,1,3,7.735754530766302
2024-01-03 16:31:00,32.26338539748079,-1.2224654800992951,1.051929548603356,9.573454905591088,51.588293952294265,3,2,4.860731775505449
2024-01-03 16:32:00,2.524428295256236,0.2700504943436432,5.4179009839098455,3.849171419504559,40.38540989155052,2,2,7.076096804831964
2024-01-03 16:33:00,86.74070446802547,-1.65661660016589,-3.699159079890534,8.902092979773483,32.54669599170904,3,1,8.257849560861015
2024-01-03 16:34:00,3.898391602819795,-0.3364998117207616,-1.9976887464676596,32.326621402606804,75.40619035175246,2,1,7.1489525846115525
2024-01-03 16:35:00,71.43322093248655,-0.094721605441256,6.417490167119077,20.952098725489098,27.455102877785027,1,2,9.411590585096167
2024-01-03 16:36:00,64.70325529527773,1.989840241015985,-4.8150697169203935,-0.0880815527432385,95.02338294294252,1,1,8.302374769879664
2024-01-03 16:37:00,116.25776286933652,2.3761701919499583,9.52791608720649,21.39716530262042,86.1349042937161,2,1,11.1794372437656
2024-01-03 16:38:00,58.105576721717,-0.512279625621133,-2.1405664840517726,23.510350999920878,88.60045919658049,2,1,6.674560449008944
2024-01-03 16:39:00,7.632172365335683,-2.8937733295605765,8.519559793676848,34.81706610817912,92.53350516921522,2,3,6.019459743332588
2024-01-03 16:40:00,66.2025561367754,2.1706430387361277,2.739175423394286,33.68404496189304,52.688397657859205,1,2,8.825545718669208
2024-01-03 16:41:00,100.93154047393216,-1.954327928991836,3.46863050345695,-2.1706197692095537,87.73605786803208,2,2,10.778105088173833
2024-01-03 16:42:00,119.6219141137728,0.7312917833423613,-3.738023180434624,34.00141427393785,32.64490402333195,1,2,12.75260029155965
2024-01-03 16:43:00,51.6411808426887,-2.850174597395213,0.4782813123605169,-2.7101869695783005,21.73134356865885,2,1,8.262148879828914
2024-01-03 16:44:00,38.4358490996091,-0.6029611484366146,-2.656717088292479,1.935489289568915,82.791311573108,1,1,6.617669196234585
2024-01-03 16:45:00,108.79839563423988,2.9157618126920983,2.888972415414141,0.019750093416631,25.983731839755144,2,3,10.894022905194658
2024-01-03 16:46:00,22.949055489134565,-2.3958383933771814,3.260982185079243,3.176375828002019,99.08197338607371,3,3,7.667806158429633
2024-01-03 16:47:00,73.85146980395119,-0.4578410880021462,5.645004243764655,31.146789740606053,73.98371436812448,3,2,5.826189819546791
2024-01-03 16:48:00,48.685730901713725,-1.157100298860287,8.17417236884775,25.87537050940478,80.27597681936844,1,3,5.712519886371799
2024-01-03 16:49:00,4.929883794666634,2.430528740329586,2.0226972440479107,25.91330967977454,39.66430850222928,2,3,5.792953531925367
2024-01-03 16:50:00,41.67461691668373,2.2160406474441308,-1.4995944487909003,36.49574284055363,73.90923151357505,3,1,8.20860221138668
2024-01-03 16:51:00,31.82742270032095,-1.573807438162627,0.0035749216247431,12.633296459798594,23.45759498039658,2,2,6.850953380983443
2024-01-03 16:52:00,82.33093847321842,-2.512873277697413,7.706347194084058,-4.852065059950392,87.02605759388807,2,2,10.114342913047986
2024-01-03 16:53:00,113.85485972303016,0.7628303643667049,-2.812047723818578,23.78958034310389,33.569927442525795,2,3,12.16587017266955
2024-01-03 16:54:00,32.16566248543653,-0.9817877286977414,4.408841175080237,34.063347389154195,75.78864534670164,3,1,7.143507304823895
2024-01-03 16:55:00,97.37591269820182,1.0325063436363786,-4.803711742357847,38.93170812524702,37.95844009861827,1,3,12.19642693835302
2024-01-03 16:56:00,6.643178032609143,-2.807281463593113,-1.314960073186359,11.375172864218666,25.47625355408342,3,3,5.145638325105239
2024-01-03 16:57:00,64.57452120477758,-2.1996045889350637,3.871127462521892,31.996848479939267,58.519494283951545,1,2,8.62761911291878
2024-01-03 16:58:00,8.46600764518735,1.1182333966358602,1.8461806000400616,33.21524714523972,33.54289682182316,3,1,8.898347629627743
2024-01-03 16:59:00,112.08395893567672,-1.7257760681850134,2.40324235364847,1.4997028489259154,78.35551906612397,2,3,10.678968956475067
2024-01-03 17:00:00,91.96215366688682,2.1455260545744093,4.90843075689409,23.41743498650494,39.00526747067879,2,3,11.520335639241187
2024-01-03 17:01:00,78.95398934455108,-2.648454673739187,-1.481209633721488,2.7913044613391165,47.39780449886631,2,1,11.293427585663272
2024-01-03 17:02:00,98.86756579495972,-1.7071081032865525,-0.7879258951024646,15.098386816916218,65.39514010115784,3,3,10.546099236649257
2024-01-03 17:03:00,77.70237546841958,2.9913614909104123,5.266873111417695,34.567011364255656,42.797462206184925,3,2,9.450357373545812
2024-01-03 17:04:00,116.27332766091494,-0.4015433844792442,3.0743711131580334,30.526020047086483,50.239049296796935,1,3,11.738769253313585
2024-01-03 17:05:00,85.67495374377258,1.217793981267861,-4.781197636117586,20.6652755664286,85.24974168323094,3,2,8.986413086298395
2024-01-03 17:06:00,110.9590331498696,-1.904021706857918,5.054916929281617,31.391912395440954,34.336787964882056,1,2,11.171472878644868
2024-01-03 17:07:00,62.055827041276565,0.6592124099132262,4.301380611284172,1.877237897980729,26.57612715855469,3,2,10.404495578493792
2024-01-03 17:08:00,14.04772955782352,1.3566364102165114,-3.820886393025893,3.771371541398304,46.268622810641546,2,2,6.006976835326952
2024-01-03 17:09:00,63.381326570762056,-1.1131401848009368,6.212792422614792,4.398915620062198,53.950141361110255,3,2,10.35615805796145
2024-01-03 17:10:00,15.224739367571196,1.9733826718552665,2.8315218842060608,29.920609992839097,63.41274257092542,2,2,5.664876166467018
2024-01-03 17:11:00,71.09921750116861,0.6205054708336997,-1.9287907406456053,35.093447704289275,49.79389569400056,3,3,8.823966685687015
2024-01-03 17:12:00,57.89916726331956,-0.6652619423098187,3.3903455217464096,20.3276344198166,83.19293601782441,1,1,6.833637903299606
2024-01-03 17:13:00,74.70904773993381,0.3458543600589516,3.931877712565049,38.10872311310539,23.14555901347786,3,3,11.819320872020384
2024-01-03 17:14:00,1.2056377265797913,0.4605650846155456,8.801780937853557,27.761361304245725,54.54140305588464,2,1,5.597265767375937
2024-01-03 17:15:00,23.38085899864369,-2.006788243836804,6.132166383267556,20.3657725228103,50.58047317251237,3,3,6.921508505575965
2024-01-03 17:16:00,58.95965182945571,-0.5836057807982034,-0.4711346826320115,22.521573708372813,71.80627926454872,1,1,7.636331387014571
2024-01-03 17:17:00,114.06042739069618,-0.9394164718830416,-3.2280054865371115,33.229036896088786,97.30210015179168,1,3,12.473281609321903
2024-01-03 17:18:00,46.03308484261901,-0.5945836645252438,7.797761081211712,-0.9418681660597644,60.83003253030897,1,2,5.019784471647418
2024-01-03 17:19:00,50.92464312643616,1.5666635309115478,7.69101531813169,2.5607869149273164,98.95014775533764,1,1,8.119134243759914
2024-01-03 17:20:00,85.76353068079466,-0.1047695551999643,-2.3703497791406414,6.983274269878674,44.1799515930558,3,3,10.377078236830696
2024-01-03 17:21:00,72.45513087433416,2.6418969194355864,-4.0680322220317,35.2649135195636,22.46945060339688,1,2,11.4261062333186
2024-01-03 17:22:00,35.871138011799985,-1.2379415198493828,5.677969747240583,37.52252370042949,33.25305339811302,3,3,8.100045133234717
2024-01-03 17:23:00,49.29796746809133,-0.5057785302904261,5.838727462547261,11.027674681089785,51.60999078196539,3,1,7.066616743982496
2024-01-03 17:24:00,26.12397586286789,1.721740862874249,-2.3428436944193143,36.57357517050594,45.306712735084176,3,3,8.235144820708173
2024-01-03 17:25:00,115.92257509562502,0.2761475599245013,5.023177893361831,19.6081510435217,27.76433047867021,1,3,13.431830896916171
2024-01-03 17:26:00,15.67612578688317,0.2821688785466865,-0.8161438295460677,16.29731848804417,54.61280861525735,1,2,6.046954302391896
2024-01-03 17:27:00,44.62041414797034,-2.679959021968899,-1.0907445804679394,32.474410506831994,47.04926173276502,3,2,9.157333915433467
2024-01-03 17:28:00,3.100676666401343,-0.6084020236892651,-0.1322309886448627,19.57375465986324,29.809537636595078,3,2,6.033414436635684
2024-01-03 17:29:00,26.613539032025567,-1.375597605469605,2.8059454977528144,15.451703449054634,43.68937044895272,3,1,6.209377350791711
2024-01-03 17:30:00,93.65653660561858,2.996010736986692,7.066808849929341,-4.28164230783494,90.91488442843124,2,2,9.805126458409028
2024-01-03 17:31:00,24.141027874665536,-1.1498695762061384,2.479656263344393,-4.419605191824131,44.163909239147216,2,1,7.603760428257217
2024-01-03 17:32:00,9.607608303475873,2.306979208763181,-0.5293595656388845,23.24161300560076,77.11643385936412,1,2,3.724114923961376
2024-01-03 17:33:00,56.93438158134279,1.0574024102428652,8.25961448067774,-1.696238111888774,68.96376637262046,2,2,7.539942319469984
2024-01-03 17:34:00,1.1963081681422194,-0.9545015448474574,-4.1736506383645295,28.162538893131845,54.17449299266974,3,2,7.186543071665708
2024-01-03 17:35:00,10.17193853115998,0.2612062702447417,6.956372258471205,23.00536584814008,39.122050944293534,3,2,7.594163608374274
2024-01-03 17:36:00,96.91510434755702,2.043215279695163,6.765726368827835,15.597828972046944,49.52117594767564,1,1,11.46919534790056
2024-01-03 17:37:00,92.57680138315276,2.3002097881854717,-1.1967978476848535,26.9411639400259,67.36857707768343,1,1,8.381034840048
2024-01-03 17:38:00,109.81665844858752,-2.037636749963129,-2.025572262195805,39.688210501125184,48.0602571799484,2,1,9.627307099877571
2024-01-03 17:39:00,102.54185230928994,-0.9625611527509824,8.120508422433959,6.086054813463418,37.19171468593855,3,2,9.569573556088068
2024-01-03 17:40:00,81.98106758877817,-0.98866091871857,3.383069403404864,20.067506506626724,29.31701991133057,1,2,11.448963722883978
2024-01-03 17:41:00,6.279942876079541,-2.747731223544332,-4.30982963552878,32.92851577932351,90.38135503276524,1,2,2.6798588712618665
2024-01-03 17:42:00,93.9418341583989,0.589426559111379,8.36248774700714,-4.240629295710818,55.22503806015245,2,1,8.70319208585627
2024-01-03 17:43:00,101.46129730086726,2.128920317953128,0.2350897653351067,4.15787479161305,70.0166657394344,1,3,12.739931809613
2024-01-03 17:44:00,95.88985749263452,-0.7105536730468933,0.1323483071503961,18.44313952719504,59.23282889094442,2,3,10.277729692261838
2024-01-03 17:45:00,61.01748423696313,1.4402156699050623,4.649319057398099,19.85107112196252,89.80532146863708,3,3,9.61632230502184
2024-01-03 17:46:00,27.9482206379378,0.7662024816044397,4.919664141978638,-1.1150031176439017,63.75478819585687,2,1,8.739146499907378
2024-01-03 17:47:00,101.4395970826472,-0.7461075870419949,0.2997418124262214,13.334328654988571,58.46251343592907,1,3,9.533720856462487
2024-01-03 17:48:00,87.25953716881662,-2.153641203046217,-2.85081608154679,18.39031410937815,93.968079233737,2,1,8.551583059035874
2024-01-03 17:49:00,117.6913409266622,1.2559431166558035,3.2840464505450857,14.033906446465512,77.57516768362837,2,1,12.998771100207742
2024-01-03 17:50:00,18.68311173071195,2.1273910136474425,4.377687470128603,26.5268315111707,28.923992587748582,3,2,6.632744260758891
2024-01-03 17:51:00,27.07974996624661,1.115126954408951,7.903335475884605,29.71137498899653,34.21635689574512,2,2,7.436524967582077
2024-01-03 17:52:00,25.415777985780323,-2.892729095791092,2.266599810475988,15.711772866554966,82.96982903515536,1,1,7.324512350378415
2024-01-03 17:53:00,95.1047721145604,-1.7026026336540525,4.685441193523328,14.154687752715096,86.86810569439635,1,3,10.66381447124724
2024-01-03 17:54:00,22.428875574014175,-2.5831200906988085,-4.183867582761872,26.74136518537553,63.61526632722372,3,1,5.7361086690761605
2024-01-03 17:55:00,7.999179578796731,0.4223165974573604,8.417843503092428,19.988606149920518,64.35641822933114,3,1,4.084954430038281
2024-01-03 17:56:00,119.82729679027544,1.538866073042474,-0.0917628018994678,34.1697750976286,70.55463702811556,3,3,10.409573969487967
2024-01-03 17:57:00,2.978065373417897,-2.3365248775880434,4.483316865134679,16.651576813660284,55.12926194261116,1,2,5.120397793022109
2024-01-03 17:58:00,100.22928721906388,2.0300269235603112,8.740774469698623,20.844736405247325,74.41592987871232,2,1,11.233225300078583
2024-01-03 17:59:00,43.844020986078334,0.3330538703728991,7.157886765470305,0.7962341413318743,28.678500605313253,1,2,7.513108080806438
2024-01-03 18:00:00,100.99385517093783,1.1398140728503492,4.565557862167985,32.619875883022104,96.9023393893909,1,2,10.888117556578376
2024-01-03 18:01:00,66.5544589453374,2.828411091651877,5.554117421051279,14.003145925771118,80.01238590359374,3,2,9.091264151779356
2024-01-03 18:02:00,108.1957475383632,-2.497914070513816,8.813576739474644,27.35784817551948,70.49393632072055,3,1,9.546975618753049
2024-01-03 18:03:00,111.1431583697552,2.407344137866735,7.1813977022019255,14.326723708650892,45.305764560758455,2,3,10.959463084978736
2024-01-03 18:04:00,1.0917817536931196,-2.2433838240755444,4.1478859080573525,-4.954449661838348,32.87643899653833,2,3,6.376221581813432
2024-01-03 18:05:00,9.049461119134593,-0.6422471601799065,4.880540593144396,13.018461261988094,52.74743710631557,2,2,6.344393077498869
2024-01-03 18:06:00,30.043047548502656,2.108632177986686,-2.7909736375218213,1.6375987785354695,72.92613924592467,2,2,4.533857082998046
2024-01-03 18:07:00,80.3178499636202,2.437525420427209,2.0525151965589954,12.937678568575013,70.69677947384888,1,3,8.898028191255309
2024-01-03 18:08:00,106.59266358138072,0.038230041270872,-0.4850352847450034,9.460477310244697,50.61129240524572,2,2,12.977284297473258
2024-01-03 18:09:00,55.193034155275534,0.5646278296525509,1.4795595174987453,4.114632040402061,69.06291150665038,1,3,7.695161331390744
2024-01-03 18:10:00,72.83677395291186,1.248884007591343,4.933703102961344,0.5697443724823357,85.0998636454038,1,3,7.180919951982866
2024-01-03 18:11:00,22.619982335467338,1.996552010716285,-2.762733595973666,27.78525500122327,22.102781787008567,2,1,8.086297678692935
2024-01-03 18:12:00,96.59602006580224,-2.270932982774003,-4.739360545081146,28.96871360348509,56.049683834422055,2,2,9.781754469256288
2024-01-03 18:13:00,116.07937336241636,1.8604158493753664,0.9538660484909444,6.924887734772087,80.68441827734328,1,2,11.303327427094764
2024-01-03 18:14:00,32.23187194975169,-0.1123430969302994,-0.1672352826791421,17.283560112256847,63.691557637070176,3,1,7.366483518897463
2024-01-03 18:15:00,59.37911419206556,-0.2962594493509858,1.3064808955256089,15.8831926357104,72.1180870343256,2,3,9.828902765649648
2024-01-03 18:16:00,10.333933260764857,-0.4566014880180105,8.96831380553471,10.98614069756508,61.33411140842736,3,2,5.037577049823973
2024-01-03 18:17:00,67.09639877555621,0.0552695114762555,5.606261518222656,7.493673180853971,99.34996357458488,1,1,7.190120932202254
2024-01-03 18:18:00,60.33401302160166,2.670303320367621,-0.0881183810125971,3.371428420676219,24.369722919123056,3,3,8.767870457776379
2024-01-03 18:19:00,17.33237809860931,0.2892226367529096,-2.310817666449453,34.28016790308892,59.28358574179018,1,1,6.14427792689188
2024-01-03 18:20:00,53.047945574169006,2.719065229578836,4.277174413854047,32.4990619445805,27.313323929161413,3,1,7.422444347101198
2024-01-03 18:21:00,40.09255825038759,-1.9182592163061565,4.863643772642547,13.773073460652244,32.78284496908563,3,1,8.822176616767438
2024-01-03 18:22:00,62.61970503662272,1.3448158729957989,2.2543402581675256,27.45405654373978,50.64306803346095,3,1,6.814835414525759
2024-01-03 18:23:00,70.2785202514559,1.873437231652483,-1.8085883806675975,17.42494370796484,32.44320732003899,1,3,11.668192702504708
2024-01-03 18:24:00,1.019469432865141,1.0747729880091716,-4.571671087452044,-1.1577530618272251,97.09497327653207,1,1,4.750101914867077
2024-01-03 18:25:00,91.32071795394664,0.6415336813592423,-1.0150895379909124,32.0075728799373,95.74318213801271,1,3,8.839692125154738
2024-01-03 18:26:00,85.5617150234089,0.3888766865170936,1.8575574893527609,4.867219480634434,46.8887716976483,2,1,12.267528807013957
2024-01-03 18:27:00,43.95436634478266,2.165582895472176,6.819014296637379,26.806787982766448,71.17981696301436,1,1,8.975261487442111
2024-01-03 18:28:00,6.352312268258191,1.9298795829870008,7.806307432677583,18.732908421182465,62.70026564750289,2,2,7.56488666415771
2024-01-03 18:29:00,90.59190477420604,-2.266267672916402,1.1940183950044636,26.074298641652504,85.24695844126148,1,2,9.847942450548846
2024-01-03 18:30:00,114.62101925737588,2.091525942185269,6.941860820252916,16.204137507578317,70.19564878535537,2,2,12.112941382533354
2024-01-03 18:31:00,28.818191522641705,-0.5155882833573449,9.900292353267297,26.6152516814644,20.02019635924497,3,2,9.156693083698174
2024-01-03 18:32:00,38.82295364844455,-1.477819020025135,5.749155622783441,-3.52343511747112,81.05395084877911,3,1,7.088578474724827
2024-01-03 18:33:00,22.057546737817795,2.2186114080835555,5.928985474021102,-3.1616177404589587,79.74784970368944,1,1,5.265502029945403
2024-01-03 18:34:00,69.23233480138076,-0.4078512021975502,8.643047523247464,35.33529843469794,60.77781644531848,2,3,11.064288102226444
2024-01-03 18:35:00,18.580967357694597,1.8501881410609,0.0721619262536483,28.736230718720076,92.2335178586443,3,1,6.347129388428757
2024-01-03 18:36:00,42.743273215365534,-1.419578328264933,-4.831919104137931,32.281038394730594,92.67569645523211,3,3,5.798465349770055
2024-01-03 18:37:00,83.64156167211155,-2.976424071466693,9.804659075135488,15.546342411459136,61.91293413635178,2,1,12.499921953084018
2024-01-03 18:38:00,67.21391796112181,-0.0272448425823337,2.3570211650653574,15.684108784729482,68.63905849572302,1,1,9.469880581613548
2024-01-03 18:39:00,46.37550771935223,-2.3986304601426944,6.785163897434904,19.030181599798286,99.72176575397378,3,3,6.63291791926587
2024-01-03 18:40:00,50.42995221690503,1.5262557331494584,7.187367064139433,5.964792104193272,43.9056187849134,1,2,7.690023494608898
2024-01-03 18:41:00,67.45330591478753,-1.3435491835835378,0.9627501562004356,28.00761243198525,45.96937938491819,1,1,8.54721109583214
2024-01-03 18:42:00,0.7037673464593563,-0.3381261203791279,3.119095700834773,32.32544815302522,34.62191221307971,2,2,4.246450986329086
2024-01-03 18:43:00,9.421184214433184,-2.4777986094506748,3.098732890940166,35.825084169492825,91.66935513262943,2,3,4.674775326532602
2024-01-03 18:44:00,105.7509681315614,-1.280044509316484,-1.6967598598362432,18.26652317689744,79.5590711959413,3,1,10.509494094386074
2024-01-03 18:45:00,9.345478690954891,1.6889414595514314,-3.235415991585598,13.655942757730385,28.45142790961935,2,3,6.217522693010352
2024-01-03 18:46:00,84.81643154526061,-2.0904725285860835,3.1535845741393818,32.391995995523295,98.54138809583723,3,1,9.97860385298276
2024-01-03 18:47:00,110.4045796930863,0.8829573667617443,-3.1978515972280643,28.86996010289686,78.4769366528893,3,3,11.448539564779168
2024-01-03 18:48:00,32.48203251620773,2.5045551168270066,0.191330857892698,34.02729488691367,88.04176876839796,3,3,6.423113074486182
2024-01-03 18:49:00,44.45897244714171,1.079020558546322,-2.208750025385923,24.50789758535839,23.852063133856078,1,2,9.822517808998407
2024-01-03 18:50:00,68.27056870136596,1.8661301357533608,5.603741624241671,34.749098656279,60.39687351537341,1,2,9.792653318974272
2024-01-03 18:51:00,105.80507635663017,-2.346170224176505,8.080132802499815,-0.9931250279605432,75.88786293816314,2,2,12.441761440233025
2024-01-03 18:52:00,113.02867047125042,-1.4956090439876732,3.668719147782703,25.580270995847314,63.435726765747305,2,1,11.282031109247251
2024-01-03 18:53:00,88.74758977335216,2.3672331134435467,1.1523371075739623,-1.0042210180750173,73.3317972559422,3,3,9.419045476898866
2024-01-03 18:54:00,10.394371302563282,1.2906336817085355,9.949639612319665,28.700843948208156,85.4299250872378,3,2,6.021781346579689
2024-01-03 18:55:00,80.29849866418209,0.8373229582638668,-4.681862971301912,23.27997415598229,49.9469650368157,1,1,9.278262185047382
2024-01-03 18:56:00,49.23644662471945,0.9826004167302004,-0.4348837369411598,-4.280359028829056,87.89349404949678,1,2,6.253148598073257
2024-01-03 18:57:00,56.48411993892739,-0.5147966741721395,-0.8199027102949934,21.966744373305005,33.03328838122326,3,1,7.676215387325982
2024-01-03 18:58:00,5.897806841421245,-2.732660210294081,0.3430539708687954,1.582591385140323,41.67088440210998,3,3,5.7008249618343125
2024-01-03 18:59:00,22.927456721562983,1.7066492524243744,-1.54106388262246,1.4085138900581402,23.467649594186064,2,3,7.045704895487487
2024-01-03 19:00:00,94.86163290403772,1.0722794172921226,-1.0360574685281616,1.770835524547801,49.15414490682009,3,3,12.493736695882372
2024-01-03 19:01:00,54.47505996574317,-0.1631732153236518,-1.1348433512400908,16.77206210110791,50.39276358592963,3,1,9.765093845818903
2024-01-03 19:02:00,36.19946899573786,2.398557692209545,2.5861607612864583,0.1984114314343772,84.42164777658007,3,3,5.787372529096488
2024-01-03 19:03:00,46.08228887579498,-0.9830420100894068,0.865829155516467,0.6545086803727491,72.25045362317248,1,1,6.716499641077034
2024-01-03 19:04:00,102.52794159908164,-1.2340695346125845,4.589201529773625,6.527559376024442,54.93780465245333,1,1,11.58329840234648
2024-01-03 19:05:00,89.87988208859483,2.2367779504766574,2.716017398015281,-4.961379927750789,72.16911828989986,2,1,10.641603409706596
2024-01-03 19:06:00,32.677847661729935,1.781925928553913,-2.248672214454042,7.410539513081481,24.222668041255293,2,3,4.901840109344311
2024-01-03 19:07:00,14.100220825484795,0.0898788638900685,7.150674684017616,22.82834950609148,34.42172288147009,2,3,8.56918097155041
2024-01-03 19:08:00,30.239786597288607,-2.2155915632529,2.0829279751083565,22.070675226791447,70.1558284193404,3,3,7.868732713650504
2024-01-03 19:09:00,110.49077412656804,-1.7095711712096853,-2.7015272314102585,38.62901416740908,71.30934553802419,3,1,10.912939266469644
2024-01-03 19:10:00,69.79066054197064,0.9373679424528398,-2.496802356070067,0.3833535540899833,81.93077269659418,1,3,11.033189673779464
2024-01-03 19:11:00,64.01762504937395,-0.6897525729575298,6.954526157184338,33.950709915951066,52.23998072428817,3,1,11.537356050201192
2024-01-03 19:12:00,71.56723196309538,2.018839149995827,5.544897763346507,12.603539195346478,77.8043277292925,3,3,8.658522282548876
2024-01-03 19:13:00,43.92339188958183,2.699730055993225,2.5979192880964157,12.416632958274056,74.71842660481515,1,1,8.95908475515254
2024-01-03 19:14:00,96.85284243834153,1.8338215516495096,-0.4087773537150143,10.696489763095464,97.07147026958792,2,2,9.463516375175088
2024-01-03 19:15:00,62.79434991602998,-0.7347274620266573,1.907830551956141,0.6131439149331319,37.210418113974335,3,3,11.34978805820476
2024-01-03 19:16:00,14.009748332255466,1.7321185753885446,4.547253057070652,16.532726669452636,64.13436510021116,1,3,5.669162541768799
2024-01-03 19:17:00,15.487814979487556,-0.8913499591758995,8.189234761442718,30.432008620615623,68.14115536883754,1,1,7.703903747830152
2024-01-03 19:18:00,64.4230975803142,-1.9973994734061968,3.33801801518093,34.39445832164641,99.89183079473766,2,1,9.296642793881242
2024-01-03 19:19:00,112.3884261685007,-2.799640770804856,-0.8489705783937476,38.32866661573133,36.09473137333214,1,1,12.159754486546264
2024-01-03 19:20:00,37.00225460114385,-0.6856997234338795,-4.358901279597821,30.33816185652036,61.85744159738338,2,2,7.483537887948587
2024-01-03 19:21:00,104.3449402631062,2.421355822183691,-2.368174161248891,23.0391267544646,47.69482461709111,2,3,8.99213271636625
2024-01-03 19:22:00,91.69147038946552,-1.566080473465941,4.752664309936941,17.389020086769868,62.07143748631999,2,1,9.270220943826017
2024-01-03 19:23:00,29.737493148828825,-1.760921010421296,-2.593445497637635,34.37037632206281,38.57028816824848,2,2,8.751586883885235
2024-01-03 19:24:00,4.360889797949095,2.818924711446241,2.223093297151763,28.278112308617217,23.808990274199047,2,2,6.395612172501956
2024-01-03 19:25:00,12.221671817085928,-2.849975322896447,5.48432523214578,2.256617918718137,65.80523631181511,1,1,7.060002603003506
2024-01-03 19:26:00,87.41927206169282,1.7146929023625257,-0.3766264789533382,25.71477217582929,46.86834526886657,3,3,12.631833051223168
2024-01-03 19:27:00,23.960368564877605,-1.071780265554778,5.0365883471092925,14.396736906850537,34.555312139874694,2,1,7.189999799929126
2024-01-03 19:28:00,44.552510460647255,-2.775072258782044,3.71608092471728,21.810985483981664,45.9148452862427,2,1,8.175893459933492
2024-01-03 19:29:00,60.20389992077098,2.506815241257501,1.5840866039259316,35.42588877178431,23.942416115819597,3,1,8.683892399990231
2024-01-03 19:30:00,87.05618021401953,-2.162146018742498,8.458682183263914,24.365674693025685,96.03537872720828,3,2,9.621729435138716
2024-01-03 19:31:00,13.587746791095046,0.3106757023541724,5.3808833564116565,37.24259283293261,66.49183319786084,2,2,4.465867156331632
2024-01-03 19:32:00,48.76396863329538,-1.355674755422713,0.4089554972886278,33.986635386883414,85.18149450776198,3,3,7.694950735764106
2024-01-03 19:33:00,58.20874909712345,-2.608843186891854,7.063968002883124,0.8005563023551492,53.84945580381843,2,2,10.371640220380442
2024-01-03 19:34:00,64.89924767658476,-2.700465086019725,6.071533212545075,-4.475663879947074,92.26517340529486,1,1,7.101740311115645
2024-01-03 19:35:00,98.203276967426,-2.3066598069819677,6.875259482622464,12.29851338919966,58.66545772418027,3,2,8.639115378706109
2024-01-03 19:36:00,20.601383405186027,-2.57179791666372,4.614339745614917,33.93984947614192,65.91562577605356,3,3,8.081564277027722
2024-01-03 19:37:00,96.93977421919467,1.5633486931195373,0.6905592375924794,5.355669671957594,59.34351840501255,1,1,11.634844743629126
2024-01-03 19:38:00,83.14541132359827,-0.0866027862994247,0.2286777340640364,26.11299648547732,78.66226366941213,3,1,8.699826754593849
2024-01-03 19:39:00,66.70449770387512,-0.942647451906122,4.812270411388965,16.41979161503548,65.332486208165,1,2,8.793314061407543
2024-01-03 19:40:00,83.94334444830864,-0.489786539207957,-3.036499880496483,28.573499219308005,41.72791388643182,2,2,9.18494633761824
2024-01-03 19:41:00,49.44212867419877,2.5736804134357403,7.298715257478637,2.423959554008074,31.643162505811706,3,3,7.782351441149023
2024-01-03 19:42:00,16.60771031617495,2.464510876428883,0.5550307599710962,5.759096754252472,68.48995111063822,3,1,7.065162248890204
2024-01-03 19:43:00,79.89182883184408,1.2940588807354612,4.455579840483233,5.913601127350002,59.1343969237629,1,3,7.956430063424845
2024-01-03 19:44:00,62.96067680227467,2.3080942645301263,2.4859587240012706,19.68096160786948,27.67805573568904,2,2,10.150697436395978
2024-01-03 19:45:00,76.72497606513306,-1.0821118344742513,2.7898973803698084,8.03310060122621,51.64939726346147,2,1,10.636134618729129
2024-01-03 19:46:00,40.5598537234188,-0.7133440439503032,6.070092193020207,31.527506777560973,61.18211376003629,1,2,5.747900022415544
2024-01-03 19:47:00,108.82398928078032,0.682273091125368,4.400050805071276,10.605739859687628,86.1514587060472,3,1,11.63188313041412
2024-01-03 19:48:00,70.48438422906924,0.7417556837835848,-1.2453651748142978,24.738301695567436,26.088084466668988,3,3,9.687159432948512
2024-01-03 19:49:00,10.24829811490486,-0.1098009719259542,-3.886611028643933,37.68258487435623,47.87962785968024,1,1,3.9721326152297936
2024-01-03 19:50:00,53.97647888453144,-0.5960529093722804,7.603511010479366,22.311567295636934,85.81248981683083,1,2,5.052214556893996
2024-01-03 19:51:00,90.76272656923612,2.9170818696521703,8.273411121277865,5.896908499622926,71.8739145417263,1,1,9.32858874173575
2024-01-03 19:52:00,95.29614740787268,1.9267417567063465,-2.53255200624022,32.37055029109648,43.19666574430294,3,3,9.462801030593235
2024-01-03 19:53:00,59.351646331651054,-0.3901188126717287,-0.3578439962070128,-4.435586568642473,87.62680976181139,1,2,6.541575931625292
2024-01-03 19:54:00,107.36970849975611,1.3637548634374106,-0.764864271024015,6.5441722643969005,59.46348644501539,2,3,9.932307896502046
2024-01-03 19:55:00,32.12021246331571,-1.382629840485243,9.061728411102322,12.43707198465028,59.86815130483684,1,1,5.27762414916553
2024-01-03 19:56:00,49.27184366859199,-2.3989840425760205,-1.928339271039674,3.819048761554136,98.12698713603076,2,1,4.967279944874058
2024-01-03 19:57:00,107.8316292682764,-0.8854138466835559,-2.50191151850252,22.18081416425549,95.76932025891028,2,1,11.04588434857677
2024-01-03 19:58:00,107.55080597658949,-0.582163199259635,-2.2724217537770146,20.11002776231133,48.68261466958751,1,1,12.427889733944614
2024-01-03 19:59:00,82.28553225896171,-2.900777252635975,5.948037641406504,13.29234557974463,31.246330293046583,2,2,9.972138531900033
2024-01-03 20:00:00,103.07766565466642,1.8887520098153765,8.320297663697128,8.247075099447779,46.05333858224753,3,1,11.74347701764516
2024-01-03 20:01:00,10.65279203474792,-0.8448395856649107,0.9005111594990209,14.52582595129099,22.438660824911043,1,2,7.619455804545529
2024-01-03 20:02:00,103.79939714493317,0.4825089946808822,-2.9588014345046485,8.104101552073091,21.66143093683129,3,2,13.095193749500355
2024-01-03 20:03:00,38.47438878602721,-2.5562208763742644,3.785829961125099,4.956632872525852,51.641770900113535,3,2,8.434272078007176
2024-01-03 20:04:00,21.39978149138596,-1.950019027496496,-1.8509756250653584,10.80715595392059,95.28158581577873,2,1,4.707574354467934
2024-01-03 20:05:00,28.72438036104556,2.33816235196536,-4.037728289521477,22.105101187785543,89.70858729857662,3,1,5.378162737605878
2024-01-03 20:06:00,50.15622096166645,0.6521251672968047,8.293470675737142,24.17758855235784,60.91542671340984,3,3,9.21255358458883
2024-01-03 20:07:00,30.143040552536068,2.7017043010229136,8.06261914500514,8.380622247863165,65.21811049366646,1,1,7.54003017328183
2024-01-03 20:08:00,38.468110321979886,2.992500206347902,9.638652403889106,37.63291163483114,20.47467973968452,1,1,9.758806029263315
2024-01-03 20:09:00,16.197418328597053,-0.768839308001434,2.1100713235919937,6.788165346292175,37.24009246670124,3,1,7.700005277786295
2024-01-03 20:10:00,35.541211867079824,-1.2071816155003523,-0.5899820268436677,27.045944958023348,21.9819301547507,2,2,7.1843826792721
2024-01-03 20:11:00,68.67405774504014,2.150136330954581,6.546756183556036,-1.333397439590001,80.36316261563101,2,3,8.219231198018814
2024-01-03 20:12:00,53.02244497092767,2.991668562224725,-2.2925760187413085,24.918004574427112,31.651663682119818,1,1,6.850828446668304
2024-01-03 20:13:00,41.60625134830934,0.777847405394744,-1.3506188477557908,15.697693689649835,89.52376819814535,1,3,5.850140232636655
2024-01-03 20:14:00,89.57425546285367,1.7708443350691336,-1.1647606068892895,20.60985300895279,71.46594509406306,1,2,9.748027134533665
2024-01-03 20:15:00,107.22119656719816,1.690475152891647,9.274291148682702,3.2832696781239434,38.35349412125707,2,3,12.34845997051151
2024-01-03 20:16:00,90.81470674828763,-0.867961750682718,5.94734378246611,14.510378586083398,32.61762536665998,1,3,9.249978916742956
2024-01-03 20:17:00,39.8400842541215,0.4456222815425232,-2.9945781112676984,29.482503545071907,70.20997607384425,3,3,6.097820688249238
2024-01-03 20:18:00,89.33306014050645,1.998341647585281,-3.6073118281413983,29.51881747607122,92.06695842258588,2,3,11.489414556338527
2024-01-03 20:19:00,18.237621896886147,1.1286832575663333,7.642222803767675,5.690018255421823,77.46881751315053,3,3,5.517328088460538
2024-01-03 20:20:00,15.63815857095491,-2.8730171161077704,7.034114845671423,10.866967380086306,47.88373212827021,1,2,7.583629017865197
2024-01-03 20:21:00,41.47524444433907,-0.9797659866147992,5.064918670125328,-4.828390007355433,66.99068762149177,2,1,7.829117892430426
2024-01-03 20:22:00,96.92428428528684,-2.133145820432368,-2.0584902140507584,-0.9517021547820804,44.86093562979371,1,3,9.276527945701853
2024-01-03 20:23:00,29.561789669076223,-1.6021667275317657,2.204253083339069,0.7028658691939693,99.93196534229271,2,2,4.451191437475512
2024-01-03 20:24:00,7.59040906784155,2.432936864947954,4.040889181859107,8.214309665315502,79.9071350769481,1,2,6.717864949100955
2024-01-03 20:25:00,15.80514422476261,-2.7786402665353918,8.982062902605273,29.15569690341101,69.1505311805403,2,1,7.843752941068342
2024-01-03 20:26:00,103.04939622354962,-1.6811957282284575,-2.4586438970388413,17.96125594701941,53.86073142126634,2,2,10.304682831780031
2024-01-03 20:27:00,76.05399416967451,-1.1425838865706113,2.7317021071917056,30.667366144851226,69.45218322076458,2,1,7.2662181407141775
2024-01-03 20:28:00,30.3841396043972,0.701304431798369,-2.63372541682532,28.970756841866944,47.32928499738678,3,3,5.465346986383811
2024-01-03 20:29:00,66.63549903938176,0.204610140515193,1.657740108612284,21.4212194278454,22.30918715664246,1,2,10.023325469431004
2024-01-03 20:30:00,63.309554691042045,-1.6903831028796834,-1.9979753805361569,17.49370905382353,51.60708178853063,1,2,8.174340013763555
2024-01-03 20:31:00,78.65231741287936,-2.0145535966610733,7.542793124728169,36.9094387697176,94.43846556638935,2,2,9.429895577235897
2024-01-03 20:32:00,27.98250653059396,-1.5792117924232871,-1.1789558354373058,20.61716001764868,70.10408758190927,3,3,6.70877526862845
2024-01-03 20:33:00,103.72835846332772,0.0151777602099336,1.2565707436603637,16.72707930770693,26.716456245672127,2,1,9.989916188214131
2024-01-03 20:34:00,37.12422744960154,-1.3729332857327794,1.1168147873820289,34.11043642929262,90.79948907160208,1,1,5.475265058086649
2024-01-03 20:35:00,83.29579847714842,2.685615009646333,7.994424400326379,-1.7852578361462397,41.50998794732119,1,2,9.843131987880987
2024-01-03 20:36:00,1.9349575646657868,-0.2168086714269144,6.366961970983905,24.521184378305687,39.5015594466182,2,2,6.209513084390158
2024-01-03 20:37:00,44.71885558729767,-2.6472239007321776,-4.13636766477374,0.0862262571882706,43.767277502425664,2,3,7.717611614415574
2024-01-03 20:38:00,42.205178155057,1.3755984350197998,-3.9936881424775352,31.891973254874703,66.1761788900766,2,3,5.787443568092991
2024-01-03 20:39:00,65.21813142996174,-1.0269282707460623,3.2679586769605624,30.66997832723375,63.57504747471813,1,1,8.189803572734384
2024-01-03 20:40:00,8.72835141326358,0.9209335923494852,1.415785410366902,17.662001541396094,59.313100369830536,2,2,4.143957715853989
2024-01-03 20:41:00,94.815764847133,-1.322433776860608,-0.8662366919473694,24.74698675386968,77.40294908101016,2,2,8.485012691457403
2024-01-03 20:42:00,26.133696212108223,0.4244624503999192,6.8893140731110805,29.767976108687414,45.32301850679672,1,2,8.248028291677159
2024-01-03 20:43:00,81.24453778584123,1.6329150288447885,-3.0704724215150088,16.748674150736505,82.5651617257945,2,2,9.899419129887033
2024-01-03 20:44:00,96.3854547892912,2.568052450647324,9.610853693052276,35.768106120519725,34.02573427028793,3,3,12.823498340020652
2024-01-03 20:45:00,67.42523474898158,-1.4332371334015377,-4.638462398717586,14.666350416638316,82.60966312616074,1,3,5.016280715871942
2024-01-03 20:46:00,88.90598480663826,-0.990858294006113,-3.226539130837346,35.14101318277126,73.10480842002264,2,1,7.038728251620348
2024-01-03 20:47:00,79.42323746580067,-0.2144014782843619,-0.3302501858622202,21.223482198178463,74.65666476380692,2,2,9.217519670063188
2024-01-03 20:48:00,42.66357565824092,2.563049026415933,2.637236428832547,14.180946877279323,58.5242717701808,1,3,5.9350696219362185
2024-01-03 20:49:00,97.06302468402784,2.4083211408639427,-1.757957622810142,-4.815610955932887,73.36012261446918,1,2,11.45051532859913
2024-01-03 20:50:00,35.364164386263354,-2.460730319396172,6.043227232810397,8.300016425041372,26.38376372475659,3,1,9.860896960049113
2024-01-03 20:51:00,68.54555013018206,-2.208421045477135,0.3631285513898472,34.05646715537463,88.12408936394938,2,2,9.07965843120225
2024-01-03 20:52:00,89.44772869698474,-0.0269449360161706,-4.421924999045936,14.292075507866286,24.44377867901168,2,3,10.85194375567546
2024-01-03 20:53:00,45.47470917750091,-2.360284363167459,8.165829511609664,13.966083722831671,31.8993207897198,2,3,8.830937455163953
2024-01-03 20:54:00,36.332112914091006,-0.926514759907815,9.157985096290943,17.023480648019692,66.1431766797789,1,1,8.070249714460488
2024-01-03 20:55:00,55.12152122073873,-2.109687730695134,4.278454336555663,7.883681418516005,79.15291643653532,1,1,5.918003365929487
2024-01-03 20:56:00,98.15561932189844,0.816242130791315,7.098045828556076,17.119807139086156,26.100125147700275,1,2,12.053025649992936
2024-01-03 20:57:00,111.59061157747978,2.696972590434971,-3.1833269196004728,11.909340239803456,93.66118512978558,2,2,10.29472806750274
2024-01-03 20:58:00,65.41000954318682,2.980402621766289,-0.9676957732000312,35.9249138694631,97.88861190405588,2,3,10.013120065960043
2024-01-03 20:59:00,79.37594463883822,-0.7485532050185109,-0.1215246848272428,20.378504703844936,68.47601384061689,1,3,10.959106763451786
2024-01-03 21:00:00,108.3928346686697,0.5940758226876737,9.411297504227443,32.53679361140911,58.49947643014693,3,3,10.024996626063643
2024-01-03 21:01:00,11.825622169553087,2.137605921144488,2.6833395986105124,25.909334300935328,79.31159778237998,2,1,6.365727736729313
2024-01-03 21:02:00,27.849429343939804,-2.295227563221696,-4.8887966177906,4.567134282524405,46.26858818617643,3,1,9.443480194637944
2024-01-03 21:03:00,85.0680007501899,1.1373864663117903,0.7027873430514324,34.04495243654002,59.46115472840852,1,1,8.565730531440419
2024-01-03 21:04:00,98.84933542947596,-0.5469380296495903,-4.8837409870163535,-1.0728141175164274,93.29208214515212,2,2,10.421238508699926
2024-01-03 21:05:00,102.84348339966937,-1.7631230383190155,-1.4329138929133125,15.188703725780016,96.45243401932268,3,1,9.69255096674218
2024-01-03 21:06:00,49.81286122259191,-0.5834782875153479,1.8205010071176613,5.761994148942012,94.1655292840948,2,2,6.950751311247742
2024-01-03 21:07:00,10.72078827502402,-2.544238278210499,-0.149104168687451,19.189994018449205,40.995845357107214,3,2,6.601628310854913
2024-01-03 21:08:00,52.53377727595439,1.1724428915358347,-4.508986815722439,8.502231075015846,38.59752321734107,2,2,6.745963252303499
2024-01-03 21:09:00,27.688150824846453,-1.4835439875092815,-3.2549641638683084,27.527181665108067,43.81316047434514,3,1,7.854641232514823
2024-01-03 21:10:00,34.943574599594896,-1.131566129730732,3.2632984183409945,37.16134155192119,55.304888991076815,3,3,6.569889249746645
2024-01-03 21:11:00,92.6721068205007,-2.273512210551224,5.43407356576728,26.909049019685654,45.13339302335709,1,1,10.59799194253958
2024-01-03 21:12:00,9.063250323106423,2.18795468333935,1.068235183493539,10.988966504911248,49.93702365912464,1,1,5.765632919893221
2024-01-03 21:13:00,99.30974609768424,-0.0393343243035682,5.9722261963736045,22.00314827460792,69.65095616966076,3,1,11.056932203450094
2024-01-03 21:14:00,51.32029029890029,0.4328812667184016,-2.5500066722728443,34.983674130915446,81.00205416751807,2,2,7.355989175238847
2024-01-03 21:15:00,71.52767173207141,0.4165960985691277,-3.1691307828847086,7.151277540410751,78.84465586143335,3,3,11.456970621066803
2024-01-03 21:16:00,10.75826774828148,-0.5370413127519496,7.591805739149137,0.3192143682221822,85.15388536633216,2,1,6.345045686438377
2024-01-03 21:17:00,40.48308940287355,-1.8448205073711632,0.0882002273829947,0.8843794874946367,22.574752257232173,2,1,7.098763151934247
2024-01-03 21:18:00,10.764110281781496,1.4707964909903994,1.4837188291663646,17.26838546545065,23.818703174300488,2,2,6.452255504219133
2024-01-03 21:19:00,115.38524674573314,-2.237662407853954,9.213724034759448,27.94613175084293,83.15063685509034,2,1,10.295826286620366
2024-01-03 21:20:00,96.87139791915006,-2.376757258327137,1.3616849190566391,24.576598393888293,62.64630578597056,1,1,11.46000216332269
2024-01-03 21:21:00,55.15593052277523,1.26087022557902,-4.947648412221437,15.42502752181068,66.25125390096963,3,2,7.886333852266954
2024-01-03 21:22:00,26.832305798840533,-1.746977877288097,9.069579093247537,27.818411808161343,24.206948817150167,2,1,6.750612713237143
2024-01-03 21:23:00,112.01461262998228,-1.159363491883006,-4.78822049771258,23.528648026345767,40.42510409370167,1,3,12.07782874862101
2024-01-03 21:24:00,41.35159148723661,-0.1486351979895586,4.934294255937971,23.270384002038146,71.06834439083822,2,2,6.03756558967112
2024-01-03 21:25:00,19.31813180248497,-0.3038920996227228,-0.1566363570124469,4.1069378782392185,88.73455120885409,2,3,5.281274688294763
2024-01-03 21:26:00,67.57972661447458,1.2514747503899954,2.0558613484030754,9.066254486182684,93.3586717745122,1,1,9.05398580433255
2024-01-03 21:27:00,113.25289444137792,0.740590760660166,3.2092775154427606,10.49909463801446,60.03355966680654,1,2,9.63272442869845
2024-01-03 21:28:00,0.459634860038709,0.8663769736911942,1.126900859433314,31.36858412277529,63.63793861905581,2,2,5.751351245018569
2024-01-03 21:29:00,28.57498119047985,1.284325983932744,6.615531807732523,29.879972093441253,86.64397048551928,3,1,7.498682366342948
2024-01-03 21:30:00,112.61371684924892,-1.244323635459208,8.96059614496669,6.370274083670696,63.00996805978837,1,3,12.659310868414718
2024-01-03 21:31:00,20.530316022859445,-1.066000129197158,-3.703819218216976,-2.518147656050908,61.34868204298539,3,1,5.783352576917896
2024-01-03 21:32:00,13.589214196778382,-0.3720135126266752,7.003793218524596,29.5502714142905,92.4067230208763,2,2,3.41630551212024
2024-01-03 21:33:00,68.42246589597653,-1.1552269617988435,-3.069932886490323,13.443978045744329,83.19461768447042,2,2,10.581733079296535
2024-01-03 21:34:00,103.4212587953796,2.90962721382518,-3.795842251255884,4.891142604562788,92.72580210890357,2,2,10.206799842898526
2024-01-03 21:35:00,57.253178123271134,1.8843115585285783,9.337471790831932,0.2657591756992952,37.4597643824923,2,1,8.397271969200306
2024-01-03 21:36:00,119.34771080214296,-2.0120718704638225,2.33946672236911,-4.423340723517457,61.95003893242854,2,1,10.781218074652026
2024-01-03 21:37:00,81.50060394455915,-2.966435064708783,-2.710950634860671,14.247833566624877,87.39777028746863,2,1,6.648267557773721
2024-01-03 21:38:00,8.88898886525373,-2.743300390516393,3.5493566982563447,10.289371647407146,28.891826197368715,3,3,6.660379101272316
2024-01-03 21:39:00,119.13985580183704,-1.5356192937424484,-1.051442918456705,26.341156781827728,83.57297234351694,1,3,11.846685741324809
2024-01-03 21:40:00,48.94730841362285,-2.3142522849788607,1.9646352521199129,38.94994444843337,34.63787067318955,2,3,6.051406704630825
2024-01-03 21:41:00,34.4883040614579,0.2000286893554328,4.369893908198655,4.305217882726929,84.6495003988257,1,2,4.719617886007837
2024-01-03 21:42:00,66.94550202934627,2.147971336364152,8.039047433049921,5.936626316827184,68.96007500454945,3,3,8.380434452547123
2024-01-03 21:43:00,36.51691101850372,1.420501325479364,-4.953779025960375,10.17861595889784,35.45887931878937,2,2,7.749969649967697
2024-01-03 21:44:00,10.37490085441828,-1.7063456215068575,-1.7878900862607687,15.967193569748735,57.86833434662409,2,3,3.97895628843643
2024-01-03 21:45:00,0.1714011695012063,-0.604204463845285,-3.5559418562183067,26.39644129032409,74.55241331686173,1,3,5.6485810362421205
2024-01-03 21:46:00,53.95000235043148,0.0473652571876659,-3.543534476614062,10.841418482737298,70.7082320706834,1,2,7.379233494015983
2024-01-03 21:47:00,100.42361066719108,1.861235097020013,9.186661197098571,-0.3109755663149416,54.179775698536346,1,1,12.205377837165754
2024-01-03 21:48:00,68.67782227560919,2.034729618636989,9.041244017725786,27.86537367614833,91.94932231367416,2,3,10.423623380905363
2024-01-03 21:49:00,119.9048758732129,2.458309871446656,6.239621195518497,30.758875510803392,61.54107315902755,1,2,12.9926820079994
2024-01-03 21:50:00,34.421597477663994,0.0554715030172507,4.645945636013732,6.144189501456138,60.46938388229507,1,1,5.859713160719545
2024-01-03 21:51:00,33.65460777120664,1.1656484786151775,7.7195566953655455,1.154030968403795,24.98004719531634,3,1,7.023606905667267
2024-01-03 21:52:00,19.169935228073307,-2.329197772596377,-4.123868928641486,18.751047315958765,93.76963118381096,2,1,3.701664233853142
2024-01-03 21:53:00,19.68763059184022,0.3917337597238925,-3.2077131034815736,4.374143539210593,34.16932549426984,2,2,6.686212953695759
2024-01-03 21:54:00,34.222391521205736,-1.5078491431731893,-0.2433061505549902,11.837354500688283,62.267575474924335,2,3,5.255584883958849
2024-01-03 21:55:00,95.14080543282326,-0.4096986898403334,7.487385698447703,29.981254905798277,84.28540811202481,1,3,7.748441889865893
2024-01-03 21:56:00,108.69081487637376,0.8043030498403163,2.0834881414976527,4.882316943306496,37.23626215645147,3,3,9.303494762354402
2024-01-03 21:57:00,117.01046036492176,-1.4580843728773134,2.5536214515642746,31.281666750342,62.189863197667286,1,1,9.011793361489069
2024-01-03 21:58:00,27.874758491574315,-2.686889653219433,-1.561018555192886,25.33089945173397,39.25479273786727,2,3,5.657007798618479
2024-01-03 21:59:00,105.755705473691,-2.938596861547455,4.725812217602892,4.8876638682055376,80.77559982399293,1,2,10.106458897261412
2024-01-03 22:00:00,39.390610713280445,-2.8670427867328705,8.317632310933963,18.68820704707375,65.14729342985206,2,3,5.68450195188151
2024-01-03 22:01:00,13.54086534202613,-2.949901574917382,-0.0572867021229868,22.63318431278202,88.47806883161148,1,3,5.660477585608981
2024-01-03 22:02:00,104.40299106241989,-2.337869660652747,4.287789096548261,4.012421701613956,91.56464023019063,1,3,9.676039234237509
2024-01-03 22:03:00,76.33267615723423,-1.5630677125792207,-0.020765538322669,1.5227201115632605,71.89867859563185,2,3,11.04644845067015
2024-01-03 22:04:00,19.767707529727407,-1.672670914906205,6.890786677514951,18.902557049181908,78.03129969271555,1,2,5.083170888927843
2024-01-03 22:05:00,51.5797509015603,2.92077956507938,2.124396054884758,26.22285247610474,63.9376079909491,2,3,8.546105275781779
2024-01-03 22:06:00,34.47092338524812,-1.1639633687463409,0.0920353332955699,15.928097803219671,50.75429864539064,1,1,6.689426826355699
2024-01-03 22:07:00,88.41534824522364,-2.235475299843605,1.300732813169379,-1.8482338160635847,71.84943384166677,1,3,11.210327219252886
2024-01-03 22:08:00,54.40994767491217,0.2733752650065479,-3.631587179056576,36.63457180135591,92.66308987898633,1,1,5.465961162210254
2024-01-03 22:09:00,118.7135934127662,2.14774473238505,7.991757299836609,26.27344506345297,53.33443043451504,2,1,11.588814799446643
2024-01-03 22:10:00,6.569397871151415,1.068362260726051,9.371035830071571,22.95383286041027,45.152802109903625,1,1,4.924810374238547
2024-01-03 22:11:00,42.6018319363496,-1.223507465187298,2.1612126960312485,23.96321553688048,51.074955084205925,1,2,8.753723661396423
2024-01-03 22:12:00,57.82802005319729,0.3696969587487295,-1.679941878827909,12.937252040863122,54.831810416927965,3,1,5.56596746659422
2024-01-03 22:13:00,60.37602656979837,1.2891358452024546,4.969842986334081,39.29802246877458,25.884882318217297,3,1,10.25342781106557
2024-01-03 22:14:00,37.912298686276415,1.3686269542064542,1.7857221931171408,0.9705645273330372,59.87534723479955,2,3,6.022478986521638
2024-01-03 22:15:00,87.50882989170816,0.9992307317861328,-1.2154987874237042,28.2613619867452,59.54513984400477,2,2,9.773294361326563
2024-01-03 22:16:00,104.96964881867696,2.224862548653708,-4.4235028476477645,13.939418212019447,67.07550621124184,2,2,9.072816445633078
2024-01-03 22:17:00,112.64631623734356,2.2206327500646257,8.345566776827681,34.64932214236568,49.02560243770652,2,2,11.340269894166086
2024-01-03 22:18:00,96.61120521594314,0.4736193564420197,6.951015280675714,27.27675733976715,69.04860767644718,1,1,12.01504318483918
2024-01-03 22:19:00,102.06962367679192,-0.4208617853327263,7.435090864590691,20.30135005118615,90.25730482193624,1,1,8.008687577215923
2024-01-03 22:20:00,66.06543607439946,0.8494217733905991,1.597595963970832,37.19621354746811,96.43767923961316,2,1,7.617783931810674
2024-01-03 22:21:00,99.10658717121775,1.9092720082227783,6.298830879301413,36.05995124228816,66.68897729128398,2,3,11.53642828349108
2024-01-03 22:22:00,36.42046909775426,-2.9660873709528914,3.718378958199935,-2.6449701821489464,23.407276317625048,3,1,6.216686042033607
2024-01-03 22:23:00,47.817451453105726,2.951982054089106,0.6216294462023955,3.666462103272675,97.53887978136872,2,2,7.951938358772851
2024-01-03 22:24:00,38.02956165822532,-1.9026373660248048,7.641131321832701,25.42209632070604,76.4689648717005,3,3,7.296542457997966
2024-01-03 22:25:00,56.08648025375105,-0.1785060860401426,9.981363220666276,36.4827741927738,46.87709188429217,2,3,6.913008828932035
2024-01-03 22:26:00,34.269553948636364,2.2321784090572,8.489234609115398,14.36485011408142,31.772616077097872,2,2,5.491825012065524
2024-01-03 22:27:00,115.3933730705336,-1.6497576057348038,6.642879575294586,-3.276263958781639,31.473488978902,1,1,14.346044718098495
2024-01-03 22:28:00,37.54135536068018,-0.1392286565977007,6.212619582885653,23.94837669910168,33.41955249116822,2,3,8.4845919085205
2024-01-03 22:29:00,11.76534457331278,-2.2045069189129247,4.753732645252823,3.76091487585146,23.645801729105624,3,2,6.497908379114662
2024-01-03 22:30:00,63.218059926049605,-0.6295420476708444,7.804262452593656,19.854477999250776,92.17233509223291,1,1,6.261674785122369
2024-01-03 22:31:00,6.851889413421164,-1.9371872712419849,2.3962187173699903,12.310746638104895,63.26145862618691,3,3,7.823264000703546
2024-01-03 22:32:00,13.265179957029662,-0.818233507373058,-2.274057347030105,20.1112167595914,75.99675301710698,2,3,6.478728377779984
2024-01-03 22:33:00,26.326726703549557,-0.7592146992436679,6.520745864038098,36.95963437585299,86.2486807414646,1,3,6.7384359166759
2024-01-03 22:34:00,55.722029985857006,2.9590247375899965,8.79259561263828,16.86102656993374,83.32328050665602,3,3,8.936881366250837
2024-01-03 22:35:00,51.99011187708335,2.968878175822633,0.1202843789574927,-3.446202930254457,90.60844989830731,2,3,10.104556326193466
2024-01-03 22:36:00,95.96302344033494,-2.311282328036325,6.744749469357034,21.14130938257497,97.38036980199615,3,1,9.379933846662514
2024-01-03 22:37:00,88.73695846609361,1.3558126759700837,-0.8941594537637885,9.658548857889308,55.125649179355165,2,2,8.931303132539528
2024-01-03 22:38:00,51.15819527888416,-2.6895271219853933,9.13900410038023,30.016069797811237,96.02683733347124,3,3,5.68054575183601
2024-01-03 22:39:00,40.04450490907559,-2.818847907976868,5.251914880206799,16.146781163260396,77.8631958674253,2,2,7.96167176458056
2024-01-03 22:40:00,37.97625408737983,-2.367996634530214,3.539139807735957,28.361683202423897,25.65345522464628,3,2,8.27734884193174
2024-01-03 22:41:00,92.87941047528108,2.792913942047604,6.698052368553624,35.89694479067412,74.54264969698764,1,2,9.8748079006585
2024-01-03 22:42:00,6.248688746552369,2.6451812873681844,7.1984675583631255,11.302329607260294,74.93733276838789,2,1,4.445767662102631
2024-01-03 22:43:00,1.538597941272699,-1.8364330783159173,8.385548473380206,39.52200605758616,92.46884510340216,2,2,6.8812651200232535
2024-01-03 22:44:00,95.46532703119776,-2.029965986677731,8.516792992711459,1.741578967290332,49.83457059760737,3,2,10.220465700777108
2024-01-03 22:45:00,57.25756511868592,-1.556789480904318,-4.209637616696802,23.97692568519349,66.79292002174543,2,2,9.591223015069165
2024-01-03 22:46:00,15.705736626429116,0.0932819644508526,-3.1563858798080684,-3.4354578590939826,20.9750040809394,1,3,6.420055376108271
2024-01-03 22:47:00,28.267912151340152,0.4182277922124591,7.3909131728081245,4.587549963301116,46.56601937450688,3,3,7.657926687043452
2024-01-03 22:48:00,111.9004743716859,-1.670439417363316,9.190774800702671,23.52003661554588,24.979498092702475,3,2,9.345324208856775
2024-01-03 22:49:00,103.14035707498776,1.5397367285396708,-0.3849222781408921,-2.921371719750649,61.74983782119176,3,1,9.884004951202268
2024-01-03 22:50:00,85.1742060268767,-1.1426809835840954,-4.8709727235092695,-0.4195811620238601,85.39581204055625,1,3,8.44264987488284
2024-01-03 22:51:00,57.86702764047919,2.532787953176462,-0.1594221644720308,8.095476771184629,36.51541537032551,1,3,10.429267570888866
2024-01-03 22:52:00,62.43883514296628,0.9403362387403832,0.7429620395885745,20.903671119201288,62.19528364462228,2,2,7.749116427399779
2024-01-03 22:53:00,117.02934423407504,-0.3818928341783296,6.415500470851034,-4.28078500739829,36.32069092086137,3,2,14.1686765851864
2024-01-03 22:54:00,115.89245326611446,1.7394720102170729,-4.286230015432412,16.705941591001547,29.655077427699236,1,1,12.6673468449984
2024-01-03 22:55:00,25.832285494300116,1.9074877562799888,-1.8103964586100965,23.158468693529716,60.8797433547474,2,3,6.438296442655244
2024-01-03 22:56:00,97.33254795663818,-1.257110366346338,8.409528792919595,13.113525497454829,26.33188967597821,1,2,10.47111079156699
2024-01-03 22:57:00,23.669119940042016,-0.961712736983494,-2.6776938582284893,-1.956208663449157,66.98837049103915,1,3,3.422569070364428
2024-01-03 22:58:00,25.624497346074165,2.61573092237162,6.3887147795251416,22.489358583838957,22.5069968541381,1,2,6.162450634893677
2024-01-03 22:59:00,81.13116409974921,-2.0115537698203685,0.4196562336861378,22.262592861151035,28.53719774947004,2,2,10.135060634057549
2024-01-03 23:00:00,48.60013183050581,-2.747097498222395,4.939903223820792,17.771905976552635,63.99979883898863,1,1,8.76479442937643
2024-01-03 23:01:00,111.78532885278244,-0.2756680643427049,-3.892302450455121,26.191546401799297,67.31259303191311,1,3,13.05532935859629
2024-01-03 23:02:00,10.68116818752106,1.807259401461773,-0.7016308237093494,4.351077991897794,22.318954407500648,1,3,5.247990722235766
2024-01-03 23:03:00,61.38307689713916,1.6300086378644745,1.3718460624507998,25.534333405775097,65.87014304012467,3,2,8.597480741185954
2024-01-03 23:04:00,110.22258365317457,2.5171837734769955,7.8581893911668335,2.265463284261367,87.08020202589096,1,1,10.18471511165215
2024-01-03 23:05:00,108.49363925754062,0.1992039862142416,3.452437864691765,12.671213396565411,77.78529418351631,3,1,9.992332924325632
2024-01-03 23:06:00,18.783505609888948,-2.3996119706008,-4.321620603834663,-1.9595009174630855,30.49480831366389,1,1,6.424027668184676
2024-01-03 23:07:00,43.99652401157478,0.5321338460160963,7.027998599891891,31.8607299436093,67.39797180508918,3,3,7.577641988025945
2024-01-03 23:08:00,74.29456800560355,1.6703736861192695,-4.182177665727761,19.220503945672338,73.78020000593708,1,2,9.132693157020457
2024-01-03 23:09:00,19.12738617256826,-2.4400312783810416,9.01549845987851,38.697214106365976,22.978496140183346,3,2,9.035761998069592
2024-01-03 23:10:00,116.16266064548864,-1.9640555934144612,-1.8242383093941568,37.40469704846865,88.42781349468981,3,1,10.626502590163716
2024-01-03 23:11:00,109.76991944731924,-2.9262560330659744,2.318892169855821,39.93525113043333,92.50139178318642,3,1,11.733363262956704
2024-01-03 23:12:00,20.034021484136304,0.5619154766808623,-3.915785468505364,-0.4430223372992126,88.03618186898069,1,1,4.57070867615223
2024-01-03 23:13:00,14.538655351318251,2.3204063516754267,3.4256857944664976,22.29611703414979,85.97051743912905,2,3,6.759756239674953
2024-01-03 23:14:00,10.249017936991835,1.0239798960125972,2.4584305109272258,13.340884523537223,79.59721587687146,3,2,6.426990251244687
2024-01-03 23:15:00,109.13323968439572,2.8922405255458923,1.153728023220144,18.96990643316308,70.67456250255681,3,1,11.967825898741047
2024-01-03 23:16:00,23.234857175455296,-2.621798085001431,-4.466406244489404,8.89453147014932,74.29016039906016,3,1,5.681173479141263
2024-01-03 23:17:00,49.95419142532257,2.418006510908977,8.184045679772545,-2.8369022873706555,84.51162346679864,3,2,8.83286013254146
2024-01-03 23:18:00,53.86216387824036,1.8844097243200848,7.0395489821929385,26.84876213231476,72.99987666890436,3,3,9.163918794883166
2024-01-03 23:19:00,71.88132530562811,-1.1145508770029704,4.495450304934861,38.46176832249266,46.21815653456568,2,3,10.997526374479827
2024-01-03 23:20:00,8.608241249690995,2.8411593110235103,3.583449739508957,18.957182173798223,50.07688817290831,1,3,8.349971434373657
2024-01-03 23:21:00,27.211034088061915,-1.2723735109715095,5.424196470547468,9.831097770785286,91.76459746978335,2,2,7.919698207138528
2024-01-03 23:22:00,111.77884643027112,2.335828342969311,-2.840149761284492,37.22252119293879,21.369766863772952,1,3,10.66667137136963
2024-01-03 23:23:00,109.00921287222836,2.2844914624451365,8.98966369474726,11.40999382636852,75.90564649954257,2,1,13.241708454966734
2024-01-03 23:24:00,93.75487768868308,1.5459456996178351,-0.7299006274303856,36.15381367331722,96.38220419401723,1,3,11.069662535387964
2024-01-03 23:25:00,2.328149474185852,0.3808228428771114,4.8473540866450335,33.50608846712818,76.4982535966379,3,2,4.411600345530176
2024-01-03 23:26:00,39.24081221953225,-2.279983502298672,4.10133521712857,18.79199525869337,99.51295905854256,1,3,5.982074446943376
2024-01-03 23:27:00,75.35504824114894,0.1918304069789895,4.549209695734129,25.459270000080576,75.00359244226647,1,2,7.037495541768162
2024-01-03 23:28:00,33.022825412817085,-0.8592224660703929,8.184281846231684,26.51428496270248,22.74904233734889,3,2,6.772834924111282
2024-01-03 23:29:00,109.15040340645328,1.7533021989321105,-0.5613319002407033,23.84912672622659,86.16079053175389,3,3,10.69252354526672
2024-01-03 23:30:00,76.06673541989302,1.5487752389810696,6.23422282378986,2.233747973738139,42.770392955145525,1,1,9.953750807678617
2024-01-03 23:31:00,8.628806077973472,2.4636750442356314,3.975865959087537,26.17492952680692,55.68457805315528,1,2,6.147568727360435
2024-01-03 23:32:00,109.08067066028435,-2.911019025409753,-3.8590950356803977,-4.85518621497423,44.96735327256657,3,3,12.505100607154088
2024-01-03 23:33:00,114.9319989811467,1.8546193009382763,1.2123202132296278,26.951656827066834,41.48432849677435,2,2,11.84803661048597
2024-01-03 23:34:00,9.32549020700706,2.630772318748013,7.569273598986166,19.967626058134037,54.51245629358283,3,3,4.831818143636804
2024-01-03 23:35:00,63.88322818335779,1.7358026946489007,-0.2697891660412113,6.68921899642773,50.3001158752539,1,1,9.625059587536246
2024-01-03 23:36:00,36.40371386570045,-2.2188332407777995,2.2339582496931394,31.169395513473177,70.66708654740715,1,2,8.028775527014124
2024-01-03 23:37:00,47.14068917776829,-2.512325370954674,2.3295785223048986,13.23755224944344,85.05209607900085,1,1,6.767169147039551
2024-01-03 23:38:00,21.558146154641022,-2.874928561153795,4.270148002087938,16.85997330772596,43.76709225497926,3,1,6.0719187022110965
2024-01-03 23:39:00,69.3686522414895,0.7724713549684261,8.26026789685275,-3.75464503097894,37.09769222576139,3,1,9.747100389729908
2024-01-03 23:40:00,114.95752238986688,0.778035911159324,-2.396912018222653,13.059385859493672,73.35162166962738,2,1,12.540015773839094
2024-01-03 23:41:00,60.36871203259309,2.921482285309274,2.569253239601884,2.5313256617421898,73.62560526646253,1,1,7.203622955398276
2024-01-03 23:42:00,9.94974976733774,-0.6117409553754256,1.3640088893141815,7.426449032563463,92.09049914289376,1,3,3.306609265653908
2024-01-03 23:43:00,74.40016001728901,-1.0085622906150196,-0.5611986484910538,6.34627744090327,21.27565491626487,3,1,9.769636984645455
2024-01-03 23:44:00,40.82675933415084,0.7465495631063548,8.794122654306584,-2.9290642819657817,88.24325296932079,1,3,9.83496955969653
2024-01-03 23:45:00,102.71102275095572,1.953652035045564,-4.877433613884291,15.722254536142806,61.68017383586856,2,1,10.34075604791482
2024-01-03 23:46:00,52.16137779797643,2.6206436971380107,-3.1684281105443435,18.516658590845,69.70416713376791,3,1,7.513167528438676
2024-01-03 23:47:00,23.140753073069472,1.818744997074232,6.000166748741643,20.697818290659253,27.309715244913185,1,2,5.103155073782941
2024-01-03 23:48:00,22.932674722937392,-0.4399561163051713,-1.0483759296962978,15.799889672155969,54.60919462976365,3,3,5.574058613612937
2024-01-03 23:49:00,92.25170168653923,0.8094854118723847,5.847688916383651,34.12871023076831,38.1841925790819,3,1,9.220273776406064
2024-01-03 23:50:00,31.870511796883186,2.1377959602967014,7.483804160733442,-3.304411470111079,40.33800240660072,2,1,6.437089583715317
2024-01-03 23:51:00,92.06800729910675,-0.0563418701295632,-1.1807597474820477,22.621387260696714,60.32760917408219,3,1,9.008824568707125
2024-01-03 23:52:00,24.706477291991927,-1.6998801377676438,-2.120835682054637,33.97592558381274,84.99647603224899,1,3,6.236969272931932
2024-01-03 23:53:00,38.60236424415713,-1.9816593615127625,-2.8204905097826334,-3.153189158943779,79.5024744115885,2,3,8.74002585137551
2024-01-03 23:54:00,55.85843669276392,-2.99905353253166,-1.9986708367633064,17.33381497409077,67.2799967268763,3,3,7.936754429069882
2024-01-03 23:55:00,113.18350196321408,1.3094279698877056,-0.992219163242126,21.50622367968542,63.15345542027736,1,2,10.151183208146998
2024-01-03 23:56:00,111.80777097045896,-2.333416746924057,8.031247248107631,3.590758730950508,54.1844834587592,3,2,11.504895724293933
2024-01-03 23:57:00,24.82462505067453,-1.5369654018243577,6.550066198786487,6.362504897435469,97.81679788491093,3,1,5.5576379959188325
2024-01-03 23:58:00,42.986284949168734,-1.2127420108632398,-4.972335246226376,30.351700189450845,64.81540433873866,2,3,5.783849137082846
2024-01-03 23:59:00,17.92792661445268,0.3622791608206102,8.111787131471468,20.53290017692841,40.31731186497777,2,3,8.5284486400717
2024-01-04 00:00:00,61.19820951761965,-0.6122563362253848,-3.817815504470335,9.210041375892834,38.40726336320317,2,2,8.830214019196845
2024-01-04 00:01:00,55.26990608335999,1.048043952138971,4.828984263203092,29.41398500247716,68.90824246201134,2,1,9.321203641084562
2024-01-04 00:02:00,108.0912194940879,-2.666168044027784,-2.7278784767476045,28.602200839191056,61.8262021848743,1,3,11.202156078252036
2024-01-04 00:03:00,111.60064533492871,-2.2563648344133638,-4.065862842335656,10.543080338877507,20.615824236377023,3,3,12.6535289796778
2024-01-04 00:04:00,46.028086920875054,-0.0047309788003997,6.396560462817666,16.989143370217334,86.40522977566235,2,1,6.470150616395457
2024-01-04 00:05:00,59.00855316227873,-0.9782112729190212,2.0080467078376447,24.903352009191867,76.32978833859477,1,2,8.953970271191976
2024-01-04 00:06:00,107.54834989753596,-1.2251198234918417,3.985937699667387,10.446214804690715,72.94634317424828,2,2,11.799230196187446
2024-01-04 00:07:00,96.80493692940738,-2.597831525774864,1.3802952819618834,23.305423495052967,25.502452615812714,3,3,11.139288253244406
2024-01-04 00:08:00,0.4387573613579132,2.3743150484880085,-3.992422062382368,6.298317882929784,48.96446801379931,2,1,8.234378465199361
2024-01-04 00:09:00,38.4071477020299,1.1509115167503046,6.094272494304619,8.140937236971654,94.8305808586229,3,1,8.623030780523614
2024-01-04 00:10:00,50.61290903233511,-2.270291059082104,7.305266817532399,8.980268951849975,89.0071393073091,3,1,6.971892289779297
2024-01-04 00:11:00,27.565954041987805,-2.6097242535771565,-4.378691853669496,37.12246466869812,42.84343502956268,1,3,8.743151707095352
2024-01-04 00:12:00,23.94859390751265,2.849235200587458,0.6357579547590904,32.51524639484423,32.5647107279311,2,2,6.198491997544954
2024-01-04 00:13:00,4.53414079148156,1.0870353026370294,3.3597480560524,20.43246890151256,55.92703657348616,2,2,4.831655309258062
2024-01-04 00:14:00,77.20436700837126,-0.4952635734375512,4.07775134150376,20.374249423519263,48.46643029341287,3,2,10.289036016778857
2024-01-04 00:15:00,31.50123485797988,1.2103862445347089,3.672294117119481,-2.4734065075185936,74.57811013647928,2,2,6.482868001971136
2024-01-04 00:16:00,6.281661411757571,1.5379907188809545,5.394109808531942,24.22786284717301,97.31478480674556,3,2,7.427307846935213
2024-01-04 00:17:00,27.71751726336764,1.679773214332676,9.502243036292844,9.765393579771183,49.04011599860492,1,3,5.767546775323144
2024-01-04 00:18:00,96.22967434033518,-0.1327361660816541,0.8587978169306663,22.553471295853583,24.97793381217936,2,3,8.466389782501032
2024-01-04 00:19:00,102.1787017975856,-0.4207034512509118,3.3493535043338394,32.810518649705635,91.8091206673908,3,2,9.049259433989857
2024-01-04 00:20:00,57.96794942319632,-2.933831494386598,5.486179441959985,-2.952576236300683,23.035978419189664,2,2,11.605226614700522
2024-01-04 00:21:00,49.92848044904234,2.559342690851028,3.8863573311670745,22.31785765349189,96.22127177226665,2,3,7.616623169290388
2024-01-04 00:22:00,117.3424432202138,0.6198472703336586,0.8012654501377252,20.38902765550433,73.16635424072318,1,2,11.841747804261038
2024-01-04 00:23:00,24.06775915056839,-1.7810763768601914,4.361189319247396,4.30449498532451,95.33513667535593,3,2,6.853035572479647
2024-01-04 00:24:00,25.843113942553018,2.51762051652862,4.75167295660242,24.089482703410557,35.97277493191826,1,2,7.370715391553206
2024-01-04 00:25:00,35.02406124436797,2.4895914106217782,3.774527129895052,19.96758552753809,23.25598362030461,1,1,7.740780119998128
2024-01-04 00:26:00,20.73087819373048,2.935104986196576,-1.9233400887144376,29.529405581004312,59.056798262119344,1,2,4.880520656274913
2024-01-04 00:27:00,45.52387178450239,2.244339378833873,2.5897203722864788,-0.0221644332792747,56.049873165610016,3,1,8.55357810748639
2024-01-04 00:28:00,109.30010723877044,2.9867063269203884,8.265352146410509,14.962330916680926,46.519381860390624,3,2,8.88539295791482
2024-01-04 00:29:00,73.84174087542891,-1.5318828712603645,8.029028170483652,39.90698201956778,96.6125179510958,2,2,8.795787697080799
2024-01-04 00:30:00,49.43358583347164,2.0534975111954044,6.261818874940166,26.01763816920117,85.80669857291457,3,3,9.74631989857224
2024-01-04 00:31:00,112.12929534854578,1.9381698527745872,5.457932716558375,25.793420018641985,72.92656171004747,1,3,12.56355338616913
2024-01-04 00:32:00,5.815707897098679,-1.6143578446755975,-2.700812933593237,9.304199515855435,33.028663331026216,3,3,6.512414302135946
2024-01-04 00:33:00,25.233141348223363,-2.409374705994056,1.8919699675667383,-0.775035310046766,78.74587265748198,2,1,6.408665228122358
2024-01-04 00:34:00,67.90663261221108,2.8765230820655976,-3.3357303537875884,37.72724688562093,78.16099637597792,1,1,6.032376648232915
2024-01-04 00:35:00,73.8663147831815,-1.223852690876338,7.2592667445402945,-0.2537868664132787,54.0054538892806,2,2,9.942177031641618
2024-01-04 00:36:00,4.746900787513577,2.225350742806836,-0.6343519034037328,39.67178397719491,93.98287277712107,3,1,4.53170307300214
2024-01-04 00:37:00,48.36465094885586,-2.9752370719523764,6.502987963736407,0.660143758987104,33.358230578320835,2,3,8.448688248142371
2024-01-04 00:38:00,77.89847577970473,-2.8738511566823868,7.21868337263354,2.690830683666752,41.38700499293314,2,1,8.868026895879918
2024-01-04 00:39:00,83.76846556840819,-0.2047721478217896,8.387441461173111,8.876512977251444,25.057947140050693,3,2,9.22902450860152
2024-01-04 00:40:00,76.57678830195232,-1.5677118963896186,6.307451177316452,18.05688370702922,83.636076654207,2,1,10.021532140687524
2024-01-04 00:41:00,38.46758692331095,1.1390477006157855,3.47093500761072,30.56807434498446,69.74075088763178,3,3,7.398552915477382
2024-01-04 00:42:00,11.22241483174914,0.393385953407726,3.972773720900444,38.69537358706774,45.19522445449997,1,2,6.815292425086646
2024-01-04 00:43:00,51.25349357032009,-2.5350852152970518,-0.1912658476607118,11.147119643084462,33.10509308754523,2,1,9.094992134368198
2024-01-04 00:44:00,15.450532484166658,-2.0242302221056976,-2.34505712914332,-4.081410804867833,23.21182160229923,1,2,5.7293627144288255
2024-01-04 00:45:00,113.71483902248004,-0.6717043796495146,-3.040456927643298,22.750578534811147,33.33964549007493,3,2,8.81730578387867
2024-01-04 00:46:00,57.02050392271539,-1.886375616267401,-2.2696471832484284,26.985543756194637,56.262771707012654,3,1,10.09337844193214
2024-01-04 00:47:00,38.07110092282411,1.7533340834635718,9.009278311042712,12.884989699104995,39.77415752084849,2,2,6.830286959230722
2024-01-04 00:48:00,91.956488534268,-0.5035785866803195,-2.5335011869897435,3.2564222039390494,40.71857419455733,2,1,11.931634289207212
2024-01-04 00:49:00,59.75383110987166,-2.4394087989450046,5.856061673928249,8.770701763211678,90.04610933341715,3,3,6.989811850603957
2024-01-04 00:50:00,37.20408288149401,-0.0939425863672509,-2.23057185027913,24.51098691939608,61.211013876888046,3,3,6.346342570174065
2024-01-04 00:51:00,97.4361290868962,-2.4549709136315148,9.629346553236603,17.238229139558573,78.34015785027317,1,1,9.899698119965938
2024-01-04 00:52:00,104.05825812013464,-2.2263761674810967,0.4987680321354624,28.45408128935143,22.856875922251447,1,1,11.80879260542097
2024-01-04 00:53:00,80.76097995464124,-1.5623410078307682,1.1820464354360478,4.817661003549141,49.2130684542423,2,2,8.862308910109036
2024-01-04 00:54:00,5.635730688920075,2.157166231484939,1.0676736817323071,32.889352823667224,58.33354779163535,2,1,5.088705860083607
2024-01-04 00:55:00,67.95874561998386,2.547675193997831,7.246887760903128,2.0148213188525954,34.91334841681478,2,2,8.357348987060755
2024-01-04 00:56:00,91.5953894396738,1.9575463759924148,-1.725642128868357,9.846194301059985,29.615323315643096,2,3,9.214244775366268
2024-01-04 00:57:00,16.38036145002986,-0.9955366954929166,7.46537103858444,21.60434334348496,89.6243022799874,2,1,7.255057785705135
2024-01-04 00:58:00,27.4404901661524,-1.36532135334701,4.855882816631217,28.15884362436113,95.15453016798372,2,3,4.7646573785136095
2024-01-04 00:59:00,105.89941260817638,0.2949341447414353,-1.695797483046126,6.978166204181017,26.304535843632596,2,1,8.813999699171616
2024-01-04 01:00:00,2.4146066223688845,1.3311189631986735,-4.01888681238634,37.66538809668285,47.92149700339544,2,3,4.045366157336353
2024-01-04 01:01:00,90.32725653911712,2.960236728961049,6.62488812158438,26.77500774386163,96.6628502515579,1,1,10.609514500994276
2024-01-04 01:02:00,56.85279510173075,-2.2105757287264427,-1.7155543127571988,4.79537642915105,26.652938650597196,3,1,8.981126510351496
2024-01-04 01:03:00,53.612659060752826,-2.704248005857173,8.336002445842448,27.65944910328566,71.49130983029809,3,2,9.6291733534525
2024-01-04 01:04:00,0.8515838993864611,1.166135333971626,-3.053220839528913,26.33501626230511,97.77770967736043,2,2,4.332825215672928
2024-01-04 01:05:00,98.32778771597911,1.9933547010234327,4.245468472112533,28.87078323152016,98.25789348650996,3,1,11.010156479965865
2024-01-04 01:06:00,43.17898807638797,2.078092679198539,5.382525905822668,36.21463261268961,57.69786647229946,2,2,9.072344822473754
2024-01-04 01:07:00,64.89187575606515,1.0707812944629644,4.865536218358287,27.027273342063964,33.01992862259045,1,1,9.177368905254438
2024-01-04 01:08:00,81.27608236027913,2.724094824715122,-0.2595527825561836,10.83596317978482,36.16674519819511,2,1,10.043662427296496
2024-01-04 01:09:00,84.3155491725499,0.0660285812675214,8.132852848307023,30.57328649860171,91.16811160995157,1,3,10.076902442817389
2024-01-04 01:10:00,114.71760705912868,2.4828887900172747,6.547079751231207,26.31377910110317,92.93464034637888,1,2,9.692834785853009
2024-01-04 01:11:00,63.76079438839309,2.8068728219491383,2.653095124319212,20.841663363636,68.63037150988438,1,2,8.195257525298045
2024-01-04 01:12:00,47.966346116931305,2.082944742018647,4.049395419076731,10.922480199860162,81.2941119575929,2,3,9.373502531594657
2024-01-04 01:13:00,114.44443517900496,-1.1414486204482763,3.495568404210605,36.44721293837257,79.19450011763266,1,1,11.737405631655912
2024-01-04 01:14:00,77.05322820306253,-1.8227060929782284,9.200478660181378,18.073963423860015,72.94572783912855,2,2,10.448096953645848
2024-01-04 01:15:00,35.778042753186675,0.2887203898909103,8.44619855168934,23.26465196667557,86.18215638975512,1,1,9.490626409612505
2024-01-04 01:16:00,15.175709448428538,-0.2819114977188692,-1.4675407226589492,13.691338961227352,74.83252984322569,1,2,5.511773625737838
2024-01-04 01:17:00,101.10654017582176,2.266550053156398,-1.0586033342743235,30.136688896665376,62.720184459799945,3,2,9.197511528017571
2024-01-04 01:18:00,43.461792335298185,-2.399809973597078,9.721571081986486,10.346777787419756,38.95650900705255,2,1,9.287481546672067
2024-01-04 01:19:00,79.25636656373175,-1.4535596321308883,-1.4515894707069692,31.4785476179028,79.51105152948952,3,1,8.140705689834112
2024-01-04 01:20:00,56.49797032390778,1.5107936671122513,9.302189867238928,-0.142635709778867,57.87502942706196,1,2,6.371296571542805
2024-01-04 01:21:00,23.8715735754046,-2.430080130136127,4.746305576451176,26.90328523560649,43.583334720600746,3,3,9.004940899440632
2024-01-04 01:22:00,72.20239303445581,-1.0754135158697988,-4.248358414383986,16.45969671539831,84.15570205934203,1,3,7.323762321415978
2024-01-04 01:23:00,7.281968274081878,-0.6770676356761012,0.035907991912504,26.443910331485863,75.73708802824227,3,3,6.3645123418173375
2024-01-04 01:24:00,49.60109518454307,0.7355627793761399,2.142311078693374,18.91280393710006,94.987165049976,3,3,6.043948759824051
2024-01-04 01:25:00,65.59379275964052,-2.0512041256838125,7.496393371756776,1.0437847466620882,33.23533120151022,2,3,11.064182733428934
2024-01-04 01:26:00,52.32563689422949,2.163626942098257,-0.0712188008697261,16.46461941476914,71.93514277091946,2,1,6.656522769981537
2024-01-04 01:27:00,89.8406610301189,-0.3147465872023547,-0.341325318131803,38.40515367991098,39.53915744705408,3,2,10.176950902570905
2024-01-04 01:28:00,99.35099454543747,2.502130271283339,8.80394888542996,28.96782705565548,92.28663882413132,3,3,9.37506084392126
2024-01-04 01:29:00,92.54916888398137,-0.1927805181964101,-3.8144848189823977,8.508517690965121,27.95995314052925,2,2,10.44789476489205
2024-01-04 01:30:00,4.657553737416253,-1.3497584463555998,3.272818220724931,37.48513665580805,72.49294451559018,1,1,4.4848223698802245
2024-01-04 01:31:00,23.295452453516667,-2.1490270278739505,2.5635890477215497,30.052582473509844,83.28685772224239,1,2,5.430235769243381
2024-01-04 01:32:00,64.39290111165292,-2.977529431732292,-4.139978596662345,11.40012044851714,48.393427229176574,1,1,9.740904609246662
2024-01-04 01:33:00,112.17864485325616,0.1929449099090137,-3.683611692210341,22.16082845992833,96.33104635070474,1,2,9.588491878035194
2024-01-04 01:34:00,100.19481300625402,-2.35705981843846,0.7295114946700689,14.20085218163753,88.05845476688299,3,2,9.737052686531417
2024-01-04 01:35:00,101.1041410022162,-0.6496334182129306,-2.987581709828285,-0.648932274861636,43.56946397479227,1,1,8.757796879725777
2024-01-04 01:36:00,36.38498325116099,0.5356305674225199,2.1710785667178376,31.27132328628208,20.60328741727989,3,2,8.270337316798432
2024-01-04 01:37:00,51.53374764944431,-1.3458846185837985,4.13333328110769,3.598515630738474,43.73257408944487,3,1,7.087915792917764
2024-01-04 01:38:00,56.48471367791249,-1.9486542458033085,5.370950267544652,15.611723327157026,42.504837637659406,1,2,9.542887429462212
2024-01-04 01:39:00,18.88459000198925,1.6483297356560502,3.1970509888114678,26.618715439986016,91.19716860007271,1,2,6.496005679058805
2024-01-04 01:40:00,3.728175629334758,2.6807470336897232,0.6949002383996863,36.94961599720899,97.3696942603798,1,3,2.980104851247889
2024-01-04 01:41:00,113.62834793526204,-2.397357492828204,-3.0536206009304667,-2.1773259298821794,25.63519887762083,2,2,11.950239908582642
2024-01-04 01:42:00,28.885510279620807,-2.066458053689953,-1.2877187778938373,12.69551005528169,57.70358628266534,3,3,4.3317379839344055
2024-01-04 01:43:00,28.79386844683576,2.760075943516312,1.291325155237803,22.65914761988599,63.86655988238366,1,3,7.498212824363625
2024-01-04 01:44:00,10.005486452251144,-2.773294669126522,8.861717251034507,30.06891874533754,27.432932906376266,2,1,4.879204297704268
2024-01-04 01:45:00,111.42093023325344,2.8657940193028333,-1.9609912820840745,36.44190292452256,50.1998167310018,3,1,11.015281541011296
2024-01-04 01:46:00,69.56845379277264,-2.972133101490068,1.2001634639898304,-4.97762082260946,45.36659339143605,3,2,9.443441967127958
2024-01-04 01:47:00,80.04442285504247,2.242011933907988,5.984632860610812,23.249352221444987,62.88450834616698,3,1,10.800329632372245
2024-01-04 01:48:00,109.3892264715663,-1.1560489140735029,5.5780502800284175,-4.687838366240153,72.89527197855504,1,3,9.726000068480948
2024-01-04 01:49:00,41.47442026809474,2.631533149063779,9.483888917109146,30.426487939335857,76.27880883972533,1,2,6.269820974157213
2024-01-04 01:50:00,74.5808773365701,-1.0983282681864872,-2.1364805498048844,1.7349968656467103,30.940401889071005,3,1,7.799182566389682
2024-01-04 01:51:00,4.655934567466495,0.9258379292043362,-4.752205826000572,35.25792877050366,85.0358161555697,3,1,6.375650708835988
2024-01-04 01:52:00,22.41270338773552,-2.5198045814043804,-0.1651510851919582,1.9805906085717424,74.28336238326071,2,1,3.1230225816362585
2024-01-04 01:53:00,99.7494966107931,-1.546021131277566,-2.7546108127592595,29.394804186066104,91.12599333973756,2,3,8.883795870334168
2024-01-04 01:54:00,92.01220276060027,1.6420760788755049,3.2270357857525926,8.018676751627824,55.94688475483473,3,1,10.166065907127749
2024-01-04 01:55:00,42.07712297485762,0.1721151220729182,8.481685828753504,20.07642468236143,91.51118101777531,2,2,6.766177155194349
2024-01-04 01:56:00,45.2172753329055,2.5678143707222683,5.323402494588143,22.37954057970845,89.26192978848603,3,2,6.931980262523332
2024-01-04 01:57:00,64.02653202642954,-0.4274915499518741,-2.9630171547481265,4.304229189121152,55.072746588741566,2,2,7.8512875913154625
2024-01-04 01:58:00,0.0289205622161459,2.218874194883538,-3.2586496340676883,8.441359758672462,50.49146522343829,3,3,6.369341720404035
2024-01-04 01:59:00,28.949320324563345,-0.3062673751305746,8.671747199131408,-0.1621497903263824,94.62496119762054,1,1,7.353135090347274
2024-01-04 02:00:00,24.98781703298573,2.875489672211912,2.3141432483860056,-4.761994758031306,77.213178763075,3,2,5.817740615415088
2024-01-04 02:01:00,30.057953609971616,2.7590062883932607,8.85509487983946,5.776061733222841,94.25962771504604,1,1,5.586845637740408
2024-01-04 02:02:00,96.70870110401296,-1.025179766663518,6.043265733145246,18.22010601275667,83.75798231166505,3,1,11.389193492612614
2024-01-04 02:03:00,33.56086278557318,2.31554202250082,9.900226909531014,27.11187667412416,68.74379514331315,1,2,7.003441966072922
2024-01-04 02:04:00,22.98255864601778,2.0856682452938955,8.0684161399146,30.71018312913693,29.26822216030116,2,3,7.64635826815488
2024-01-04 02:05:00,60.511615295163786,-1.735917616034623,1.213182883927077,-1.8605317668511057,43.31845380632788,1,2,8.879857031476305
2024-01-04 02:06:00,103.87740436472784,0.7457424046996182,6.373417413273858,7.258579894700112,97.50739256787132,2,2,9.398274651167467
2024-01-04 02:07:00,28.961964460499985,-2.563906106461111,2.0684225097991757,29.6600790433749,45.55376789713635,3,3,7.778528691839261
2024-01-04 02:08:00,9.424349135135843,2.0202643235007702,-1.5039156035132812,16.639099371305903,27.460389582829663,2,1,6.1211325589296495
2024-01-04 02:09:00,42.76856830195976,-1.9527246989790208,-1.3845611186546076,3.198414429694827,76.60426847354557,2,1,8.408577048621183
2024-01-04 02:10:00,89.71821894779734,-2.575111791685413,0.9598321669272032,12.649630355342104,78.72034036349474,2,3,10.982647686433182
2024-01-04 02:11:00,66.08286536337535,-0.5986854267671329,-3.3280066098173693,7.151538590498017,42.836617622972064,3,2,7.5827230069421265
2024-01-04 02:12:00,98.0152043489217,0.4615328315978608,-2.333505726670342,-2.7205922635600617,43.8137583477043,1,3,9.690251464720184
2024-01-04 02:13:00,115.15105771310807,2.1295017513586263,2.5091302558014856,29.36322155191308,57.51143884070271,2,2,12.020093646506645
2024-01-04 02:14:00,95.11949721019404,2.845455153130419,9.30883716042709,8.126214741407141,21.74311598098044,3,3,10.72721591430051
2024-01-04 02:15:00,72.4563694612504,-0.363044924580818,3.665295130258377,37.53090975698768,83.14584082889309,2,1,6.050523932803801
2024-01-04 02:16:00,59.20099056628566,-2.6373184620883787,1.1274512378203356,34.96562682007084,45.367102981930046,1,3,7.259241870690974
2024-01-04 02:17:00,4.808290361792,1.4946934741552242,-1.359495201960474,27.232486610516855,88.3010481601582,2,3,6.396916373626978
2024-01-04 02:18:00,118.11863745768495,0.3910395373436248,-2.0614804294033906,9.6985474251839,84.2104337280027,2,2,10.32271687090249
2024-01-04 02:19:00,46.017734709005104,-0.3126519309332209,4.876105440683434,7.596559870647258,72.91216264950265,2,2,8.556392144332648
2024-01-04 02:20:00,18.267385670024016,-1.144386727246862,7.724879761324882,16.38721660712806,45.989989367943096,1,2,6.3925436207168245
2024-01-04 02:21:00,80.0050626475748,0.014391167061214,0.9828388965874532,10.957112514743836,61.3053249328936,1,3,11.034678601332736
2024-01-04 02:22:00,34.11459469145512,-0.9679223732578146,3.259885695599241,35.55212458114569,55.58634060783672,3,3,6.357469688324076
2024-01-04 02:23:00,70.29339251172571,1.5420712064841613,5.600901418735585,0.5572812676555552,47.11055089989394,2,2,7.984255316571588
2024-01-04 02:24:00,70.41214894135095,0.2633621789558464,-4.125566374166363,27.601040902676917,87.85090314425426,2,1,10.275662395800028
2024-01-04 02:25:00,53.4875785083443,2.261086644924672,0.2634557115427514,22.4903557446636,58.68056596621322,2,2,6.679795171312723
2024-01-04 02:26:00,100.33423386540512,0.2612634878966524,5.946293346431634,31.28355361013655,86.61784782377171,2,3,10.64909593229667
2024-01-04 02:27:00,31.796047386653164,-1.5704255199604198,5.269285397789078,19.4119297037593,28.417477931345942,1,3,8.44292516681419
2024-01-04 02:28:00,53.8359109941281,2.106551293392867,-4.199784133758629,23.329330492696457,31.28198308802686,1,2,8.605052790889859
2024-01-04 02:29:00,64.52305543091657,0.3433142695802633,-1.4327225243989257,38.3233284384914,98.18562440903814,2,2,6.43330172624303
2024-01-04 02:30:00,79.63496649207596,-1.7589537711386325,5.199358216675019,-0.8617301285377268,67.02147700848717,2,3,9.167637878324522
2024-01-04 02:31:00,94.07662206067074,0.7410468597373328,-0.928759364661432,-0.2810453532321499,60.78157387992392,2,3,8.417083151764109
2024-01-04 02:32:00,47.37687394539073,-0.8536994103454347,7.216154409060815,12.712345812755387,61.85248505152893,2,1,7.458553219430648
2024-01-04 02:33:00,77.52563329159152,2.0664336737523943,-4.5574271120126095,16.27297570304468,37.22150192262879,3,2,11.956181537212649
2024-01-04 02:34:00,18.07331436822229,-0.2802015681207432,-2.1447945605983243,3.9942418928198182,77.49631596015784,3,2,5.849738220909929
2024-01-04 02:35:00,111.91777206509744,1.3586481486445,-0.7803052992416273,-1.2799491357709014,26.78244989838035,2,1,13.319829552593434
2024-01-04 02:36:00,45.96705677052042,-2.426782754182577,8.879347522151324,-4.002068454612815,65.86589704824186,2,3,9.843183301637346
2024-01-04 02:37:00,87.54257063717262,-0.6238539221859227,6.9447843455599845,29.40665127006274,65.66150372687211,2,3,8.945144991005318
2024-01-04 02:38:00,2.4409298258613177,2.899448618834392,8.262176297939765,16.827582714872133,93.13507393068087,3,1,7.075525006630841
2024-01-04 02:39:00,24.62245714857684,1.85076173686289,1.6071872076593117,32.95315434249261,62.09462480838883,1,2,7.897911049955389
2024-01-04 02:40:00,58.44990531882936,-2.040355185798428,7.3384313691462975,11.23767557673569,30.96501567793436,3,3,8.762759969056233
2024-01-04 02:41:00,105.39029612788158,-1.3334157031364695,7.802403577701229,26.65507585125887,65.82026073985301,3,1,9.890410319345689
2024-01-04 02:42:00,63.270617994081256,-1.0211051468618335,0.9993523581249946,16.98342350634222,27.30621154922659,2,1,6.287841175522555
2024-01-04 02:43:00,111.58445787526549,0.9021933629726742,9.91692771616379,22.543149937593565,36.303506823993736,2,1,10.981915296312758
2024-01-04 02:44:00,58.05562758993556,1.5419685569379329,7.768579438238039,11.658857850450191,22.48868673499329,1,3,8.119287512608297
2024-01-04 02:45:00,58.853891608314,1.4971596528474589,9.61145453117183,-1.3473603298696664,61.063486596759866,2,3,9.208786091928506
2024-01-04 02:46:00,14.369614620063826,0.0592443378384168,7.997456629677483,37.6318111995164,26.76260922348579,2,1,3.991440757132677
2024-01-04 02:47:00,96.31874929826638,1.864923227028907,6.64305460383412,32.62404338133764,57.55155028250633,1,1,11.939473281692363
2024-01-04 02:48:00,29.6358494960475,-0.3775315034551498,9.157658101968186,9.035129791973828,94.63560282593151,2,3,6.142457806319401
2024-01-04 02:49:00,107.9534987246778,-2.256716608226629,1.297288668768851,38.14163209947748,77.58091304154657,2,3,11.193819019416177
2024-01-04 02:50:00,109.29890643964754,0.3866510499228797,6.750001502452939,8.52199291368022,26.192933938023444,2,3,10.815986725135843
2024-01-04 02:51:00,113.19721342489795,2.71380830760664,-1.8066319112583569,14.934550909759164,37.93678497670746,3,3,14.274404147031392
2024-01-04 02:52:00,62.4276586923708,1.7579619083550675,5.991907820816154,28.98110473099947,73.89299359147473,2,3,8.15340097142437
2024-01-04 02:53:00,81.25125417403733,0.4722038861534541,6.780299245785892,8.905191174957118,91.5761488819347,3,1,10.142598656527568
2024-01-04 02:54:00,93.42190560739962,0.8808339620945818,5.747866148253847,9.60285903860789,22.633486941116303,2,3,10.341503193668425
2024-01-04 02:55:00,15.721754238055873,2.583372162213436,7.747195980357425,13.453697144770016,84.99609053764752,2,3,5.46954907959295
2024-01-04 02:56:00,72.11486339969967,-0.4299432333902371,1.2000317027440852,16.07752118211988,64.94511042706469,3,1,9.526470424749755
2024-01-04 02:57:00,4.115748156397401,-1.0116351663441758,3.171521981132372,0.5627308816042458,63.68730602371141,3,1,7.872723790188472
2024-01-04 02:58:00,59.7079300066471,2.8634493900026943,-4.839988839570935,-4.212875389127319,96.62505462026864,2,2,7.628941769918009
2024-01-04 02:59:00,18.58112179442729,2.180658801062,-2.80920255490964,36.36207367847744,79.81156900774184,1,3,6.222519059515172
2024-01-04 03:00:00,21.950751115450164,-1.0617384922883857,4.662908884417325,10.89348844103469,88.00950944448896,2,2,5.261192667404527
2024-01-04 03:01:00,43.80570800311218,-0.2173164158344631,3.4347579946756746,-0.4240129301808188,48.31964556357334,3,2,7.883441739672626
2024-01-04 03:02:00,51.89246000598036,-0.5095312259532054,-2.04001229687894,29.16271309630197,64.34912326627278,2,1,9.206863828780516
2024-01-04 03:03:00,74.78069094386247,-2.1054259279713965,-1.3480280875957766,8.277730194905086,69.23245419422166,2,1,8.432662617913767
2024-01-04 03:04:00,8.93141021262188,2.7469159428795544,0.1612330288518713,3.1748833390651168,45.72671522899721,3,2,6.266178023660521
2024-01-04 03:05:00,60.44301134849336,-0.5741254126814472,5.746220694152639,38.31749647872999,65.61984999579195,1,2,8.222219682389724
2024-01-04 03:06:00,21.91501563037213,2.251974495827448,4.145749039949514,36.42443011543493,38.932430358377104,1,2,4.9646122034318605
2024-01-04 03:07:00,68.87702100380903,-1.8638626339160096,-3.956431037370653,-0.2414363928354408,31.470053685459163,3,2,10.850511003074535
2024-01-04 03:08:00,76.48855347134202,0.2872248638233188,6.399087235185409,35.46783444196996,49.91762074218661,3,3,7.036166511138458
2024-01-04 03:09:00,66.80511078634247,-2.856231689254381,-1.0601065546695572,35.08903867014738,79.14317029971497,2,2,6.579381641270625
2024-01-04 03:10:00,88.59546125739692,1.5853229030538518,5.076395176066303,23.54685488133143,93.294971845911,3,1,9.617642238915012
2024-01-04 03:11:00,40.27310930890816,0.48548338947767,-3.1495573300767434,18.838210040058165,56.6171241198586,3,2,10.422547425112995
2024-01-04 03:12:00,91.8127909959757,0.7535375008185161,9.96881915078752,4.784733301058878,71.42589506203453,2,2,11.097187996465829
2024-01-04 03:13:00,51.93204980498324,-2.689674704672079,-3.794972439684288,0.4622923932641019,28.24297047800804,2,1,8.357411971876083
2024-01-04 03:14:00,58.10213979871162,-1.7337700187483076,6.126010426014927,22.286607293201406,92.35710068418628,2,2,8.104343325028056
2024-01-04 03:15:00,77.77225527132858,-2.5540147658785197,3.11995538879643,31.988076552530167,65.48833708559475,1,1,7.792900705118712
2024-01-04 03:16:00,2.203006079906875,-1.2665141051771294,-3.710912130737926,25.988973454414943,82.42705981001257,1,3,2.7815843368080424
2024-01-04 03:17:00,78.4793065704298,0.764634046092906,-4.597843136738668,3.136019065031018,83.5552960737115,3,3,8.50595220448175
2024-01-04 03:18:00,74.23021788865384,0.3971159059042515,0.4399857627501795,8.05083881132695,40.51844210944847,2,1,8.02196128972962
2024-01-04 03:19:00,37.18165401039359,0.6728989296803416,7.03335898010716,19.588791423528374,62.33395625454797,3,3,5.706756868064806
2024-01-04 03:20:00,10.295314187938738,0.2955076282673659,-4.382731395779112,23.124663289455803,96.8383801248782,3,3,3.1639524176354707
2024-01-04 03:21:00,10.912253989564938,-1.3618272259448438,5.565979949920813,-1.748632437168998,27.170763585666226,1,3,7.052912790309375
2024-01-04 03:22:00,110.78684963822742,-1.5329550159334486,4.83064414396358,22.632323721010557,74.64399184236507,1,1,11.046813641547171
2024-01-04 03:23:00,82.71351854710045,-2.1776418987805126,-1.0169348484084924,28.134372768863024,96.98112624281376,3,2,8.972067937364468
2024-01-04 03:24:00,15.252313652488848,2.0944252494209525,-3.8376194639766457,3.1611031873521647,44.046168644321774,2,3,5.314663630425519
2024-01-04 03:25:00,42.80678031706877,0.6988761512474668,8.72982940831093,6.079842177387812,88.91583371234785,1,2,7.392318073815298
2024-01-04 03:26:00,71.09795926819157,-1.8809339249756412,-0.4947529589491406,6.650346558042141,94.69260363266172,1,2,7.977719069954725
2024-01-04 03:27:00,100.26860461087784,-1.9367437210725629,-3.3292515231985838,37.29146136591346,79.766896751586,1,3,8.365657114656013
2024-01-04 03:28:00,5.239311445561024,2.23821360915682,5.222756175413741,13.315725435459523,38.506264984556665,3,3,6.620790237632382
2024-01-04 03:29:00,28.395975776401063,1.4563851825799157,-1.74978156812558,18.87571553730548,46.72005750612751,1,2,8.59068795605265
2024-01-04 03:30:00,106.7698788354456,0.9563944794322286,2.1344613334394484,27.59414573726609,22.864743553418457,2,3,11.465987023649648
2024-01-04 03:31:00,1.099866022057978,-0.5588153547642012,-4.243916836459504,11.71571185241362,86.51625873962841,1,1,2.724173943329636
2024-01-04 03:32:00,24.167892335266487,-1.4281466143288948,9.894759233621574,-0.2500003875040253,87.9688949208864,3,1,5.660880347282642
2024-01-04 03:33:00,115.08290111675592,2.876704578676943,1.7143169016323858,24.44448418234243,70.61682479729541,3,3,11.59901191435338
2024-01-04 03:34:00,73.60822158266053,1.7834374501368009,9.986649719643015,25.02729249581765,48.202228101108105,3,2,9.61552976213048
2024-01-04 03:35:00,31.40056399650077,-1.1893246611823411,0.7851231540109946,6.724651675054632,26.144882211193643,3,3,6.018766992943135
2024-01-04 03:36:00,8.038931327501713,2.085388777670968,0.2177883391332908,-3.414699056717519,80.24460879319275,2,1,5.543018136816456
2024-01-04 03:37:00,3.382960853666659,1.553591691688089,8.718584924006102,24.94089194104194,78.12209548879383,3,2,4.422535352361875
2024-01-04 03:38:00,29.369409556431272,-1.2175167007320098,-0.0580121923326784,26.65414986017,93.00820173911208,1,3,5.806693258487305
2024-01-04 03:39:00,105.77829835066926,-0.4406828745501618,1.4800832097440608,-3.827079834225589,78.44256168042898,2,1,10.878541530137344
2024-01-04 03:40:00,49.90963851570114,-1.88427932765384,-3.828343449287637,26.1932470805298,86.29559537952015,3,2,8.860896047777201
2024-01-04 03:41:00,86.44000429991917,-2.333685333731344,9.331935820532134,37.25178560797326,79.67636943231996,3,1,9.422802920325063
2024-01-04 03:42:00,110.19420424559492,1.3365721970381808,-3.722731387236467,3.045337735634716,70.45497506498532,2,3,12.66969449765931
2024-01-04 03:43:00,48.964855392338,-1.3949288558768005,6.567774003029863,18.45956895708756,54.15731153528074,1,3,7.417937988520405
2024-01-04 03:44:00,22.95328452448765,1.920356194477522,3.079230907167654,26.35494046187656,92.16938469138222,2,1,8.321321150270311
2024-01-04 03:45:00,62.05415170283034,2.973652269086557,-4.078922839286979,5.35357309523655,72.07748575259758,1,1,8.601526689810811
2024-01-04 03:46:00,108.97004244718254,-2.540281116422108,-4.974442579384157,28.819700124814624,51.868425757272725,1,1,11.090731179105804
2024-01-04 03:47:00,96.52492969652408,-0.1617892494977981,9.03330457790694,34.06397933371384,26.677543614556576,3,1,11.63110019522433
2024-01-04 03:48:00,7.899581203578454,1.812375355864818,6.132601063533159,31.65479323464247,43.256388472350565,2,1,5.661955665904944
2024-01-04 03:49:00,83.10873600930982,1.733705379247401,5.296543653091224,6.650451201745813,63.49813878641318,2,2,10.346706895689955
2024-01-04 03:50:00,68.62770269507445,1.5599829499858109,1.5783479589883296,31.189739837578934,42.05082960129556,3,3,10.574618604258823
2024-01-04 03:51:00,108.89558116157106,-0.906030388188534,-1.4207931993353382,13.600445998107263,37.69882783343217,3,2,11.229831611875042
2024-01-04 03:52:00,14.697770022035668,-0.2768804658896862,5.197946120958608,6.990854117001062,62.19148112702777,1,1,6.876694330079928
2024-01-04 03:53:00,64.08433358455879,0.5698101440488212,4.124516029256489,2.558716022871708,33.58562767165877,3,2,9.959954998864232
2024-01-04 03:54:00,105.53552322142708,2.843643501439544,5.895132922725047,35.904164912800915,84.03280506600828,2,3,9.99401771002343
2024-01-04 03:55:00,49.20285440900916,-1.0347163743690426,0.4868877775039308,14.210389368248247,58.74945210741264,3,1,7.888059639862317
2024-01-04 03:56:00,57.83939012794405,2.538863326301146,9.803856407697854,33.9579034097263,65.90902191701201,3,1,6.806842462747738
2024-01-04 03:57:00,8.455281320034995,-1.3838584909170353,-3.994870168572007,2.1795245018406835,31.790661407787884,3,3,6.376125569609611
2024-01-04 03:58:00,33.3772368538693,2.934446792842228,-3.8044757444567896,29.514705976890347,45.96610685034939,3,2,7.309323791993119
2024-01-04 03:59:00,38.94079790027368,1.021582120965551,8.753137713709226,-0.0493993494549638,52.80717466089223,3,3,10.532950525074131
2024-01-04 04:00:00,113.41469384938644,-0.2189311178486943,4.715596523785653,-4.209577426402577,84.65702644132024,1,3,8.929755414261036
2024-01-04 04:01:00,33.92008326493909,0.6803425683816293,-0.1049889772684338,39.77721884768858,81.6127618468922,3,2,7.366925888861709
2024-01-04 04:02:00,55.30424823235824,-1.3648129857587592,6.429291365509393,-1.6908200034354066,37.83819798301451,3,2,9.749515115023568
2024-01-04 04:03:00,80.55653082771357,-1.3549568549312003,1.7916008177955982,15.769320342827555,69.29432652856062,2,1,9.043770803761348
2024-01-04 04:04:00,19.462004688945285,-2.318672736939037,-4.683177367884018,34.52734223185589,39.476508621759805,3,1,5.315735889248581
2024-01-04 04:05:00,58.37308645702494,-2.3156982137676074,4.766555041299361,31.87207966295906,99.05977245521964,2,1,6.570874446483721
2024-01-04 04:06:00,88.62468473710891,-0.9139695511865318,-1.3533209436271565,16.202907083002366,96.16991025046966,2,3,9.65643069107042
2024-01-04 04:07:00,104.02262556324791,1.5771328673782303,-3.269973250848983,22.4881828003052,65.06117764164964,2,2,12.036597332942955
2024-01-04 04:08:00,75.1511129594912,0.647827005588975,-1.6209022625089369,23.336776824826867,75.91220575153145,2,2,10.64620140124124
2024-01-04 04:09:00,80.28642183803375,-2.384492638013876,2.142368216938728,-0.0578757645204941,84.1144305766916,1,1,11.047468831899833
2024-01-04 04:10:00,15.154016710148277,2.1134191498554653,-4.2521535307513965,7.820684245284086,77.67987360359231,1,3,4.687626305316745
2024-01-04 04:11:00,113.49317966956166,0.6082057619403987,8.247285801693215,8.544242253149346,75.98629528659367,2,3,11.750769524364138
2024-01-04 04:12:00,15.908889298137884,2.765133460708679,3.398770248540428,12.015766774060085,96.68432063596224,1,2,6.126684439184943
2024-01-04 04:13:00,92.9607524618158,1.0211128044672453,-0.6050572982687639,7.326289081568778,67.71648850458266,1,2,11.264869699695971
2024-01-04 04:14:00,31.77795861339826,-1.948950817774914,5.305072721330244,6.317430765759516,70.90421374552446,3,2,5.228291403234131
2024-01-04 04:15:00,112.0311772441502,-0.1572998261530664,7.063547454699119,10.965348072330956,87.94150003505449,1,2,8.90293695537494
2024-01-04 04:16:00,86.39514472433754,0.8909855852832251,4.2088694197522045,12.065192855643186,73.59126942867255,2,3,11.446949421190336
2024-01-04 04:17:00,90.45764555740428,-2.830411793700134,-1.9625797713421465,16.92508255413976,78.6346097614018,2,1,10.65031859382729
2024-01-04 04:18:00,26.287100767186,-2.9105384150711524,-3.345673697803345,2.8090930966730294,38.7334948957314,2,2,8.835704866581649
2024-01-04 04:19:00,53.1647971962193,-2.2235819964085923,7.8984954555008,30.47514985835364,49.70135392920567,2,2,8.47910161278537
2024-01-04 04:20:00,74.13758335071437,-1.4900133897271757,-1.4796887967238923,33.7300465166788,31.78410765695144,3,2,10.473930004244083
2024-01-04 04:21:00,92.39683418479213,-0.422705258875947,-4.698763539837534,6.167419757076178,60.46123538678444,1,3,9.713446808723411
2024-01-04 04:22:00,12.475125109486749,-0.0753571574412697,4.64353162231378,0.5485327203061781,56.458192054419705,2,1,5.631727560525361
2024-01-04 04:23:00,115.4838379745434,-2.171834346372619,-2.7067200520353065,27.50403915685504,99.77302514235654,3,3,9.216782695442898
2024-01-04 04:24:00,106.82648046654673,1.0403494746949846,9.864547296468627,36.59103052253205,68.8966922252434,2,1,9.886813409862931
2024-01-04 04:25:00,32.44183085947012,0.576828370179209,8.045962476091178,-3.418324737216769,82.91558585555387,1,3,5.073544994975002
2024-01-04 04:26:00,98.73122916387985,-1.2332154069530388,4.1266858900182655,-4.350380943455568,46.72117366061234,3,2,11.659985827866732
2024-01-04 04:27:00,62.19887076477881,-2.918040699388248,7.507984639128152,3.254145762295145,86.52362650742373,1,2,8.86478468092046
2024-01-04 04:28:00,55.41677778744224,-2.5341125078802555,2.058035511530443,25.81566183885715,69.20679731901467,3,1,8.847601508100572
2024-01-04 04:29:00,37.73209269736865,-0.6498313469349632,6.827293666936528,38.41514535239013,75.75938652787508,2,3,5.754123568556268
2024-01-04 04:30:00,69.7162303957911,-2.0761538930058965,4.698003285957267,28.76714298216968,43.55446223595635,2,1,10.497313395721552
2024-01-04 04:31:00,87.58669412443173,-0.7390823631121748,-4.570330280455161,20.786467016436767,63.891071335646174,1,3,9.609768021397668
2024-01-04 04:32:00,49.31194859553099,0.7690956270621307,9.231365013292637,26.52472267939965,70.72295787308869,1,2,6.001017873225391
2024-01-04 04:33:00,75.50630316099505,0.2834245672757012,7.913793672950305,5.381424008148514,67.12757406532648,3,1,8.356305604336145
2024-01-04 04:34:00,83.91755053863645,-1.6129447011756346,9.301110858898328,25.984837662930424,93.21549691396532,1,1,9.543536067011011
2024-01-04 04:35:00,85.3346180418343,-0.9370650524474856,5.970489018412234,9.465022906538914,91.86181315940428,1,2,8.311356589810723
2024-01-04 04:36:00,6.23593177574163,0.6841871906919037,1.1809138249243318,5.008995977470525,97.67872463014965,2,2,5.699095263512762
2024-01-04 04:37:00,103.16973668220804,2.165130168260692,-1.8952216507057669,5.645019933053575,73.39424048055915,2,2,11.473039758456489
2024-01-04 04:38:00,54.99039777180575,1.5192806324332633,-2.3000547865119647,25.050448833526588,97.75313041005477,2,2,6.200427472609331
2024-01-04 04:39:00,31.48992980354573,0.3204001610004896,-2.8262562741834256,29.525157499013133,86.59824000255271,2,2,5.980738554174716
2024-01-04 04:40:00,29.01174089756179,-0.8262420101010828,-1.6908553603772345,21.181094975134616,41.66657122719674,2,2,6.64981970074945
2024-01-04 04:41:00,57.96169354127406,-0.8096923347491671,3.25954020021093,-2.126513237334853,54.19485356410377,2,3,7.812406880423431
2024-01-04 04:42:00,106.4197847362751,2.2765038615863764,5.256175949317616,-3.28957998325421,39.07139537512079,2,3,10.190163557212497
2024-01-04 04:43:00,45.40170980191763,-2.7645385437567214,-0.2891515847559764,4.772508253517682,20.335772866445215,3,1,9.38036545019314
2024-01-04 04:44:00,89.9670896140252,2.927895866521566,3.2312045426179523,7.891091609079332,35.04390025175269,2,3,10.1231931627456
2024-01-04 04:45:00,11.618247718466232,0.9862524651093736,0.1187898918077525,13.216895177853306,20.324846902950053,2,1,7.4261107262420305
2024-01-04 04:46:00,57.12680425812741,1.0868261944343427,5.447649605109939,-1.578736518376851,77.5870769080392,2,3,9.563652790394588
2024-01-04 04:47:00,119.00233684712828,-2.7720129761715477,9.827293304803767,27.63214446740464,54.04274381769597,2,3,12.096666946345206
2024-01-04 04:48:00,92.45253633508044,0.633175649347633,5.335254525743252,27.01741714210712,45.00597816622866,2,2,10.83201022135448
2024-01-04 04:49:00,25.26341861287356,-0.091331639457318,-4.1145413474352,10.600491714593792,80.93767128761503,1,3,6.014691520247553
2024-01-04 04:50:00,60.17297684374928,-2.365326558635598,2.15852436750984,20.33511359657847,86.5989419695716,1,3,6.96329757566783
2024-01-04 04:51:00,28.034971637827987,-1.3324679353838456,6.555812389517962,-0.4587825033998118,98.0239630919904,2,3,7.8349113946386675
2024-01-04 04:52:00,49.14731127150111,2.341886737281907,3.133624093803734,13.684838926004762,71.3610867740193,2,2,7.604556095456369
2024-01-04 04:53:00,93.61008284819576,0.2999304951957176,9.265945445843473,33.59041408660251,56.92231668320414,2,2,9.958013995647242
2024-01-04 04:54:00,92.54697783484843,-0.5195005489565476,-4.178424811936832,24.72801084047189,44.42114412859488,3,3,11.514564921732267
2024-01-04 04:55:00,27.37204534828621,-2.563907064955134,-0.6326668505648296,-0.322530094675364,37.785456737138105,2,1,6.674693317035283
2024-01-04 04:56:00,110.66679817858322,1.284729164413834,-1.6892283854031709,33.14101140478096,37.0340760386081,3,3,9.922731004836722
2024-01-04 04:57:00,71.10818193177921,1.2171049403761955,6.514333026453832,25.631330323857224,52.7351499775839,3,2,11.56203275702481
2024-01-04 04:58:00,45.59091491544174,0.6842616418353815,2.8568960272601016,15.387533233866565,99.3429084230344,2,2,7.828743880098487
2024-01-04 04:59:00,60.23226969370328,0.0615758773238952,-2.924836829704913,26.144096755591622,20.06829579499226,1,1,7.638401928500619
2024-01-04 05:00:00,72.60855041252924,-0.3972935867557639,-0.7161010480785803,2.776911494364369,35.776471778480065,2,2,12.605732020227665
2024-01-04 05:01:00,67.18686382149426,0.5596265579279538,2.839889844945623,19.771891162264687,35.07143859228591,2,2,8.499651962832052
2024-01-04 05:02:00,58.368604264341386,-1.5996272896295598,9.941934718804738,22.806715160448743,77.36955884258339,1,3,8.644727124809124
2024-01-04 05:03:00,60.59193649072802,2.6475543850658863,0.464385361230577,36.74851703244013,48.19877820784495,1,1,10.952527028859931
2024-01-04 05:04:00,21.16942925134634,0.5327671750813776,-2.64760853990457,-1.989873013926144,56.58086436734565,2,2,4.606085042551921
2024-01-04 05:05:00,97.52794851656152,-1.1328453338737408,2.4559978868748704,11.865222141738196,31.8899304375924,2,2,11.247589772901424
2024-01-04 05:06:00,65.01123839292184,-0.3019208946890561,-0.347204341504014,37.15666194689201,52.39976311015582,3,3,8.098816932529033
2024-01-04 05:07:00,15.729583404564371,1.8341087332613544,3.489502357428222,4.774947480786697,28.25598495246688,1,3,9.162126170990565
2024-01-04 05:08:00,91.93885218993336,-2.030303635618216,2.000654541778389,31.594014774519856,62.643463031086654,3,3,9.025899021734206
2024-01-04 05:09:00,111.8932774052821,-1.2429862652384376,5.342348825687841,-4.92775092682269,27.83506923062848,3,3,10.793233280559788
2024-01-04 05:10:00,113.67682790843546,1.0770481364193325,8.714360633012744,-3.835216856863149,83.24067049385249,3,1,11.206056373274562
2024-01-04 05:11:00,44.28212788934073,-1.1070647611066566,-1.9922847384687348,9.743029836390274,65.32813740323917,3,3,7.48539657088666
2024-01-04 05:12:00,16.262024827290485,1.7550100911687956,7.317701055525973,29.582666987362263,77.91742990188135,1,1,4.742074463148692
2024-01-04 05:13:00,62.20795519596782,-2.217279076935835,9.23898573322803,-0.313543884420091,53.48131093221471,1,2,9.851351216065256
2024-01-04 05:14:00,13.513107521906482,1.5761170227276509,0.6041452227694322,12.228413963265307,50.519303459378186,1,2,5.844116067409288
2024-01-04 05:15:00,112.07849022151407,-2.5898897108966024,-3.2950594910495177,0.916067592827293,27.856711123909086,2,3,9.52082250032062
2024-01-04 05:16:00,22.02955528261752,-2.924444323995031,7.328667561743376,5.061710624863368,61.90844856342581,3,3,8.421306099882878
2024-01-04 05:17:00,30.331903194139688,2.389341112992973,5.516437141573583,17.6347386457869,61.16017318856736,2,3,5.226482398011688
2024-01-04 05:18:00,48.79638322619645,0.4880353015937917,-1.809316927489224,9.36124338816453,57.44816355596843,1,2,6.906144110734525
2024-01-04 05:19:00,45.979736227095096,-0.8890386174791312,1.6783538977382513,4.536069069103718,79.24146917459595,1,2,8.222065966599542
2024-01-04 05:20:00,95.35954708774668,-1.6044321782168975,3.6698830973483143,12.707364148911733,86.60035200258835,2,2,10.554099958274811
2024-01-04 05:21:00,54.75801846611548,0.7013146995648967,-2.452188700228637,26.5474733923134,80.06317399588065,3,1,7.747846926909516
2024-01-04 05:22:00,20.492191200400427,0.0540131012204292,5.723692399443397,0.3738147970444778,31.50925942454751,1,2,7.298426434466374
2024-01-04 05:23:00,32.06518745832889,2.949586653179911,5.348241120915349,16.581750041234102,69.76476074256865,3,3,9.414566281179717
2024-01-04 05:24:00,61.09360622250264,2.8992959199224746,8.306899187674428,7.362386887627281,26.425848455162672,3,1,9.476969196838374
2024-01-04 05:25:00,17.69447009113619,0.8101473968496578,3.509094466422926,12.037939309298046,75.56978299523811,1,1,3.819522675142215
2024-01-04 05:26:00,73.39868107752169,-0.3427769633646571,3.614695460434554,31.969983050868684,50.54712772489013,2,1,11.689643670307508
2024-01-04 05:27:00,67.88967678613751,-0.0531541851920271,4.290810339539522,36.83784908669928,30.59991650130293,3,2,9.31261755569491
2024-01-04 05:28:00,85.76427796587092,1.0948743974211714,-0.8932510792714012,5.934005730443188,88.96406855809022,2,2,10.834795327716346
2024-01-04 05:29:00,112.52455384552412,-2.390552734587712,6.379087769170043,23.34869305732705,69.120667123115,3,2,8.873455255014589
2024-01-04 05:30:00,109.47054733213868,-1.029887557135691,4.937488918939467,25.450477594022765,48.3779974358022,3,2,11.774658931591304
2024-01-04 05:31:00,113.52907416825975,-2.5483665539783766,7.587184381913662,32.91186995420947,22.458174372039963,1,3,12.668880173608295
2024-01-04 05:32:00,29.365871642844112,-2.559835442898483,6.528790074589059,35.45691108255385,62.98482072028884,2,1,6.800812953846999
2024-01-04 05:33:00,15.787836796722557,-1.8249645486345976,4.578583457560937,16.05963088903117,93.8580702788986,3,1,6.982981866396819
2024-01-04 05:34:00,36.27320405957382,-0.0884804724406387,-2.586617736356016,39.21590403618251,67.71038661618925,2,1,5.480838434870988
2024-01-04 05:35:00,107.41022073195776,1.708645926976736,8.78720984813245,38.68730381186784,97.73204836955944,3,1,9.48086328284646
2024-01-04 05:36:00,116.6464169548186,-0.0870246530047644,0.5081827207472251,17.7910586877311,30.91608946163668,2,1,10.69954235182055
2024-01-04 05:37:00,103.11899412845712,-0.9871403366347816,9.464478527751435,19.39144542910979,65.46440836758694,2,3,9.829765648018006
2024-01-04 05:38:00,13.202126535305233,-2.505882057979451,1.0280620300082068,25.048742779790448,83.85000384051436,1,3,4.859110030188401
2024-01-04 05:39:00,113.6913597671752,0.3017731390987777,-2.810925609752437,11.821726489890713,62.0432584900573,3,1,10.869729338259065
2024-01-04 05:40:00,50.80296328209432,-1.3723884811009397,8.27259621249502,24.791976125963995,27.28530847899781,3,1,9.345936279247148
2024-01-04 05:41:00,1.1172348914824417,0.6896050675028844,6.925881101930576,18.14284271446189,66.63088012377742,3,2,4.4245852986890775
2024-01-04 05:42:00,53.08724888978323,2.86312643479451,6.794440841697094,-3.405345540024236,68.93903246739774,3,1,9.485004775759888
2024-01-04 05:43:00,5.528300361056111,-2.332114071134699,-3.658838739033228,33.37280215045379,78.2967398780282,1,3,5.745539938843699
2024-01-04 05:44:00,65.26535053933411,-1.7272476076683605,8.189197495779506,37.32006105206538,80.89692121323792,1,2,8.622740811563588
2024-01-04 05:45:00,40.62648329244616,-0.1614327714037515,3.946009557442917,-3.8196914653851866,81.66181505684858,3,3,7.078735529195519
2024-01-04 05:46:00,56.81219203128585,2.811682892075577,2.0553360440943056,30.51678184632783,73.07555149111728,2,2,8.096091183133922
2024-01-04 05:47:00,73.58044328917404,1.6308586576199735,8.697574321197079,12.36159674234623,37.264894913492654,1,2,9.824735950748568
2024-01-04 05:48:00,104.25613149813844,2.3893751589769803,4.990620287229104,21.35343100130159,52.33886046715835,2,1,9.46723800629105
2024-01-04 05:49:00,79.42818917663143,-0.9977109091452424,-3.0045376422052112,17.49977261323221,82.0903978091519,2,3,9.020522205782086
2024-01-04 05:50:00,52.08586421738168,2.9522308426715678,2.793057640850555,19.80897928748712,96.27415867206506,2,3,8.304463049977462
2024-01-04 05:51:00,98.3313424404438,-2.383003103615056,4.549248832713442,17.2833837141138,26.31575718692976,3,1,12.1990930276375
2024-01-04 05:52:00,108.66985650877588,-2.682162563723395,8.478260465974513,33.4018917169544,62.84293422377559,1,2,13.549885801193229
2024-01-04 05:53:00,14.371195971863669,2.133615762324169,-0.8015884748764979,25.75780081128901,45.00178170594452,3,2,5.3626535353157605
2024-01-04 05:54:00,63.83195730633497,2.5635892212419176,6.913508284711229,13.56867649956224,38.03151154534638,2,3,9.087166230061252
2024-01-04 05:55:00,34.1414351690933,-2.456487854723389,6.997193557521191,25.985586151774704,60.4648546815772,3,1,4.887522053489116
2024-01-04 05:56:00,5.647343745233688,-2.319435439524951,-3.079257727644789,38.42715185877466,68.48714724452293,2,1,6.723559261115799
2024-01-04 05:57:00,80.22560341367824,-2.800955053465357,-4.741502258661906,-1.38612820759553,20.7817785135585,3,3,10.527966096828838
2024-01-04 05:58:00,103.53249329510707,-2.3729546241436554,3.721145438476848,12.464048720112572,82.41652577609528,3,2,8.191331167468977
2024-01-04 05:59:00,19.548318537287287,-1.7434810991983147,6.842183294364785,34.17043145457081,85.59057050075582,1,2,4.3006814957189
2024-01-04 06:00:00,97.48963891486808,2.8204597134600053,3.316462364909457,28.2574799865163,97.24086596543464,1,1,10.856753010960208
2024-01-04 06:01:00,102.407488024433,1.0071613334380825,7.20021227799813,37.07180002517583,34.4514986579756,2,2,8.563064795642514
2024-01-04 06:02:00,109.72085311997802,1.6713181531112529,4.334547107012712,-3.2085550569542347,67.56420498887584,2,2,11.415929164759277
2024-01-04 06:03:00,31.83421069032629,1.6568364221491327,4.799385425084505,33.82490241457542,54.13002987811156,2,2,6.047684502385875
2024-01-04 06:04:00,108.47436782278672,0.2104424986752877,-4.577683613562116,30.63094464796924,46.78622812442805,3,3,8.566130829086468
2024-01-04 06:05:00,38.47953056837187,1.7849338662781031,-3.6710269562086086,31.67675572370677,65.25067611500037,2,1,5.708605755958162
2024-01-04 06:06:00,66.28056161466034,0.5748451943398178,5.875444265738121,21.876822765046786,82.59064745788402,1,3,7.5835949216983325
2024-01-04 06:07:00,6.060896499873856,-1.1127234143798543,6.442649235644336,-2.6637334195727416,21.84422267561681,2,3,7.958937160802211
2024-01-04 06:08:00,5.265730604249232,0.3666606526104043,3.132669670964889,19.26084680278764,97.55200900529492,2,2,3.987048157905128
2024-01-04 06:09:00,86.44478552786435,0.2010515168070807,3.8524769117655175,13.348801164544014,84.79052685645686,3,1,11.966519866766918
2024-01-04 06:10:00,53.33759735733493,1.940718322555924,4.215487597676162,18.716878869333023,80.09229629164628,1,2,7.370393369446617
2024-01-04 06:11:00,30.755085044306107,2.890363304289954,-3.425130217190759,28.31331881296039,80.83099057444028,2,1,6.905078073113184
2024-01-04 06:12:00,22.849619522989222,-0.533744607474417,5.018629063763951,21.81822855302924,51.124856769492204,1,2,6.556341404798724
2024-01-04 06:13:00,80.39441890310617,1.5803440706481575,2.177049651430756,8.16533004366806,80.1296440675851,2,1,8.049155687477878
2024-01-04 06:14:00,0.0481852830407847,-2.401421975771199,4.037844650309186,21.97783043816897,50.94161668823661,1,1,6.564495648519679
2024-01-04 06:15:00,96.7069403036225,1.6609882166897316,3.4471274321578385,-1.258770061353904,91.89654636598344,2,2,9.886918553706954
2024-01-04 06:16:00,9.509952735591458,-0.771498528040607,6.445003726810583,-4.758530395220607,34.17779066451757,2,2,5.986095115480641
2024-01-04 06:17:00,22.97875378897433,-2.76365902266188,-0.2214760442602799,13.068761228164664,43.38779393721212,3,3,7.671015284459661
2024-01-04 06:18:00,46.34836743589075,-0.8205229286269367,0.6028936760117807,29.0733862490831,64.10700341592609,3,3,6.69440725925549
2024-01-04 06:19:00,58.18304876593243,0.6638565055298686,0.8740945978686945,32.018540394497734,45.5368828709818,1,1,9.47386453506866
2024-01-04 06:20:00,42.59941389767302,-2.2844989939112006,6.436841487610186,19.74276909883729,53.93897962362188,1,2,7.122763141149902
2024-01-04 06:21:00,38.48545979811527,2.544206954581528,1.466689327045528,34.060309882379734,59.39381515188757,1,2,6.558070385576328
2024-01-04 06:22:00,115.66992144878262,-2.5339655203629685,-2.3438784244991795,0.6661682753249929,88.50826790508069,1,3,10.466861955929785
2024-01-04 06:23:00,76.98956174920731,2.5800403189989973,9.74561455625543,38.38476348857833,61.85538028869543,3,2,9.325986727859496
2024-01-04 06:24:00,2.811954644086585,1.2428251076141184,2.4007279594682167,36.47921514285185,48.99678788916484,1,1,3.6137037328767874
2024-01-04 06:25:00,51.62110901331759,-1.0217269475147783,-3.361278752659054,21.965676272399925,39.818893122809264,2,1,8.038532071401086
2024-01-04 06:26:00,105.00104396927642,-0.6554979137454406,5.054124339890535,-2.357504418456365,52.694078303375775,2,1,9.51657882128783
2024-01-04 06:27:00,36.17474236928015,1.4448561883964652,6.087435362927256,15.4391288263963,61.2588883531496,2,3,7.704164746385087
2024-01-04 06:28:00,11.346761372926588,0.608826605287244,2.5033425836334318,3.0672832505118865,79.68918857625891,3,1,4.31626739984641
2024-01-04 06:29:00,91.00617259079011,1.0298575287296714,4.696858274159821,23.279137078480385,29.683902093787093,1,3,11.164059035835097
2024-01-04 06:30:00,72.72165983232975,-0.6650123009191198,-2.409877032759051,3.5484337610625385,37.72873505913207,2,3,8.668823732798018
2024-01-04 06:31:00,68.43750093918047,-0.0731191091544061,0.5188357792056832,16.680894719085934,50.37232126949385,2,1,10.28623249617153
2024-01-04 06:32:00,6.429187152888951,2.93920490422736,-2.572570949425757,4.253211708708552,48.83187240956117,3,3,5.36830054263272
2024-01-04 06:33:00,16.85988117546208,-1.7164627770016938,0.808528845472126,3.1830308648058434,51.33984700841694,3,3,6.229092711736684
2024-01-04 06:34:00,74.70592754557366,-0.4928628808672117,3.442007832803787,6.156560917391898,83.48170117122596,3,1,8.745079041852827
2024-01-04 06:35:00,24.938860975060297,-1.2490608745561962,1.6380911077287,-3.686159501780313,45.93235223697385,2,1,6.274249561288374
2024-01-04 06:36:00,60.48840956981092,1.5906690626390994,3.898222611036109,27.225171732093955,60.15185443221317,3,3,9.628501910369646
2024-01-04 06:37:00,65.38580232352722,1.5840757539943242,2.526387600528277,8.802686935753137,69.91256262863172,2,3,6.926168996973786
2024-01-04 06:38:00,34.02086283251273,-1.2453272340156247,-0.2327843989736546,26.414862427227117,38.57428401468841,1,2,7.167690754038899
2024-01-04 06:39:00,113.81101866497914,-2.5116581002021023,-2.848760028184818,24.40651982954561,77.49563097180311,2,1,9.799910978673283
2024-01-04 06:40:00,101.09569282026902,-2.931403939966776,-1.2099070786808417,-2.024930361956603,63.76890557906248,1,2,10.85618836242154
2024-01-04 06:41:00,86.68482091593582,-0.4352968005450872,-1.9893012215810015,9.041564115550033,55.74249304251025,2,3,10.285779641423527
2024-01-04 06:42:00,9.35926396912909,-0.5379744339853749,5.611334405360658,20.508723998865747,84.7827221390651,1,2,8.258484905464945
2024-01-04 06:43:00,12.735602317082332,2.930339271839178,7.299502666185713,36.32805372953237,39.47962073481456,2,3,6.081879770305646
2024-01-04 06:44:00,59.13376150379469,-0.1811875458139225,5.805829079491385,13.059386970182604,90.65407764914583,2,2,8.382881318151433
2024-01-04 06:45:00,19.28560190291828,-1.4614897825474762,4.656012204927375,17.71561953469364,64.8838988293363,2,3,7.481237732401247
2024-01-04 06:46:00,117.39185562353688,2.3473766461888044,-0.3822296927934561,28.757146157515777,68.73399035037266,2,3,10.133615855260608
2024-01-04 06:47:00,19.02242808328913,-0.0535923020785293,5.664783386597669,31.148296321691333,90.00471713351543,3,3,4.868851947426794
2024-01-04 06:48:00,58.49614025567688,0.5950538112634671,4.076251899837196,36.550322665904254,85.40661502794688,2,1,9.68481418369334
2024-01-04 06:49:00,43.69452682098065,-2.425987737430724,-4.296599499685615,17.373524680505774,68.12496550575203,2,3,8.045598516861096
2024-01-04 06:50:00,76.72637057449175,-0.7025015560213559,8.614181775901232,3.7227068275839432,80.25501630785394,3,1,9.6108827666095
2024-01-04 06:51:00,15.48436906673099,2.6653420468427207,-3.8006923834754103,29.39895534104772,54.66555921863175,3,3,4.748964990776588
2024-01-04 06:52:00,51.637971365086905,0.5370323050525525,2.5406185623825825,0.650886907241647,63.7902202799797,3,2,8.150186867462015
2024-01-04 06:53:00,32.96460393685724,-0.93298886914523,2.696037290785971,13.82540404776747,24.96561093668089,3,3,8.762521738909893
2024-01-04 06:54:00,106.53018296060256,0.7540030837895584,7.555107831375725,23.26958724334077,27.18863344000375,3,3,11.096039642765628
2024-01-04 06:55:00,4.87028545616341,2.4624665374686963,8.696012515635495,26.133528389668328,86.35403233490656,3,2,6.761259339542007
2024-01-04 06:56:00,109.64729928077512,-1.3560563971644597,9.095136872646894,27.98624727471671,24.77373245459973,3,3,14.399468178387028
2024-01-04 06:57:00,99.95929662636004,0.0307003108240464,3.5450820021846727,3.708957619318845,33.55193005060858,3,3,12.356949626551618
2024-01-04 06:58:00,35.708485972897854,2.7521439234705323,5.185633453174052,39.17421406174228,83.66661271603533,3,3,6.727609251716437
2024-01-04 06:59:00,94.71487856125256,-1.965623140209284,-3.672202063811554,3.0288359478531994,20.091676050260503,3,2,9.846195040234903
2024-01-04 07:00:00,3.745627240649707,1.3179835535802695,2.318740162660334,-0.6766967634702556,42.592346307669146,3,3,4.6365180534539245
2024-01-04 07:01:00,116.02386603520723,0.6868860492178941,8.467850563634268,24.88226808679893,66.72309262612974,1,1,10.50560948055126
2024-01-04 07:02:00,63.19139311077472,1.078050786843809,1.8354572655709165,35.94999999354637,67.63599451754374,2,1,9.127397363394255
2024-01-04 07:03:00,36.39372312785344,-0.892682215994582,-3.9560909684985406,20.17226724247132,82.17223265835788,2,1,5.364670826994193
2024-01-04 07:04:00,43.50998551136125,-1.1167237590974104,-1.9903828637531964,21.79670955316327,60.47410035937364,3,1,6.858453267333551
2024-01-04 07:05:00,7.9686424152596835,1.1052580235302225,1.4426038365324183,19.23181365704436,60.752149562477626,3,2,4.233155261615629
2024-01-04 07:06:00,118.7219416850447,-1.706740289372728,-1.4370754263642138,-3.0763312658199853,78.02484604325603,1,3,9.426395350424173
2024-01-04 07:07:00,4.715033418083094,-0.4820715308459693,0.8843887801258097,25.6590207622013,59.88995706130268,3,1,4.379953825220415
2024-01-04 07:08:00,78.58885477774308,-1.870952123682492,-0.0055718699591142,11.118960424456295,68.67928692508934,1,3,8.451478552097191
2024-01-04 07:09:00,53.128311324775,-2.950170953260021,-0.2160642077607191,37.10532078910537,91.82192546040407,2,3,7.391792573020327
2024-01-04 07:10:00,113.8699461826458,2.8203441602284167,-3.632530853647469,3.4055521396876234,52.11608060898976,2,2,10.913117880880932
2024-01-04 07:11:00,29.51996883681542,-0.4097821280614857,8.240720366298795,8.595210177232628,50.81000567353777,3,3,7.434061205168889
2024-01-04 07:12:00,63.85041887256136,2.816097686518951,5.390593801981197,17.71846369969212,20.283919349181705,1,1,8.659685394728244
2024-01-04 07:13:00,57.88274502993036,-2.1580588813930435,4.350728627036871,16.48097696285541,69.07410092169854,1,1,9.478375751278474
2024-01-04 07:14:00,84.34397328601216,0.5242006767449165,4.097041121431102,13.013713375575442,22.38175259257056,2,2,10.62228921166638
2024-01-04 07:15:00,8.161227834290461,-1.7941558032525624,0.9475333707198814,9.14813219592797,60.3318791782653,2,1,6.223155814434195
2024-01-04 07:16:00,23.25469560280258,1.7404447617796484,7.3497296327724975,1.623313146963258,84.33870312257812,1,1,4.991933422014212
2024-01-04 07:17:00,25.74777841114198,1.7022179325658513,8.95059990891908,31.941484279312256,63.99368564157305,1,2,3.8823465617404103
2024-01-04 07:18:00,88.57809058100275,-2.324357105764129,-4.915741265068383,15.194640427248302,41.57089321733408,2,2,10.210952066849709
2024-01-04 07:19:00,22.69664355920881,2.4723867172583347,-3.8120228474298887,20.78304515945763,82.89347371594971,1,1,6.065829981141591
2024-01-04 07:20:00,68.8190116669172,-1.8322221167806525,5.124634260494188,19.59487886360956,41.57736032660311,2,2,12.496304578104857
2024-01-04 07:21:00,25.829258460114445,0.6778640495361623,-1.4589991591539175,20.897002599169177,78.64254247567189,1,2,4.128589565148256
2024-01-04 07:22:00,103.3949940100774,2.9138017205262248,8.675574981548229,26.71781673301076,68.8206764152185,3,1,8.232315289074174
2024-01-04 07:23:00,113.06225453875662,2.294379208598184,5.011195976743823,23.32214477681068,33.599703739840095,2,1,13.39661183950716
2024-01-04 07:24:00,62.21915699306885,2.7393835713670143,0.5243688273806963,7.325631282935404,92.41070998753486,1,2,8.418410320435308
2024-01-04 07:25:00,42.27706610510139,-0.9444073726912832,1.2292360416914525,19.91694667146747,36.05149463657565,2,3,9.819204520755072
2024-01-04 07:26:00,28.086933002099897,-2.36654614668322,5.363237578698371,6.003080749342578,99.1669659312536,1,3,5.470308077124304
2024-01-04 07:27:00,5.973720182765252,-1.8699187602632996,-2.88553846096785,21.49764069586608,20.584839092395264,3,1,4.690751659624822
2024-01-04 07:28:00,32.22000914369944,0.0029693704596827,8.251178203699142,14.43705790910941,41.07867017143224,3,1,7.061572039557701
2024-01-04 07:29:00,78.50829359343815,1.7593780696399328,-4.928424523547333,-3.226172976653414,35.988823781935906,3,3,12.376433108886753
2024-01-04 07:30:00,64.0340317571053,-2.0990781348967484,9.684204299557992,28.029355931573527,21.11947281363701,2,2,11.500871897394356
2024-01-04 07:31:00,113.28495339371128,0.9583891935645426,-2.4853177945535867,7.359988798164773,78.58943201178525,3,3,9.254891337495636
2024-01-04 07:32:00,47.55327149900407,-1.0585343757629289,6.131670379208236,36.40874598102176,75.4740641679677,2,3,7.338372336724935
2024-01-04 07:33:00,83.26360107940734,-0.9527875656470792,-4.401129394352592,7.625075874782647,83.38807714839444,3,1,6.54078395488506
2024-01-04 07:34:00,58.71872969701457,0.9715063809475576,1.47143348564639,39.84802344108271,40.53588371716522,2,2,10.590044000055451
2024-01-04 07:35:00,61.5091459109054,-0.1980034828006784,4.454705234712062,15.83280255132053,55.54681336663759,3,3,10.705701286644286
2024-01-04 07:36:00,32.1329177524941,1.872199758155963,-3.94658813610374,-3.811670618492612,72.72908172972379,1,2,5.832858168713933
2024-01-04 07:37:00,54.59409322103996,-2.0644889420230377,1.6494029334988571,-1.5678958173569408,55.18148031105149,1,1,8.161181848006377
2024-01-04 07:38:00,56.49419964152487,1.739689618602231,-0.4529539533466629,-1.3060392921243995,75.78606162543326,2,3,6.883758322593438
2024-01-04 07:39:00,84.79710260987207,-2.614588511655475,2.473654179507892,-2.470351054694241,70.71787267523537,3,1,9.089579902920551
2024-01-04 07:40:00,112.87679990233366,-1.83567671852637,2.568648039537221,7.050522985176091,29.17182424177412,3,3,11.903929925676929
2024-01-04 07:41:00,39.51855329790051,0.9368982870189924,6.778474087634629,9.606497311749274,82.48344968615744,1,2,5.891534668368957
2024-01-04 07:42:00,5.064056229755813,2.129553939066428,-3.147432073326535,0.0078638845229797,77.65410872740146,3,1,5.177611832017127
2024-01-04 07:43:00,59.55541506007676,-1.4839222335639055,-3.7592059842880032,14.715916816062393,72.46675100939242,3,2,10.1939324432958
2024-01-04 07:44:00,65.33535985790023,-1.0368503650265224,1.028353498581862,11.44078697579145,32.407488501680184,2,3,7.505097390734243
2024-01-04 07:45:00,20.21286613582983,0.2227244897204396,8.312798790647987,23.634579811913436,41.43971590362909,1,1,7.999308096725887
2024-01-04 07:46:00,91.255752753128,-1.730563161064186,7.829042795081394,3.813905177581617,51.45416252700804,3,2,10.37007736401829
2024-01-04 07:47:00,118.191493012979,1.8669375695250332,3.399893639221135,36.12934705978031,42.39436973251547,3,2,11.595216682084391
2024-01-04 07:48:00,113.49296604101532,1.6418198700345652,8.331607284566607,18.219585046349344,38.22482325409052,2,3,11.775149047792931
2024-01-04 07:49:00,23.652724658838263,-2.1282497282053106,7.080153963230679,23.067986776726784,84.42861361294206,2,1,3.7114154994937616
2024-01-04 07:50:00,105.04358878809128,-0.2170216091002075,-0.8309080986042598,-3.2215847719809494,71.05857970881618,2,2,10.27084933551692
2024-01-04 07:51:00,84.53923636940216,1.6489665999277283,-2.4484057933125487,20.158991449030832,65.23777052402002,2,1,10.333578733603357
2024-01-04 07:52:00,54.46158765682939,-0.9760228133795112,-0.4826524853494121,11.564509203024253,38.07621686826031,3,1,9.243006287910074
2024-01-04 07:53:00,64.87331931896749,0.79864093630639,-1.5932318234177845,36.587742196689774,93.44612498149132,3,1,7.610675957255261
2024-01-04 07:54:00,101.95202099789498,-2.698721271254564,4.340781889880457,34.85394919965354,35.2946431277853,3,1,11.446410588553148
2024-01-04 07:55:00,57.61619275660478,0.6521325631759076,3.773486691619752,23.69419150097726,83.59607462597417,2,3,9.714997462431866
2024-01-04 07:56:00,44.78488429261522,-2.084082119996358,3.976560751791727,29.553310786258383,97.33381333642345,3,2,6.303175503929921
2024-01-04 07:57:00,59.1896991631183,1.983499950686708,-2.160446952628268,24.00669207021742,78.16741833793888,1,1,7.350112384662786
2024-01-04 07:58:00,69.4955764842059,-0.8673032185171294,6.877940879146582,-4.236434977665338,99.42870201477038,1,2,9.143268470468197
2024-01-04 07:59:00,22.68931845340186,-1.3106768236308255,1.5043912531394703,26.64069451029254,72.08408935823573,3,2,5.869598716974686
2024-01-04 08:00:00,108.10892763203888,2.0453338602689097,2.0867788054979943,2.969084372966262,37.3968274883116,2,2,10.7713645677747
2024-01-04 08:01:00,80.90243385955365,-2.6991358615691388,9.954427693168594,25.715692973659888,36.30555949732091,1,3,9.11326785644286
2024-01-04 08:02:00,75.99227008049867,-0.6203472039939313,-0.7659232105587774,-4.5271947096423135,45.96514274043811,3,1,8.040263649967581
2024-01-04 08:03:00,11.939547141676575,-0.779978756549812,0.9120700616156628,8.990806377658377,20.570401617680485,1,1,5.280400628645229
2024-01-04 08:04:00,72.50087258071102,-1.291197754502695,5.14694811856131,18.26175905833821,74.53587760662677,1,2,7.714812576862961
2024-01-04 08:05:00,14.51527946861908,2.470525992008862,8.20619530285362,9.992677016235024,41.4934227702262,1,2,5.452050412859067
2024-01-04 08:06:00,9.443721023447884,1.5055703611003333,-3.098284899739533,26.22942634135292,85.21465858342023,1,3,6.486149976428019
2024-01-04 08:07:00,63.2773074770872,-2.616461014848367,6.025687096407458,18.52192924377006,48.73381204474402,3,3,8.215480038080353
2024-01-04 08:08:00,48.3342640855794,1.2881246966097244,8.774207889933258,38.18503214327583,58.39651947706501,1,2,9.928095205799192
2024-01-04 08:09:00,70.65723241874679,0.1637947987727637,1.3438692014030351,11.101559057990665,97.25511332482954,3,1,8.796829705684784
2024-01-04 08:10:00,10.70666016686863,2.405207366409475,-0.6990961559972373,27.48366991978527,39.37376984378217,1,3,7.369797853480566
2024-01-04 08:11:00,51.71796754167101,-1.1223262959098492,5.166057201624058,32.612874898989666,77.70032779437916,1,1,9.385478708458733
2024-01-04 08:12:00,20.97440580541896,0.4449719976574977,-1.3088952314256277,6.412800419926391,80.40942314443338,1,3,6.885051566318915
2024-01-04 08:13:00,118.452010310894,0.0045316484459161,0.7643461982092914,28.93591641077142,37.679852601890815,3,1,11.432094521805958
2024-01-04 08:14:00,67.33802549222092,-0.0626345626343658,8.453700611347042,12.699129999234778,60.07974692897565,1,2,8.617290875435952
2024-01-04 08:15:00,82.49242331290408,-0.2633676028967242,3.854988288870661,0.7927218234960893,48.016154025037466,1,3,10.696268844358707
2024-01-04 08:16:00,39.05019368191294,-1.7662231468063123,-3.575341001002336,-4.835881515536899,81.75249947200713,2,2,4.459705421135969
2024-01-04 08:17:00,11.368669773521296,1.5342595349543569,-0.0545370283044359,28.469089868670626,69.79866552232299,1,3,6.752322899638858
2024-01-04 08:18:00,117.1045035340244,-0.2919838035642677,4.408977476760642,3.3809835495296987,58.07864438884376,2,2,13.43016501692044
2024-01-04 08:19:00,34.35108424598199,2.751097650015634,2.222464557320168,-2.696286460535352,82.34906120381746,3,3,7.949919769449156
2024-01-04 08:20:00,50.8569822208289,-1.4351494368433422,4.905089751273859,17.374408939283853,38.81244560067336,1,3,8.299023935228519
2024-01-04 08:21:00,77.983670604309,1.0964630377622466,6.421621265205108,10.601411558323727,80.28975044674873,1,3,8.134119470333781
2024-01-04 08:22:00,2.9636757223333543,2.6443024778346507,2.2092268030706217,26.131301701452237,89.22994496742595,2,1,6.866339570221619
2024-01-04 08:23:00,97.23109566207444,0.9807499380965554,9.804275294529074,-0.168606707410615,90.2897277446058,2,1,11.110634347354782
2024-01-04 08:24:00,64.38938280343443,2.2276374457043677,8.720108135108505,0.9693926333588864,82.69388744156831,1,3,10.031877444470304
2024-01-04 08:25:00,33.386062448258656,1.964885758542037,-4.101388908970155,13.184846873527048,52.6411333598615,3,2,7.330329700702839
2024-01-04 08:26:00,7.39295823509631,-0.839293707065977,-1.0035329337467251,18.418367720601356,98.54464181742615,2,2,3.3016243995166787
2024-01-04 08:27:00,19.499809856932973,0.6007436396369794,-0.4918473153532394,32.08872634247302,50.36749150579519,1,3,6.432926398835118
2024-01-04 08:28:00,107.40406306241243,-2.0624319611318667,-2.235644649949841,21.353133592072275,71.09003192819405,2,1,10.824370174836032
2024-01-04 08:29:00,82.32290687230692,0.2131552961735972,-0.3197524542427965,35.61688503156919,32.88593424555749,3,1,11.605485835357468
2024-01-04 08:30:00,29.98820659642678,-1.6174681691139767,1.3723094940319038,4.799552626226141,98.4359118909114,2,1,6.66663910631221
2024-01-04 08:31:00,7.872091793403544,1.462420889714673,-4.2267353151131335,21.82987821992729,76.31887374917306,1,1,6.235389621832833
2024-01-04 08:32:00,82.87383748639635,0.1683505313527478,-3.090496458013783,24.48572844066692,80.27020361970946,2,2,10.331630592308784
2024-01-04 08:33:00,68.68892711613182,-0.5326358242100371,-3.5563118180977438,27.66122732718943,25.262136272891567,3,3,8.067760831768032
2024-01-04 08:34:00,48.542342934988206,-1.3872174229981349,-4.305245912800241,39.4892814202898,81.07342513765374,1,3,7.802016062810087
2024-01-04 08:35:00,43.63337390280766,2.992190891047721,2.222455304524277,16.061522008544216,81.9778743376481,1,3,7.899743930758704
2024-01-04 08:36:00,26.017713111492995,-2.569736874690404,0.007046248392176,11.619381093830256,73.74181810897838,1,2,5.85393412454639
2024-01-04 08:37:00,80.35335078450211,-2.73863591656548,9.03170844474567,33.34930038192226,43.35276910322749,1,1,10.209009411038805
2024-01-04 08:38:00,116.48016333526446,-1.6964555970368127,-3.458591968373933,2.955590728839196,59.17520337287052,3,1,10.407740076600389
2024-01-04 08:39:00,21.085829500419106,2.826434751766918,8.890530036035083,-3.3337356224102264,28.83474970469732,1,2,7.342625392514117
2024-01-04 08:40:00,71.6539944018604,2.875429009919907,-3.701815739008112,14.961507408909991,57.726965316732205,3,2,9.196675326280223
2024-01-04 08:41:00,50.90220668951714,0.929566408632816,4.288260199066526,6.124263454147098,39.50590820803239,3,3,6.473573872042673
2024-01-04 08:42:00,53.60264660935979,2.280640003238428,-1.2840449393551951,12.84364305647908,47.92775891952657,2,3,9.715879918936771
2024-01-04 08:43:00,30.497673615337728,-1.7162296149552276,7.402084697408121,39.37374901508444,33.00803267229589,2,2,7.748966442814197
2024-01-04 08:44:00,99.01618507937027,2.8322525650597417,-4.077877594400452,10.68197035986636,38.40434941975176,1,2,11.88498407798561
2024-01-04 08:45:00,58.23067249766893,-2.1432908991626123,9.28762233654438,26.85845687770211,26.125491345609294,1,2,9.672406068053313
2024-01-04 08:46:00,65.2087022637917,-2.3932488709100506,-4.291141995006498,6.268090438770924,93.5921093149537,3,1,6.429814247439381
2024-01-04 08:47:00,36.57130953567909,-2.326730764516362,-1.3833009754799923,8.654032469477897,62.43285503803227,2,3,10.249303265194072
2024-01-04 08:48:00,21.81701588003397,0.4387675396353883,1.9627708910108508,5.941983705711596,51.73935770101917,1,2,7.450218663944553
2024-01-04 08:49:00,10.309246584338458,1.6858464043083146,6.340868298493231,20.747239160158795,62.80233702150271,1,2,6.006628406327323
2024-01-04 08:50:00,85.6942969109899,-0.7999969327522014,9.266690763150535,5.174886378839517,70.26345827852421,3,1,11.370084376769023
2024-01-04 08:51:00,23.548113802542677,2.86737592671676,1.4206364694156406,27.326384619779446,93.75030346954792,2,2,6.172643090636309
2024-01-04 08:52:00,82.80904250265573,-0.3934791712900232,6.359651407268091,25.61233893410937,34.295436182905064,1,3,11.252508432709307
2024-01-04 08:53:00,46.84517352563447,-2.0973086953607023,5.907438316678581,13.95713541952313,43.64419989081741,1,1,6.888718769934806
2024-01-04 08:54:00,49.89297611875818,-0.2041995108831797,3.567533429363598,-3.8490340532987535,98.06314690752916,1,2,5.345360423885333
2024-01-04 08:55:00,56.30129953113261,1.0742229925346392,5.363787641512294,-3.980699049813433,49.69543893188195,1,3,9.768612047789526
2024-01-04 08:56:00,44.12502097530518,1.993354683026272,-4.428999754007331,18.976306769901992,21.80493206058621,1,3,5.653432073325868
2024-01-04 08:57:00,12.074397266710813,-0.2473902602604427,1.6236610134627032,32.76394728505107,31.811479410972705,1,1,7.147852662396123
2024-01-04 08:58:00,37.155817200341495,0.5616409562950047,6.787910410900455,21.949315211919536,22.107096139884163,2,3,9.494877590971548
2024-01-04 08:59:00,79.64812328327261,-1.3959317270468798,2.1133171750409643,14.60427077132834,99.19385139365828,3,1,9.127576597863692
2024-01-04 09:00:00,79.89412817626452,0.875499158433084,8.102568763404227,34.69534750671216,42.30966791929784,3,3,9.65699904375265
2024-01-04 09:01:00,34.346916868799326,2.915831663702062,7.504568148470653,3.8647952062050113,93.88342055489808,3,2,8.856036320321282
2024-01-04 09:02:00,55.21231518692255,-2.705678564473237,7.951690452585485,11.174099319233664,99.67090206077728,1,1,8.419340410236815
2024-01-04 09:03:00,23.2136673614325,2.3191840242310064,-3.0500497155770083,20.4389253341776,67.98729769144913,3,3,5.646011112018132
2024-01-04 09:04:00,25.244649783580293,0.3736950166051365,-1.337883131508942,8.125126111677375,22.655705205244946,2,1,8.041807805252784
2024-01-04 09:05:00,2.765650608792889,-1.4874080426262004,-4.5560409018180446,39.89706168369916,26.52733043095416,1,3,5.884093928711382
2024-01-04 09:06:00,107.60958598892935,2.729338260055547,9.742010902945829,15.354441262086029,58.52712440863022,2,1,11.0171450266658
2024-01-04 09:07:00,25.284799808988744,-0.0998741816466064,-1.4579279087485704,-2.672499949648157,52.49376103291888,1,2,5.3653616324879
2024-01-04 09:08:00,27.3040652323756,-1.0098584899596863,0.5064000172336334,2.9237538438589725,68.49418446254141,1,1,4.408505335080625
2024-01-04 09:09:00,33.55217191741582,-1.911014230374953,-0.8761032915734575,18.961639072360768,55.10782477690911,3,1,9.349498564956471
2024-01-04 09:10:00,15.28896860345148,-1.5332867384600275,-4.40309565731874,19.75252898585242,94.72614794171876,2,2,6.016853525428788
2024-01-04 09:11:00,76.71154598176354,1.9970942495486552,-1.0811298558483728,39.286492023761255,62.77917723308089,3,3,8.864458195772357
2024-01-04 09:12:00,9.017154381310387,0.686460055902995,-3.527065006884391,21.99848882918209,75.49808491699537,1,2,5.456249051345639
2024-01-04 09:13:00,16.10429115916203,2.4794737169298964,0.9142462957687698,24.99822941616479,91.71882181139972,2,1,6.778955561209484
2024-01-04 09:14:00,77.37080719081115,-1.608189287053285,9.502361775051634,4.617524647039081,31.74975006665659,2,2,9.646493334697784
2024-01-04 09:15:00,40.75927445777313,-2.273168556906591,5.473935580957267,-0.1910803264229734,38.37877232948229,1,2,9.27981438407339
2024-01-04 09:16:00,84.95373920414269,-2.96347481414646,5.60351184711822,22.090450366663948,28.585492837921205,3,1,11.02371575350567
2024-01-04 09:17:00,66.89096936041705,0.047172225695963,1.7976389993688286,33.919598947139654,31.171071938392984,1,1,10.88441370645203
2024-01-04 09:18:00,30.722540767381567,2.9898415822919286,7.169560160341716,21.43178283055981,61.006717354738655,2,2,5.401110635154097
2024-01-04 09:19:00,78.09935405871937,1.169791612911833,8.624262503763381,14.925244818307917,45.694340717397125,2,1,7.621487523657494
2024-01-04 09:20:00,13.952841635145678,-1.1496324482091236,9.423250091257312,21.01929885947331,53.85382716214039,2,3,7.026655583484349
2024-01-04 09:21:00,64.36924596960365,2.26115149815703,-3.515146658803721,16.094721031857443,98.59918654352497,1,3,8.645902381715139
2024-01-04 09:22:00,52.45777260540416,1.6903335959277577,8.194660129697166,1.3846709206892711,32.53634782367585,2,3,8.401294397354093
2024-01-04 09:23:00,32.1448299380929,-2.907509003540764,-1.623756746362088,28.35329913638057,63.26496566384605,2,3,5.767019739991015
2024-01-04 09:24:00,72.48059972874002,1.9011628832461351,0.9590035298625086,18.98671735591026,27.90969240429208,3,2,9.54496453525829
2024-01-04 09:25:00,104.56003108083392,-1.196839456569024,0.1821579206803942,12.969529422617008,45.47970506111029,3,2,8.634445126846243
2024-01-04 09:26:00,119.8685639715692,-2.101959212498393,5.126950601301923,20.183732591890283,62.20207389396789,2,2,11.727854526860808
2024-01-04 09:27:00,72.93153224921095,-1.6420149615775526,3.9688681035068742,5.85521295040007,95.730539677227,3,1,9.84146889767964
2024-01-04 09:28:00,48.56470491950042,-0.1885211737491658,-3.3634268784794603,14.258097196169452,51.29825770267864,1,2,9.32170333691082
2024-01-04 09:29:00,27.024852025944192,-0.4507924375919341,6.74233944271775,23.010034045167767,25.192535697173582,3,2,7.264880527315009
2024-01-04 09:30:00,30.85153072741341,-1.2666762037546395,1.5946810270224423,5.1787108150254415,51.05291583682536,3,1,8.351874003292458
2024-01-04 09:31:00,57.53459737797188,-1.966690066757804,-4.966672350055299,28.704778809905427,31.659294069918214,3,1,10.8095664343313
2024-01-04 09:32:00,44.07332415368511,1.573384737853016,1.2175490029124694,18.445491033546396,38.399169063315625,3,1,10.233961137782613
2024-01-04 09:33:00,109.6577427149933,2.940658702409502,2.7449736362078667,33.77680196883321,69.44724985319922,1,3,9.561902231247853
2024-01-04 09:34:00,44.19545611868514,1.666749482518142,-3.966879721876561,33.12564599633889,25.39390929629453,3,2,6.633241904599367
2024-01-04 09:35:00,44.813350937452256,-1.2243781939707528,-2.732971108756977,17.25326696737167,57.17790050000299,2,2,9.875887925797777
2024-01-04 09:36:00,46.024141492077234,-1.5311462315271998,9.903582572362916,3.7959524784483616,68.75692688086116,3,2,7.828421046784279
2024-01-04 09:37:00,100.39442524411898,-1.6940047436043706,8.067931030337284,28.148880397454164,53.74867138939975,3,1,10.75657455126367
2024-01-04 09:38:00,78.09459850162823,-2.1798295530657823,-3.0000887098002824,13.840516105748309,21.53010804989843,2,2,11.499948488141175
2024-01-04 09:39:00,73.70026203826713,0.3079832981538075,3.704640995443846,21.75823675536237,98.84154855222924,1,3,7.889747595253304
2024-01-04 09:40:00,40.09716268606346,0.6324022317200653,0.6886494582601479,-0.1730619421727528,49.36926138724282,2,2,7.653311699226005
2024-01-04 09:41:00,98.14850121989274,1.2330159639788238,3.156106130498795,23.421279528219653,82.28617495466136,2,2,10.183050491958326
2024-01-04 09:42:00,4.603663362684136,1.0812802256020078,2.0580279035108093,11.809772002530591,46.05171937499626,2,1,8.447829441939836
2024-01-04 09:43:00,104.49566068057358,-1.2460001322997052,-4.27776612461473,10.038538737332251,58.00134055947351,2,3,10.674495339818836
2024-01-04 09:44:00,61.52998797527155,-1.0181339676189207,-0.2686953351382541,39.09620104500105,51.07709140887973,3,2,7.910863935041269
2024-01-04 09:45:00,47.790028183609536,1.089087212654027,-3.1171912695781003,14.459378924211126,47.403138360768615,3,1,7.654095203516812
2024-01-04 09:46:00,59.66007368612228,-0.9033141552982302,2.334521384361216,25.51172701520804,21.748110176622298,3,3,8.207726349526451
2024-01-04 09:47:00,80.08986366405973,-1.7242608622841218,8.609750799693149,23.247739100822848,48.80167502836028,3,3,9.524287119130571
2024-01-04 09:48:00,1.5318511821476832,-0.7539830778195626,9.93299158854316,-0.3063402101679067,91.1591992319624,1,1,4.185304047029027
2024-01-04 09:49:00,104.58622277498972,-1.367495054532134,9.16379602723707,28.656739167894223,75.23146708749469,3,1,12.099662194166562
2024-01-04 09:50:00,53.60874303736714,-2.4701236726885334,9.78545687462215,9.542164154510942,31.633828727635187,3,1,9.158706465482895
2024-01-04 09:51:00,41.15598236400938,1.980833413659921,-4.771305263294672,30.952279713853077,67.29240036981913,1,1,7.781852568025431
2024-01-04 09:52:00,16.58946787608685,2.118668334942217,5.941704676660418,22.34383521769221,91.37846879590973,2,1,4.670031019887814
2024-01-04 09:53:00,52.735844923013055,-1.6814981989987232,-0.9057678473519556,9.26911704790703,76.00272327718844,3,1,9.201602825148228
2024-01-04 09:54:00,59.55873255412546,-2.611366802848789,7.984269674037055,11.033183214898193,31.894751388535735,3,2,8.98401933576661
2024-01-04 09:55:00,48.43760333921733,1.4329646241070773,7.206002359360637,27.91783163498623,89.42659973875973,2,1,5.90692303475951
2024-01-04 09:56:00,81.43921125922765,-1.7308282448195178,1.3551186382443117,19.752669180529683,44.12352106310923,3,1,8.676374133380115
2024-01-04 09:57:00,50.50758345110712,-0.6393870633788383,2.098910126547363,25.075796830209185,56.32609154498734,2,3,9.59506009513958
2024-01-04 09:58:00,115.3701093415888,-2.6151884865757005,-1.0236249651119165,2.124324448383473,62.09142077513171,2,3,11.22536709870072
2024-01-04 09:59:00,71.91330213883103,-1.642382491449389,-0.6679394566954713,30.41395025027884,88.04052835025561,2,3,9.61360314098901
2024-01-04 10:00:00,96.89735227822908,1.7574136699778151,9.717616350407267,9.417609351176562,94.52859961181288,3,1,9.2616348795314
2024-01-04 10:01:00,13.122708373137462,1.826378681491211,8.332793330052619,22.8937570220953,94.37223022324449,2,1,6.601588352280648
2024-01-04 10:02:00,47.67495515350869,-1.7574910506737376,-2.121965418275378,0.1605921358903916,20.63633450228325,3,2,7.899903795647571
2024-01-04 10:03:00,40.421724173658326,-0.984516929359863,-0.8671298320260057,9.463910852063515,93.75107884683658,1,2,7.883731467360628
2024-01-04 10:04:00,68.33788657639101,-2.1945694854375386,-3.3702801040660995,24.19902818799888,24.350957280125787,2,2,9.586324403219756
2024-01-04 10:05:00,103.33362240737108,-2.5549642182904657,9.83306174469537,7.339275953061277,41.26189254539483,3,2,12.34114460725869
2024-01-04 10:06:00,9.4005861314408,2.9530302866904563,8.608147757958216,34.61404885374177,61.19902837822664,2,1,7.335399116575697
2024-01-04 10:07:00,8.708975765365295,0.9335637074690352,3.2814698048109605,24.75527797495392,58.39405512035152,3,3,6.021040043251069
2024-01-04 10:08:00,102.03812497891188,0.2525790551899125,5.393396559206884,34.1625276983558,68.37678351099136,3,1,10.292459740944809
2024-01-04 10:09:00,25.54201032460289,1.5929910024317977,6.219204093859815,12.792581601300434,58.35569829896046,1,1,8.010061978719387
2024-01-04 10:10:00,80.25039053397765,2.0404629581263443,-1.9428315880966256,-3.470668581889625,94.75005437123366,2,1,7.28969133446749
2024-01-04 10:11:00,65.14537588329662,1.8402886082683647,9.019995059967362,20.926298350979625,39.24390785716696,3,1,9.250457528838467
2024-01-04 10:12:00,99.94723138646754,-2.9007633042607406,2.901140705824249,10.263707622641752,41.92197552307887,1,3,12.297491938327791
2024-01-04 10:13:00,15.010669180368424,-1.879152610857009,-3.6132269374935966,15.1684769165059,93.65903485544447,3,3,4.374737034961277
2024-01-04 10:14:00,15.573955886713351,0.9294318127069864,0.9562391175050368,25.6499596265237,26.139161099620495,3,2,5.20031925255861
2024-01-04 10:15:00,66.8182032333969,-0.7454439131762225,4.024698342648504,26.529910018189227,68.7648657523848,1,1,7.532926933036048
2024-01-04 10:16:00,113.5654384030045,2.894895906366642,0.2923478720005477,-3.759961331038308,74.53887616524887,2,2,12.906883411814563
2024-01-04 10:17:00,49.79973100449051,0.9924287558295242,5.488066416277468,29.61862027778261,60.443337874379154,1,3,10.809087500555568
2024-01-04 10:18:00,39.23305203056339,2.7392934523752395,8.230749706119322,17.20835117302355,75.53855030585098,2,3,6.415326810784432
2024-01-04 10:19:00,72.8027187837463,-1.791321110125237,6.578381865731979,20.05144479960475,33.82037168095736,3,2,10.43648917089771
2024-01-04 10:20:00,111.65383206540372,2.183742168690138,4.639870301459558,8.409738333543364,88.21057862172319,3,3,11.649934234882256
2024-01-04 10:21:00,100.43133994135484,-1.071886165108648,2.6823622211749774,13.937520370026142,31.20205515759085,1,3,8.13007870669395
2024-01-04 10:22:00,119.45803328798638,2.9373888494268403,-1.1830477131813,26.966881029069928,52.064995545259976,1,1,10.993262044276053
2024-01-04 10:23:00,2.708229984285251,-2.053867967561116,1.8241924749614984,29.952121132491637,26.020608104656464,1,1,4.046721620922116
2024-01-04 10:24:00,13.542977365531469,0.0980389130299594,-0.6057063929273436,12.419778152559012,63.616886305392015,3,3,9.619410385432452
2024-01-04 10:25:00,73.13613160399464,1.757067203022732,9.010350716345872,26.10028896930985,73.57966459405114,2,3,8.350332369031236
2024-01-04 10:26:00,98.46917272006196,-0.4041451163757847,8.609667354799914,6.611957575979712,95.29773080762324,1,2,9.228960435146606
2024-01-04 10:27:00,34.229321076811985,-0.1914956388741195,-2.6626042504463063,32.44101993298818,79.14689567168007,2,2,5.9808001386472
2024-01-04 10:28:00,28.70533056410625,2.9181347730344465,7.339303317913298,22.44164075083144,63.28823331633209,1,3,9.456365427855491
2024-01-04 10:29:00,94.4370959257441,-0.4481510981930801,5.543720451336103,29.883393223010277,94.6093613736267,1,1,10.724128761983682
2024-01-04 10:30:00,6.765822462387789,0.6244326035943812,9.62817580840907,16.471968354303133,58.27494704327013,1,1,5.092511402425346
2024-01-04 10:31:00,44.325917709910215,-2.672762035949096,1.949598529002679,5.309917824187988,64.89645224790955,1,2,8.221862684462613
2024-01-04 10:32:00,60.69710671107957,2.05326048126156,5.832615571215747,14.315400099113976,67.68788221360765,3,1,8.48408128030099
2024-01-04 10:33:00,67.24184092203882,0.8890082938772608,2.7682588019256453,12.166842751524436,52.79837807092535,3,1,7.229851515497855
2024-01-04 10:34:00,87.43381881513322,-0.5758793828231186,-3.958992549614664,9.97224445480716,87.07861524526594,1,2,8.148323011549143
2024-01-04 10:35:00,42.581486811678985,-2.9029827602728817,-4.298528753948484,4.547818648366526,34.81407510760473,3,2,10.503596855257827
2024-01-04 10:36:00,73.52212136095287,0.5500129235610234,-3.168328356803213,29.16252138459128,64.38737522972863,3,1,7.902337096191721
2024-01-04 10:37:00,70.24505073491476,-2.924053029095026,-0.5571340422137467,-1.1141752405747778,77.77866049497553,3,2,7.405750110155151
2024-01-04 10:38:00,65.71393207844966,-2.9927783165458925,-1.1133034128218706,34.94024184486253,92.31809375012618,3,3,9.998848857517793
2024-01-04 10:39:00,76.85799517706546,0.6965913728961279,5.924900030588502,2.876112530398908,90.71347171474228,2,2,9.880945718640644
2024-01-04 10:40:00,31.13390052816916,-1.8658975959926745,5.738841023831864,39.09431433331936,60.69922315441136,2,3,5.558787243940224
2024-01-04 10:41:00,10.157850430155476,-1.848674701691428,9.57091869774058,39.481062163918345,71.45291609306733,3,3,4.892708999403623
2024-01-04 10:42:00,14.312600644769212,0.9196293949964622,-0.3441376183640576,12.927416855851828,51.53901889034408,2,3,7.056930200836796
2024-01-04 10:43:00,26.949885918468127,-2.6778168723637545,9.076781256708896,39.45194826845183,57.45422103041602,1,2,7.830603978701172
2024-01-04 10:44:00,60.02375226273423,-1.119566631152662,4.192759052316028,34.10808327763269,92.50126340584396,2,2,8.301391815711193
2024-01-04 10:45:00,100.85313006552242,-2.103408587147886,2.429630664851806,-1.2906375374000478,94.45631945539792,1,2,9.863994460438697
2024-01-04 10:46:00,84.1552010506061,0.4810582187792032,5.017620667198237,37.629785363287816,91.63312464536158,2,3,7.697127530430695
2024-01-04 10:47:00,94.68487250424566,0.9705909283643752,5.541331773783803,-3.08685263429326,31.06966894509106,2,2,10.412612613698602
2024-01-04 10:48:00,42.11707487113097,1.3268151215942616,-2.421064567111378,3.186143218259822,88.00672170645089,1,1,7.671707971848495
2024-01-04 10:49:00,48.55844899782602,-1.4686126984886074,6.2757325530288615,21.306799338100344,95.86909848171842,1,1,6.233911217857901
2024-01-04 10:50:00,47.241826318873535,-2.464501490180496,5.877591467004649,-1.3668269719993882,48.899975565888376,3,2,9.476431434560336
2024-01-04 10:51:00,23.02478212854018,-2.527898058348613,9.962984259231684,2.2777490645216014,61.49170315373354,2,3,9.10757296565072
2024-01-04 10:52:00,7.345998977228643,-0.4430907092956575,8.679216710087132,37.90713042005074,82.32762046503967,1,2,3.522021193043398
2024-01-04 10:53:00,70.90993113926721,2.6750664543762905,5.269903475264371,39.76095481994236,64.9662510052519,3,1,8.083822137290602
2024-01-04 10:54:00,118.70600201047031,-1.6936257945178523,5.685455696449791,30.916144380113373,99.47868173649996,1,3,10.53679617083886
2024-01-04 10:55:00,20.01956459403154,-1.459550391950704,9.18978450751878,18.184422615911625,56.45706921254627,3,2,5.387468806246664
2024-01-04 10:56:00,5.602178387912851,-2.3946671873648464,9.507674094762624,35.513542106125385,77.1154168965902,3,2,4.77073642500871
2024-01-04 10:57:00,93.54380181887196,0.6334216433635813,7.404477958226911,0.0354446897605917,83.40729121572353,1,3,9.2213371067005
2024-01-04 10:58:00,30.310320802166903,1.0792372436830495,6.510903182607413,37.4301341160254,59.52803326067516,1,3,5.756062417726625
2024-01-04 10:59:00,99.5572566423514,0.8575872489645597,-3.3295126495266336,10.81988173549445,88.55870445691006,2,1,9.012995129509203
2024-01-04 11:00:00,84.47240004414185,2.1667814582686877,7.454832872209536,33.76702260549375,63.69236729657572,2,2,10.753601326608912
2024-01-04 11:01:00,113.48082444609656,-0.0814449898435696,-1.2020648231631426,25.076803269342594,52.93206374413052,3,1,11.052563510404228
2024-01-04 11:02:00,49.07126829080064,-2.1932577553976134,3.456764440288193,38.21234368250749,28.62589390815576,1,1,7.0605557569551465
2024-01-04 11:03:00,79.4363807340761,-1.263569215773524,1.0805870565675295,33.910507650811816,51.47308610803393,2,3,8.861922996053595
2024-01-04 11:04:00,55.78257369759248,0.9745798405281104,0.1841095095586151,34.955401609790776,78.71491637866274,3,2,6.748807077693613
2024-01-04 11:05:00,75.67064367702523,0.6787318424493591,-0.3462499779940993,23.428946025401373,93.7029129344086,2,1,9.36315174923109
2024-01-04 11:06:00,53.95186872092848,0.1860187784577749,7.831406209862346,32.49213389393241,40.13435230882482,3,1,6.338601766231602
2024-01-04 11:07:00,22.63586957088898,1.0977865121321226,6.537041810077664,29.07090178426024,48.41884138644021,2,3,6.816366794408599
2024-01-04 11:08:00,60.94768992040571,0.8243451022397963,2.851731286130522,2.2730408906749258,32.31687952835409,1,2,10.346203975282418
2024-01-04 11:09:00,63.43010417249308,2.28794933678971,4.967207407966853,24.18686011089594,75.2578315383175,3,2,9.22948961637356
2024-01-04 11:10:00,97.27246179121931,0.5160982648697798,9.767919255160134,1.6678995934071388,96.81507440079402,3,1,11.196285534303833
2024-01-04 11:11:00,88.26248469522974,1.6716081522033388,0.9630270366691462,34.12552548484884,71.27617758785405,2,3,9.153945525077951
2024-01-04 11:12:00,79.65499487297329,-1.5077570642011928,3.266509090143625,-2.032259029701419,69.36612240049811,2,2,9.78915441413318
2024-01-04 11:13:00,13.606451466308704,1.0690955075344082,3.002855688617281,39.41710015869739,64.27919444003471,2,2,8.74291763759281
2024-01-04 11:14:00,86.4739548796458,2.413164710296054,9.039585627276027,13.028199976197016,27.076459254842923,1,1,10.3816897077735
2024-01-04 11:15:00,60.03661876254177,-0.6856060326010005,0.2734362641628873,2.678320916564603,78.36030611435069,2,2,10.089577340535394
2024-01-04 11:16:00,107.2919443327391,1.6746251240318797,9.79382125326618,37.10537426475504,68.16396348394807,2,2,9.600691633270412
2024-01-04 11:17:00,110.38451209566512,1.3487358071726128,-0.4295357964022264,-2.9558306196568425,72.91814150850297,1,2,9.148391543605674
2024-01-04 11:18:00,6.618790872214255,-2.642842818769065,-3.366394470139518,16.154753552904257,91.90488744219373,2,2,5.581430978202492
2024-01-04 11:19:00,98.47698724253743,0.4890498577444337,-2.1293968213691588,29.66022075660262,82.71686296488143,1,1,7.841474037737496
